"TIME","F1","F2","Y"
1,1,1,236.92999267578125
1,1,1,237.23267235844807
1,1,1,236.75255574220526
1,1,1,238.00500147944751
1,1,1,238.69894335547593
2,1,1,239.6699981689453
2,1,1,240.17267432736745
2,1,1,240.57296907187018
2,1,1,239.51867186092036
2,1,1,239.18875181984376
3,1,1,239.6699981689453
3,1,1,239.59441072232997
3,1,1,239.72368555537807
3,1,1,239.8955677427716
3,1,1,241.20751119590372
4,1,1,237.7823703122834
4,1,1,237.55221028222985
4,1,1,237.37343866032515
4,1,1,237.20388889115617
4,1,1,238.40853643667765
5,1,1,237.4600067138672
5,1,1,237.2325730987348
5,1,1,237.20298205235255
5,1,1,236.04622664525172
5,1,1,237.6429379102514
6,1,1,237.8300018310547
6,1,1,240.70730025266738
6,1,1,236.9206429406934
6,1,1,238.41242395176826
6,1,1,237.47105392401497
7,1,1,238.66000366210937
7,1,1,238.33786062097468
7,1,1,237.02738636869466
7,1,1,236.05247454398682
7,1,1,237.65745755076838
8,1,1,238.67999267578125
8,1,1,239.36074982726944
8,1,1,238.31707247736054
8,1,1,239.89215689453485
8,1,1,239.26602323736861
9,1,1,237.97999572753906
9,1,1,238.21779041868632
9,1,1,240.40757070239317
9,1,1,236.3525466156174
9,1,1,237.84211347018416
10,1,1,238.02999877929687
10,1,1,237.4772465942487
10,1,1,238.30697079874068
10,1,1,239.17886160886678
10,1,1,239.81724699959477
11,1,1,237.7100067138672
11,1,1,238.86793051475073
11,1,1,238.7933688108606
11,1,1,237.77497240099177
11,1,1,237.6117884977948
12,1,1,237.94000244140625
12,1,1,238.23510404275683
12,1,1,238.48523865007925
12,1,1,239.13048367025124
12,1,1,239.90641878298274
13,1,1,236.0399932861328
13,1,1,236.70502864288144
13,1,1,238.31331204578763
13,1,1,235.61877029537112
13,1,1,236.5368959049412
14,1,1,232.30999755859375
14,1,1,232.84890378345207
14,1,1,232.57182986215358
14,1,1,232.3614377842955
14,1,1,230.40588913388825
15,1,1,240.0500030517578
15,1,1,241.7467412512526
15,1,1,240.74758043116478
15,1,1,240.26699866775868
15,1,1,241.2064553885625
16,1,1,238.77999877929687
16,1,1,239.88070215654514
16,1,1,238.22807683384332
16,1,1,240.29738573997156
16,1,1,240.8201571349192
17,1,1,238.17999267578125
17,1,1,239.44036728412627
17,1,1,239.05291902210365
17,1,1,236.86244536029002
17,1,1,237.5423262000091
18,1,1,238.39999389648437
18,1,1,237.15021752830538
18,1,1,237.37287809157198
18,1,1,238.27646806420753
18,1,1,240.96836995911653
19,1,1,239.9199981689453
19,1,1,241.44877846986887
19,1,1,241.55314433231294
19,1,1,240.0013161615568
19,1,1,239.72876863460976
20,1,1,238.77999877929687
20,1,1,238.30858882322892
20,1,1,239.47833082562394
20,1,1,239.33586018275886
20,1,1,238.92380337070648
21,1,1,238.69000244140625
21,1,1,237.59302541890568
21,1,1,238.54565630130742
21,1,1,236.28362242367177
21,1,1,238.667743301384
22,1,1,238.97000122070312
22,1,1,238.58554825934445
22,1,1,238.38348602206162
22,1,1,240.1934620293496
22,1,1,240.2255286272242
23,1,1,238.64999389648437
23,1,1,238.44023192896935
23,1,1,239.5451527985557
23,1,1,238.7832964972524
23,1,1,237.26343455183178
24,1,1,238.8300018310547
24,1,1,239.82450878537605
24,1,1,237.96659148426326
24,1,1,237.86333100049674
24,1,1,237.88878895456438
25,1,1,238.75
25,1,1,237.98897834794585
25,1,1,239.10161061479502
25,1,1,238.0088248522201
25,1,1,238.26630171063385
26,1,1,238.5500030517578
26,1,1,239.61571632237434
26,1,1,238.64114311908966
26,1,1,239.57438147205752
26,1,1,238.24404519054397
27,1,1,237.6699981689453
27,1,1,238.15455773605655
27,1,1,236.99613289109078
27,1,1,238.54850171412284
27,1,1,237.3836335887845
28,1,1,237.3699951171875
28,1,1,238.12942327302238
28,1,1,236.80656688807628
28,1,1,237.09153066776028
28,1,1,236.9394793122162
29,1,1,234.3800048828125
29,1,1,233.77225711651553
29,1,1,232.71435226534737
29,1,1,234.38424157811002
29,1,1,234.29087004095447
30,1,1,236.02999877929687
30,1,1,236.27078249093333
30,1,1,234.47485560867614
30,1,1,235.88903162409298
30,1,1,237.500877971239
31,1,1,239.02999877929687
31,1,1,240.16922702059398
31,1,1,238.2197513869567
31,1,1,239.35744117489423
31,1,1,240.15999338271448
32,1,1,238.47999572753906
32,1,1,238.3850937955406
32,1,1,239.31335192282398
32,1,1,238.0452753625086
32,1,1,238.59869787466732
33,1,1,239.02000427246094
33,1,1,240.5267561774461
33,1,1,240.08078160088414
33,1,1,238.63830054402177
33,1,1,238.8120817950032
34,1,1,237.97000122070312
34,1,1,237.8787746639415
34,1,1,237.47717899638147
34,1,1,236.6852847946961
34,1,1,237.66062144554445
35,1,1,238.0399932861328
35,1,1,238.0022665342155
35,1,1,239.00609918695687
35,1,1,238.78529997319123
35,1,1,238.0031350987262
36,1,1,238.8699951171875
36,1,1,239.16490948732883
36,1,1,239.08672457536278
36,1,1,236.38996740547603
36,1,1,239.25162374233338
37,1,1,238.38999938964844
37,1,1,238.28867638094508
37,1,1,237.01953928416305
37,1,1,237.32040390698364
37,1,1,238.40389757757043
38,1,1,238.47000122070312
38,1,1,237.98931143022887
38,1,1,238.44858609008733
38,1,1,238.6835630068366
38,1,1,238.3112987366131
39,1,1,238.5800018310547
39,1,1,239.29919761741542
39,1,1,236.66088230602392
39,1,1,238.87174286067915
39,1,1,240.00322349928635
40,1,1,238.2899932861328
40,1,1,237.10756425562195
40,1,1,239.21721848540196
40,1,1,237.60703670936152
40,1,1,238.66158822471706
41,1,1,238.52999877929687
41,1,1,238.41419457518495
41,1,1,238.7461351641263
41,1,1,238.98238014697262
41,1,1,239.5771230031756
42,1,1,236.07000732421875
42,1,1,234.04309616739485
42,1,1,235.26099075437824
42,1,1,237.32175456550559
42,1,1,236.5261258058333
43,1,1,234.74000549316406
43,1,1,235.4166549013616
43,1,1,235.56812569535577
43,1,1,234.3382812917072
43,1,1,234.4271092754113
44,1,1,238.10000610351562
44,1,1,237.8238279239262
44,1,1,237.68642525989088
44,1,1,237.69758320935952
44,1,1,237.345330125481
45,1,1,238
45,1,1,237.71146561949135
45,1,1,237.43052356707744
45,1,1,237.9235421928387
45,1,1,238.19786793033398
46,1,1,238.50999450683594
46,1,1,238.57790137089734
46,1,1,238.46924883014552
46,1,1,238.5339872641849
46,1,1,238.39988006240068
47,1,1,238.47000122070312
47,1,1,237.40746939499607
47,1,1,237.88015413004783
47,1,1,238.6231903460614
47,1,1,238.81309464149408
48,1,1,238.7100067138672
48,1,1,239.3859759257642
48,1,1,240.5390005089699
48,1,1,239.9088836794379
48,1,1,238.66236703144784
49,1,1,237.6199951171875
49,1,1,236.86941821458737
49,1,1,238.1140597028239
49,1,1,237.2789912735347
49,1,1,236.44521714815306
50,1,1,238.3000030517578
50,1,1,237.83980837672985
50,1,1,238.3248327954255
50,1,1,239.3305761329063
50,1,1,239.67395632835073
51,1,1,238.3300018310547
51,1,1,239.2067288118227
51,1,1,238.4010124086661
51,1,1,237.5549948064579
51,1,1,238.17187475582145
52,1,1,237.88999938964844
52,1,1,238.1056961105796
52,1,1,238.16037185767328
52,1,1,235.19322410675963
52,1,1,234.91879465210033
53,1,1,236.3699951171875
53,1,1,237.85377812484643
53,1,1,236.89985644929533
53,1,1,235.53390334516504
53,1,1,236.97729378713552
54,1,1,238.92999267578125
54,1,1,238.8687029455989
54,1,1,240.41360676457234
54,1,1,239.0130533003205
54,1,1,238.63247134628102
55,1,1,237.69000244140625
55,1,1,238.56571700309627
55,1,1,238.1390897204766
55,1,1,236.9218280938088
55,1,1,237.69271772384067
56,1,1,238.83999633789063
56,1,1,240.0202654850215
56,1,1,238.8904117820755
56,1,1,239.27621824708834
56,1,1,239.91794599162913
57,1,1,237.77000427246094
57,1,1,236.23999745310002
57,1,1,239.33821790730772
57,1,1,238.39801620910524
57,1,1,239.33489840256973
58,1,1,238.75
58,1,1,238.09320864803394
58,1,1,239.30885201036946
58,1,1,240.23622839047323
58,1,1,239.13322390489623
59,1,1,237.83999633789062
59,1,1,237.31936018630313
59,1,1,238.56114668598195
59,1,1,237.2349747818287
59,1,1,237.28069862661454
60,1,1,238.25
60,1,1,237.88742208246444
60,1,1,238.29821969997025
60,1,1,237.0605661417157
60,1,1,237.4729743766124
61,1,1,238.25999450683594
61,1,1,238.61764786956184
61,1,1,239.49181903520883
61,1,1,238.23158884829627
61,1,1,237.15416967218152
62,1,1,237.52000427246094
62,1,1,237.05146396278565
62,1,1,238.77652387946608
62,1,1,238.701594027913
62,1,1,239.14478883298142
63,1,1,237.77999877929687
63,1,1,236.4743247002933
63,1,1,237.3069670564472
63,1,1,237.3066437398451
63,1,1,239.71602784382083
64,1,1,238.25999450683594
64,1,1,238.5947574144234
64,1,1,237.3049763458519
64,1,1,239.23695906725305
64,1,1,237.08207167551345
65,1,1,237.75999450683594
65,1,1,236.96011168851163
65,1,1,237.3818598058948
65,1,1,237.82265075747574
65,1,1,238.83755080906178
66,1,1,237.4600067138672
66,1,1,237.8063083758612
66,1,1,237.7101411759341
66,1,1,238.50068582087258
66,1,1,235.23911999795243
67,1,1,237.8800048828125
67,1,1,238.8625091597693
67,1,1,238.66494963659466
67,1,1,237.9968830287298
67,1,1,237.4961445750327
68,1,1,238.4199981689453
68,1,1,238.04965558823136
68,1,1,236.94655203087063
68,1,1,237.78234589123366
68,1,1,237.98590739669388
69,1,1,237.57000732421875
69,1,1,237.51128970176964
69,1,1,238.708379126815
69,1,1,237.21684375103084
69,1,1,239.56491053938117
70,1,1,239.50999450683594
70,1,1,240.13930045496318
70,1,1,238.98417957654095
70,1,1,239.96090799970509
70,1,1,238.8145320895843
71,1,1,239.16000366210937
71,1,1,240.87536030328698
71,1,1,239.68988505695842
71,1,1,239.42470152136758
71,1,1,240.91347885120427
72,1,1,239.80999755859375
72,1,1,240.8434689867448
72,1,1,239.9105858764426
72,1,1,239.6078299805027
72,1,1,239.33559342352171
73,1,1,238.97000122070312
73,1,1,238.2432938197255
73,1,1,238.54717881921465
73,1,1,238.25465878241837
73,1,1,238.78248678772775
74,1,1,238.8699951171875
74,1,1,238.7868249977486
74,1,1,237.6857444196297
74,1,1,238.22537510565152
74,1,1,240.2357517030033
75,1,1,239.3800048828125
75,1,1,240.8047605676737
75,1,1,240.62042151418237
75,1,1,239.11127000314582
75,1,1,239.66279788709494
76,1,1,238.6699981689453
76,1,1,237.19399082407338
76,1,1,238.857985437712
76,1,1,238.45343698571543
76,1,1,239.92806055486125
77,1,1,239.49000549316406
77,1,1,239.45665953211903
77,1,1,240.5950113604922
77,1,1,241.32874089725084
77,1,1,238.95255074113865
78,1,1,239.63999938964844
78,1,1,241.3392661965134
78,1,1,239.66202253627003
78,1,1,239.59285986887005
78,1,1,239.99083965050485
79,1,1,237.64999389648437
79,1,1,237.7588705780744
79,1,1,238.09087200601346
79,1,1,236.8217379265222
79,1,1,237.14870483574015
80,1,1,239.66000366210937
80,1,1,239.21352503391313
80,1,1,240.0832700058259
80,1,1,240.31637020308608
80,1,1,239.3195347763908
81,1,1,238.7100067138672
81,1,1,237.08264387116438
81,1,1,237.80826866636087
81,1,1,239.89953458761735
81,1,1,238.87643366741148
82,1,1,239.05999755859375
82,1,1,238.01197752923417
82,1,1,239.46051461773322
82,1,1,240.06246613444918
82,1,1,239.22298649824864
83,1,1,239.6300048828125
83,1,1,239.314917490516
83,1,1,241.23076203757185
83,1,1,240.52776380439582
83,1,1,239.90111387562808
84,1,1,238.8699951171875
84,1,1,238.2070944541982
84,1,1,238.89448083079708
84,1,1,239.612706219647
84,1,1,239.51993232121217
85,1,1,238.24000549316406
85,1,1,239.1640049619575
85,1,1,239.6045569621305
85,1,1,237.81777669665382
85,1,1,238.11935490577716
86,1,1,237.92999267578125
86,1,1,238.83731971927443
86,1,1,238.39392656930175
86,1,1,238.92844155572257
86,1,1,238.5323594760274
87,1,1,238.32000732421875
87,1,1,237.16558107768697
87,1,1,238.8402305554362
87,1,1,238.22109291546138
87,1,1,239.92577264140067
88,1,1,234.74000549316406
88,1,1,235.49058316282702
88,1,1,234.456527055554
88,1,1,234.0859916401079
88,1,1,235.4069855828807
89,1,1,237.67999267578125
89,1,1,238.1770938078923
89,1,1,239.0557327533242
89,1,1,237.85975294818167
89,1,1,237.52690128785335
90,1,1,239.0399932861328
90,1,1,239.63711666089898
90,1,1,240.11105535616852
90,1,1,238.44028236696616
90,1,1,239.34848694890934
91,1,1,237.69000244140625
91,1,1,238.30323617348301
91,1,1,238.66265784475814
91,1,1,236.18793424511827
91,1,1,238.17539162403318
92,1,1,238.25999450683594
92,1,1,239.54486708050473
92,1,1,239.5637609114735
92,1,1,239.63073051173595
92,1,1,238.93773612559053
93,1,1,238.27999877929687
93,1,1,238.77918952888928
93,1,1,239.71315292396596
93,1,1,238.7101998022058
93,1,1,238.06452620263914
94,1,1,238.5
94,1,1,238.65563631998683
94,1,1,238.7407685642822
94,1,1,237.32570455942255
94,1,1,239.41993417984693
95,1,1,237.75
95,1,1,236.45983222549586
95,1,1,237.90478774058948
95,1,1,236.2434889888547
95,1,1,236.35461926935426
96,1,1,237.85000610351562
96,1,1,237.65342979901953
96,1,1,236.41447520387877
96,1,1,238.76620376480102
96,1,1,239.07873231446203
97,1,1,238.2100067138672
97,1,1,238.143541366464
97,1,1,238.97825442890368
97,1,1,239.2340507210159
97,1,1,236.9276254674459
98,1,1,238.30999755859375
98,1,1,236.48992201455388
98,1,1,238.98523654328372
98,1,1,237.90087860455372
98,1,1,237.36165708639882
99,1,1,235.3699951171875
99,1,1,236.75976066614163
99,1,1,234.76337309980462
99,1,1,234.86328458557782
99,1,1,235.57786433208258
100,1,1,235.11000061035156
100,1,1,233.89842300898343
100,1,1,236.27141911204814
100,1,1,235.16564914742486
100,1,1,234.63585875838953
1,1,2,237.38999938964844
1,1,2,237.51861217167627
1,1,2,237.47943813292983
1,1,2,237.30881590920274
1,1,2,235.29653745471595
2,1,2,236.38999938964844
2,1,2,237.61292629122207
2,1,2,235.68814384445008
2,1,2,236.4467374798413
2,1,2,236.97525329768436
3,1,2,237.25999450683594
3,1,2,236.4143032380479
3,1,2,237.64613197695488
3,1,2,236.76975880018244
3,1,2,238.73062229210416
4,1,2,239.27000427246094
4,1,2,237.25918659651796
4,1,2,239.87010264586553
4,1,2,238.5414337140947
4,1,2,239.80462773885782
5,1,2,239.0800018310547
5,1,2,242.4851901078135
5,1,2,238.61349447124886
5,1,2,239.380141934721
5,1,2,237.46405967662898
6,1,2,239.61000061035156
6,1,2,240.06791614707862
6,1,2,239.5994867326621
6,1,2,239.43781982964646
6,1,2,238.3327939017711
7,1,2,238
7,1,2,235.13279268682422
7,1,2,237.5585898695797
7,1,2,237.1618764872493
7,1,2,236.80609003191412
8,1,2,238.52000427246094
8,1,2,238.72248792333747
8,1,2,237.59292991375997
8,1,2,239.86624420331484
8,1,2,238.4101414967107
9,1,2,238.8699951171875
9,1,2,239.69669392196218
9,1,2,238.602679706219
9,1,2,239.6859148492415
9,1,2,237.90426471934666
10,1,2,239.32000732421875
10,1,2,240.96000201066593
10,1,2,238.65978163608636
10,1,2,238.62076762688406
10,1,2,239.86046898226388
11,1,2,238.9600067138672
11,1,2,240.3130115216777
11,1,2,238.31534453244734
11,1,2,238.43639330346295
11,1,2,237.3877570663595
12,1,2,239.1699981689453
12,1,2,239.29782426967412
12,1,2,238.2988047276619
12,1,2,238.63282869117958
12,1,2,239.77520820469178
13,1,2,239.0800018310547
13,1,2,240.24920842000122
13,1,2,239.51787181808743
13,1,2,237.0615642095886
13,1,2,239.6427383699855
14,1,2,232.32000732421875
14,1,2,232.5644606753434
14,1,2,231.66732672853783
14,1,2,231.8568909176388
14,1,2,233.67682758686541
15,1,2,236.89999389648437
15,1,2,237.83329571368643
15,1,2,238.3228929226178
15,1,2,235.61766357674276
15,1,2,238.70151178140992
16,1,2,238.55999755859375
16,1,2,239.45211172268827
16,1,2,239.62886551954313
16,1,2,237.6593296507772
16,1,2,237.9933022018924
17,1,2,239.22000122070312
17,1,2,240.54857094932473
17,1,2,238.282975841665
17,1,2,239.07340147746098
17,1,2,238.98806662362352
18,1,2,237.94000244140625
18,1,2,239.20420605971174
18,1,2,238.43028316719645
18,1,2,239.57092418240904
18,1,2,238.65803900673183
19,1,2,238.02000427246094
19,1,2,237.51765920340114
19,1,2,238.33354428781774
19,1,2,237.47340013492155
19,1,2,237.55173692048245
20,1,2,238.0800018310547
20,1,2,237.86219398664332
20,1,2,237.58469201644007
20,1,2,238.34139329952973
20,1,2,238.7227320021763
21,1,2,237.86000061035156
21,1,2,237.73911935737547
21,1,2,238.36049662764052
21,1,2,237.60441024636933
21,1,2,237.7036281538578
22,1,2,237.9600067138672
22,1,2,237.95779449778428
22,1,2,239.46624574839302
22,1,2,239.20713194167928
22,1,2,238.4733907169325
23,1,2,237.9199981689453
23,1,2,237.4442851743754
23,1,2,236.56434080891225
23,1,2,236.37090022518612
23,1,2,239.13539480250168
24,1,2,238.16000366210937
24,1,2,238.70502607276288
24,1,2,237.62713257163256
24,1,2,237.42488882274955
24,1,2,239.28324188275573
25,1,2,238.67999267578125
25,1,2,238.90201212614858
25,1,2,239.9461969964365
25,1,2,238.1173625049623
25,1,2,238.41737565232972
26,1,2,239.27999877929687
26,1,2,237.86722559278945
26,1,2,238.23490226903155
26,1,2,240.34179579484743
26,1,2,237.9183750504952
27,1,2,238.91000366210937
27,1,2,239.01220111232115
27,1,2,241.1974064590791
27,1,2,238.16793818856672
27,1,2,238.89749959304368
28,1,2,239.25999450683594
28,1,2,238.46169578700852
28,1,2,238.33557366140857
28,1,2,238.52519233855872
28,1,2,238.38899805128204
29,1,2,239.10000610351562
29,1,2,238.14850189766676
29,1,2,239.6342824361813
29,1,2,237.6535327901303
29,1,2,239.1448895751434
30,1,2,239.61000061035156
30,1,2,240.17935959477342
30,1,2,239.6438551682549
30,1,2,238.81667281747954
30,1,2,239.03596622904627
31,1,2,238.60000610351562
31,1,2,239.46501119362858
31,1,2,238.5868669685434
31,1,2,238.46129801690856
31,1,2,235.8828417333767
32,1,2,238.27999877929687
32,1,2,238.40009973552927
32,1,2,239.2851635777713
32,1,2,235.99631763214396
32,1,2,238.74039429506163
33,1,2,239.3699951171875
33,1,2,241.2000935517135
33,1,2,238.5892283824886
33,1,2,238.24098747249337
33,1,2,239.25318407824528
34,1,2,239.08999633789063
34,1,2,239.02656685551435
34,1,2,239.28180853127853
34,1,2,239.2928446659085
34,1,2,238.85214822778994
35,1,2,238.63999938964844
35,1,2,238.23448552261763
35,1,2,239.8722374063092
35,1,2,239.02005138743496
35,1,2,238.8486818029057
36,1,2,238.5399932861328
36,1,2,238.21715928673808
36,1,2,239.84987705571004
36,1,2,237.86734315448638
36,1,2,237.96384213931196
37,1,2,238.99000549316406
37,1,2,238.00935737746687
37,1,2,238.16090173763524
37,1,2,238.57376291760278
37,1,2,238.60205813762724
38,1,2,238.63999938964844
38,1,2,238.67892892535397
38,1,2,239.14728740656665
38,1,2,237.56049074053288
38,1,2,238.88619150176717
39,1,2,238.80999755859375
39,1,2,238.74504949299578
39,1,2,237.48873682042503
39,1,2,238.890566642477
39,1,2,238.59029493798263
40,1,2,239.11000061035156
40,1,2,238.37213344062076
40,1,2,239.20246797023051
40,1,2,238.5071020649835
40,1,2,239.0173593326695
41,1,2,239.4499969482422
41,1,2,238.8259421235149
41,1,2,240.17303250167936
41,1,2,240.05993842732414
41,1,2,238.83078604199116
42,1,2,239.1300048828125
42,1,2,241.54244013743738
42,1,2,240.0102550178643
42,1,2,238.98550154502365
42,1,2,238.17735735394578
43,1,2,239.55999755859375
43,1,2,238.6071663098543
43,1,2,240.1095930603831
43,1,2,240.07405288282203
43,1,2,239.48936812450697
44,1,2,239.02999877929687
44,1,2,239.5168691725842
44,1,2,238.58056250669026
44,1,2,237.90569723801804
44,1,2,237.16185705496326
45,1,2,238.99000549316406
45,1,2,238.2400933370324
45,1,2,239.61590402283798
45,1,2,238.05674365546975
45,1,2,239.78781625012058
46,1,2,239.08999633789063
46,1,2,238.4384310840132
46,1,2,240.03647519588378
46,1,2,239.18827577682885
46,1,2,237.93952748977878
47,1,2,238.42999267578125
47,1,2,238.86475625216798
47,1,2,238.02914966260232
47,1,2,238.91444304927927
47,1,2,237.77534635467958
48,1,2,238.72000122070312
48,1,2,238.94935845017787
48,1,2,238.80240682567484
48,1,2,237.156039561385
48,1,2,237.24657945136292
49,1,2,239.6300048828125
49,1,2,239.88766438047296
49,1,2,240.04086900944264
49,1,2,238.0727785556472
49,1,2,240.54391078432985
50,1,2,238.4499969482422
50,1,2,238.44118420846954
50,1,2,238.25570349941626
50,1,2,237.86737381903077
50,1,2,239.49958000220997
51,1,2,239.10000610351562
51,1,2,239.9868030420636
51,1,2,238.92871973275612
51,1,2,238.84603914891565
51,1,2,238.53068022454391
52,1,2,239.86000061035156
52,1,2,241.57008176917336
52,1,2,238.44051610311868
52,1,2,239.15515567497528
52,1,2,240.69765304533698
53,1,2,239.92999267578125
53,1,2,240.750628538233
53,1,2,240.01565887665834
53,1,2,240.12198553732887
53,1,2,240.20961957589384
54,1,2,238.80999755859375
54,1,2,236.74182891939864
54,1,2,237.72899415989227
54,1,2,240.61187151981255
54,1,2,238.38339999787792
55,1,2,239.02999877929687
55,1,2,240.83868399897156
55,1,2,238.0376700811807
55,1,2,238.26622569703989
55,1,2,238.77902814714335
56,1,2,238.88999938964844
56,1,2,237.98533171046867
56,1,2,240.62791324377037
56,1,2,240.51322716225314
56,1,2,239.95279100145495
57,1,2,239.19000244140625
57,1,2,239.41298393419095
57,1,2,239.6428946744485
57,1,2,240.1285750646048
57,1,2,238.74119476124258
58,1,2,238.8800048828125
58,1,2,238.39588224162765
58,1,2,236.2552277105225
58,1,2,239.46481075136774
58,1,2,238.22255427170717
59,1,2,239.86000061035156
59,1,2,240.60936403921696
59,1,2,240.38454477224593
59,1,2,240.3690347428968
59,1,2,240.6306394155086
60,1,2,238.6300048828125
60,1,2,239.46870232633415
60,1,2,238.02816312522563
60,1,2,239.39146904169223
60,1,2,235.87024884935371
61,1,2,239.42999267578125
61,1,2,240.6264824317873
61,1,2,239.16299286000284
61,1,2,237.20284308365376
61,1,2,240.17713060793287
62,1,2,239.10000610351562
62,1,2,240.04468472408422
62,1,2,239.56738945898726
62,1,2,240.7295197780996
62,1,2,239.16774320840256
63,1,2,239.0399932861328
63,1,2,239.72010892309356
63,1,2,239.38203796065525
63,1,2,240.02699398701822
63,1,2,238.56445314606609
64,1,2,240.00999450683594
64,1,2,239.0214783759011
64,1,2,239.56721814214887
64,1,2,239.06322019792867
64,1,2,240.2029328256356
65,1,2,239.52999877929687
65,1,2,239.33316958483496
65,1,2,239.7660026529411
65,1,2,239.61869506563195
65,1,2,238.9011555151343
66,1,2,238.9199981689453
66,1,2,240.20710602739504
66,1,2,241.21301576656424
66,1,2,239.4645002429604
66,1,2,239.0831470149822
67,1,2,238.47999572753906
67,1,2,237.69187771220584
67,1,2,236.24720060244908
67,1,2,237.97075989448714
67,1,2,237.88151297689745
68,1,2,239.32000732421875
68,1,2,238.1609751056148
68,1,2,238.60879541442847
68,1,2,238.70543579839003
68,1,2,238.8671145452615
69,1,2,237.7823703122834
69,1,2,237.70753367874596
69,1,2,238.26894568718146
69,1,2,238.85827805564875
69,1,2,237.4316826911787
70,1,2,238.47000122070312
70,1,2,238.87850447183135
70,1,2,238.12538343150104
70,1,2,237.2696148838812
70,1,2,238.6515337462528
71,1,2,237.5500030517578
71,1,2,236.5159609871192
71,1,2,239.32539096615528
71,1,2,237.55396264788828
71,1,2,237.95285794539575
72,1,2,237.92999267578125
72,1,2,239.5357193804693
72,1,2,239.33787730042047
72,1,2,237.10536386972328
72,1,2,237.0597323965971
73,1,2,238.25
73,1,2,237.26948341002267
73,1,2,237.37711917073833
73,1,2,238.98725529402074
73,1,2,237.6717939098153
74,1,2,238.2899932861328
74,1,2,238.16409421823136
74,1,2,237.69429600413014
74,1,2,238.363456945034
74,1,2,238.75731842117924
75,1,2,238.3300018310547
75,1,2,237.8340372059345
75,1,2,237.8378471798019
75,1,2,237.8233539265953
75,1,2,238.42285390255668
76,1,2,237.8300018310547
76,1,2,236.47933622910043
76,1,2,237.7846938463793
76,1,2,238.59788244040456
76,1,2,237.75843766786906
77,1,2,238.80999755859375
77,1,2,237.854632011461
77,1,2,239.6411779623435
77,1,2,236.82780383751728
77,1,2,237.35127997769402
78,1,2,236.61000061035156
78,1,2,238.39149435545977
78,1,2,236.62812920330703
78,1,2,236.74005033100244
78,1,2,236.9015335482452
79,1,2,237.60000610351562
79,1,2,238.13047319821584
79,1,2,239.71600941635157
79,1,2,236.64351332244541
79,1,2,238.62486199182032
80,1,2,238.44000244140625
80,1,2,239.2546390349479
80,1,2,239.56313557543868
80,1,2,238.71901818098127
80,1,2,237.94203661961484
81,1,2,238.75
81,1,2,239.95502856391897
81,1,2,239.59501715774698
81,1,2,237.04568159740478
81,1,2,237.6259229892793
82,1,2,237.83999633789062
82,1,2,237.06175873827735
82,1,2,236.78350983747222
82,1,2,238.05480902085728
82,1,2,238.2870191982902
83,1,2,237.4600067138672
83,1,2,237.75555628825578
83,1,2,235.21951852614052
83,1,2,236.6802388490718
83,1,2,238.24076384869107
84,1,2,237.7823703122834
84,1,2,237.7122465473789
84,1,2,236.91602275638476
84,1,2,236.85850465067884
84,1,2,236.57168113249452
85,1,2,239.57000732421875
85,1,2,238.94458559051537
85,1,2,240.0857164681731
85,1,2,240.57385832035112
85,1,2,240.09375170009085
86,1,2,239.27000427246094
86,1,2,238.22199039642592
86,1,2,239.14755605868345
86,1,2,239.73496204147793
86,1,2,240.18132727482003
87,1,2,238.47999572753906
87,1,2,239.3021430440917
87,1,2,238.04205481258512
87,1,2,238.84152084662594
87,1,2,238.33621566407763
88,1,2,239.4499969482422
88,1,2,239.21472952547052
88,1,2,240.4333214301715
88,1,2,238.1529197579993
88,1,2,239.53945018517715
89,1,2,239.0399932861328
89,1,2,237.3995755968007
89,1,2,239.48206030182874
89,1,2,237.5683118360792
89,1,2,239.29459120159075
90,1,2,237.99000549316406
90,1,2,237.67553177529
90,1,2,236.46152000176124
90,1,2,239.10816396114103
90,1,2,238.1379991745048
91,1,2,239.77999877929687
91,1,2,239.48063687879468
91,1,2,239.6955033341552
91,1,2,239.20097408845598
91,1,2,239.07358944037713
92,1,2,239.14999389648437
92,1,2,239.56036697708595
92,1,2,240.42015094282834
92,1,2,238.85267082844672
92,1,2,237.8235826672567
93,1,2,238.35000610351562
93,1,2,237.93916349669632
93,1,2,236.6369857636444
93,1,2,238.1676254973502
93,1,2,237.2510919772626
94,1,2,239.3699951171875
94,1,2,240.73841825359807
94,1,2,238.16293644914694
94,1,2,240.28859538279826
94,1,2,238.21778540272132
95,1,2,239.77000427246094
95,1,2,241.03958407062052
95,1,2,239.3891926179369
95,1,2,240.04441406672962
95,1,2,239.94360693728083
96,1,2,238.8800048828125
96,1,2,238.499551019049
96,1,2,240.0449073062332
96,1,2,238.29739052109326
96,1,2,238.23673443509074
97,1,2,238.89999389648437
97,1,2,238.47813254640286
97,1,2,238.21431609856523
97,1,2,237.27461954171082
97,1,2,239.4764836856727
98,1,2,240.16000366210937
98,1,2,239.98626155181825
98,1,2,241.43556393796786
98,1,2,238.08414680708594
98,1,2,241.01881102870792
99,1,2,238.8800048828125
99,1,2,239.1440059095964
99,1,2,239.35188124705348
99,1,2,238.53485443367163
99,1,2,238.78335088940182
100,1,2,238.9499969482422
100,1,2,239.20010900894692
100,1,2,239.18199087911876
100,1,2,238.51447486479955
100,1,2,239.6926782577378
1,2,1,236.3000030517578
1,2,1,236.27067839540047
1,2,1,236.39909624795678
1,2,1,234.8324837961815
1,2,1,236.30354412281727
2,2,1,236.30999755859375
2,2,1,237.26537128284696
2,2,1,237.07107244047242
2,2,1,235.4395932122013
2,2,1,236.55144939359775
3,2,1,236.47000122070312
3,2,1,238.29368474350974
3,2,1,236.02116741194988
3,2,1,237.95695242886322
3,2,1,236.99367275754736
4,2,1,236.69000244140625
4,2,1,237.67522533196788
4,2,1,233.89548029652028
4,2,1,236.30152875117358
4,2,1,235.53400974345047
5,2,1,236.85000610351562
5,2,1,235.2839470142037
5,2,1,236.45959477808424
5,2,1,236.6586412952544
5,2,1,239.16186381014708
6,2,1,236.77999877929687
6,2,1,235.59247600627916
6,2,1,237.77982954624198
6,2,1,236.2883599685918
6,2,1,237.82620995031908
7,2,1,236.8699951171875
7,2,1,237.74422764502316
7,2,1,237.88758282979413
7,2,1,236.9731630994654
7,2,1,235.7279518202217
8,2,1,236.9499969482422
8,2,1,234.3047375156449
8,2,1,236.54562549145373
8,2,1,236.20600676631173
8,2,1,238.46682557155168
9,2,1,236.97000122070312
9,2,1,236.56600753194726
9,2,1,236.42252100620598
9,2,1,236.76356638535546
9,2,1,238.12536328970464
10,2,1,236.57000732421875
10,2,1,236.29384302639778
10,2,1,237.39486053525238
10,2,1,237.6494214930057
10,2,1,236.7945555592391
11,2,1,237.39999389648437
11,2,1,238.56204211412032
11,2,1,236.47379793508358
11,2,1,236.81025912698044
11,2,1,238.29235562770432
12,2,1,237.16000366210937
12,2,1,235.59390589275327
12,2,1,238.45092765593836
12,2,1,236.2273230139449
12,2,1,237.13187403494183
13,2,1,237.55999755859375
13,2,1,238.7152160931984
13,2,1,237.4469653968935
13,2,1,238.11349133937958
13,2,1,238.00611951121135
14,2,1,237.7100067138672
14,2,1,236.82485642762896
14,2,1,236.3992009132696
14,2,1,237.3313279811261
14,2,1,236.39284682628377
15,2,1,237.2899932861328
15,2,1,237.69704462449175
15,2,1,238.21491939414798
15,2,1,238.33540310211865
15,2,1,237.6518952614097
16,2,1,236.8000030517578
16,2,1,236.0768776566087
16,2,1,237.105012623501
16,2,1,236.63443642078443
16,2,1,236.66579930193672
17,2,1,236.60000610351562
17,2,1,236.02537560486934
17,2,1,236.77256524553212
17,2,1,235.24840076088998
17,2,1,236.8016200647465
18,2,1,235.47999572753906
18,2,1,234.1945756359066
18,2,1,234.34930267474792
18,2,1,234.54071600291
18,2,1,234.1453289153722
19,2,1,236.69000244140625
19,2,1,236.93951498449053
19,2,1,238.2123788406733
19,2,1,236.3269479464706
19,2,1,234.97113290764997
20,2,1,236.86000061035156
20,2,1,237.851045748261
20,2,1,235.89622832932014
20,2,1,234.17520369821702
20,2,1,236.89026451238925
21,2,1,236.66000366210937
21,2,1,237.48996823397476
21,2,1,237.06751836674522
21,2,1,236.27491668470932
21,2,1,236.94567035409918
22,2,1,237.47000122070313
22,2,1,238.43021925630475
22,2,1,236.6254548553636
22,2,1,235.60887996320022
22,2,1,236.3877323511684
23,2,1,236.6699981689453
23,2,1,236.96423107765585
23,2,1,238.29768432913548
23,2,1,238.28907193576816
23,2,1,237.8924739858845
24,2,1,236.88999938964844
24,2,1,236.13615617622926
24,2,1,235.8947394838647
24,2,1,237.4190055426409
24,2,1,237.58396293889928
25,2,1,237.49000549316406
25,2,1,239.14450822987834
25,2,1,238.1236386457219
25,2,1,238.06038819815092
25,2,1,237.23650198768854
26,2,1,238.30999755859375
26,2,1,237.56124033326836
26,2,1,238.1953930781334
26,2,1,237.94775203118297
26,2,1,237.9576485236681
27,2,1,237.6199951171875
27,2,1,237.59062075076778
27,2,1,236.80359632019935
27,2,1,236.14070844128304
27,2,1,236.99323450542977
28,2,1,236.97999572753906
28,2,1,238.4372829747798
28,2,1,236.51006306239086
28,2,1,235.34179493287817
28,2,1,236.2337106949814
29,2,1,237.9199981689453
29,2,1,236.52417914869145
29,2,1,236.37104725038787
29,2,1,236.72321844718132
29,2,1,237.30657245007131
30,2,1,237.52999877929687
30,2,1,236.61304974467623
30,2,1,238.62776144471974
30,2,1,237.9036677870005
30,2,1,237.44254519613838
31,2,1,237.05999755859375
31,2,1,235.7509133407321
31,2,1,237.32618485037995
31,2,1,237.14190228483517
31,2,1,237.00184490780342
32,2,1,236.67999267578125
32,2,1,236.18218280663572
32,2,1,235.70584205777507
32,2,1,238.19826415645264
32,2,1,237.46767125077142
33,2,1,237.4199981689453
33,2,1,237.4413711476901
33,2,1,237.92408525084187
33,2,1,236.7146214642668
33,2,1,237.39248729928863
34,2,1,236.8699951171875
34,2,1,235.54254389261777
34,2,1,236.70677666406243
34,2,1,237.47825192724082
34,2,1,237.02837972158795
35,2,1,236.97000122070312
35,2,1,235.9108965322784
35,2,1,239.6968410023097
35,2,1,237.4291784605149
35,2,1,235.61302112819814
36,2,1,236.44000244140625
36,2,1,236.28346493043998
36,2,1,234.50673077695473
36,2,1,237.2478259733737
36,2,1,236.31364741077985
37,2,1,236.97999572753906
37,2,1,234.88253468641335
37,2,1,238.7081416751467
37,2,1,236.0232663998685
37,2,1,238.20874023169122
38,2,1,237.49000549316406
38,2,1,238.0901664708187
38,2,1,235.91359748231085
38,2,1,236.9077394257148
38,2,1,239.26486158378992
39,2,1,236.1999969482422
39,2,1,237.4148156417934
39,2,1,237.20091743855423
39,2,1,235.26095351425244
39,2,1,236.49221368572694
40,2,1,237.0399932861328
40,2,1,235.73121784604268
40,2,1,235.27731096009856
40,2,1,236.35746656447003
40,2,1,238.16311308465404
41,2,1,237.32000732421875
41,2,1,236.92269678425876
41,2,1,237.23662307489766
41,2,1,236.8796806251359
41,2,1,237.9112284311424
42,2,1,237.52999877929687
42,2,1,235.31277997824188
42,2,1,237.7809568117473
42,2,1,238.6352787107378
42,2,1,237.13262820300122
43,2,1,237.5800018310547
43,2,1,239.50531029071297
43,2,1,237.24140860551495
43,2,1,237.65552384837824
43,2,1,236.50895137405985
44,2,1,236.1999969482422
44,2,1,237.522897111036
44,2,1,233.7155870984468
44,2,1,235.74179837800398
44,2,1,234.99209626297372
45,2,1,237
45,2,1,235.96432579820316
45,2,1,237.60097040975404
45,2,1,234.7939540418648
45,2,1,237.13135359177255
46,2,1,236.1300048828125
46,2,1,236.3308990773945
46,2,1,236.27758033444474
46,2,1,236.4475768440454
46,2,1,235.80623442414526
47,2,1,236.9600067138672
47,2,1,237.47450854203413
47,2,1,236.81920655602323
47,2,1,235.5080695479102
47,2,1,237.63771472394083
48,2,1,237.39999389648437
48,2,1,237.67253322927093
48,2,1,236.73248720620398
48,2,1,239.45659130316932
48,2,1,236.35005434317122
49,2,1,235.97000122070312
49,2,1,235.9462132523088
49,2,1,238.9687943523954
49,2,1,236.8424356577582
49,2,1,234.1708206726728
50,2,1,237.63999938964844
50,2,1,237.75291125542972
50,2,1,234.3909958474048
50,2,1,239.02860923568653
50,2,1,238.99943236682986
51,2,1,236.2100067138672
51,2,1,235.93223919861148
51,2,1,235.65735056738816
51,2,1,235.8780990278526
51,2,1,236.41499382720752
52,2,1,236.85000610351562
52,2,1,236.82263439642136
52,2,1,239.31524854510064
52,2,1,237.48241888114597
52,2,1,237.50995291809636
53,2,1,237.39999389648437
53,2,1,237.3917865984496
53,2,1,237.82460310474988
53,2,1,236.2655610828605
53,2,1,235.3040114231827
54,2,1,237.1300048828125
54,2,1,237.0385726271465
54,2,1,237.08750738542489
54,2,1,238.76191672018004
54,2,1,236.38158408006095
55,2,1,236.5800018310547
55,2,1,237.6652637185735
55,2,1,237.32105051975978
55,2,1,237.3097581034773
55,2,1,239.35738296821555
56,2,1,236.7899932861328
56,2,1,236.50222465623344
56,2,1,237.68202867939854
56,2,1,235.65478558437755
56,2,1,235.55969272616463
57,2,1,237.0800018310547
57,2,1,237.61185519294008
57,2,1,237.60128757709248
57,2,1,237.56937847754222
57,2,1,238.45017562628695
58,2,1,237.2899932861328
58,2,1,238.67091587571636
58,2,1,237.47074701381146
58,2,1,236.34627264385134
58,2,1,236.44101255208307
59,2,1,236.5
59,2,1,236.81782995074278
59,2,1,234.75689187215673
59,2,1,235.65329976406454
59,2,1,238.033387306919
60,2,1,237.11000061035156
60,2,1,239.39042874144286
60,2,1,235.65540823918178
60,2,1,234.9209882583544
60,2,1,238.0697764115459
61,2,1,237.10000610351562
61,2,1,236.64355967537165
61,2,1,237.37404119381097
61,2,1,236.69844492138776
61,2,1,235.86198031344688
62,2,1,237.72000122070312
62,2,1,236.50132642175512
62,2,1,237.83217355436963
62,2,1,236.87552208766095
62,2,1,236.37183923633293
63,2,1,236.44000244140625
63,2,1,235.7605530755685
63,2,1,237.36527288674804
63,2,1,235.45539188593452
63,2,1,236.41328567295062
64,2,1,237.22000122070312
64,2,1,237.49202251423247
64,2,1,236.63379350713285
64,2,1,238.2265259607577
64,2,1,235.88155422507646
65,2,1,237.66000366210937
65,2,1,237.24580278339357
65,2,1,237.9963971124387
65,2,1,238.8397781753349
65,2,1,236.83778567786015
66,2,1,239.5500030517578
66,2,1,239.0971087037245
66,2,1,240.18519131841447
66,2,1,239.28861693844155
66,2,1,240.0850073607753
67,2,1,239.39999389648437
67,2,1,238.21353867065633
67,2,1,238.32303442352693
67,2,1,242.4793654686588
67,2,1,237.97866033507648
68,2,1,239.1199951171875
68,2,1,238.15590141684126
68,2,1,240.0709807687773
68,2,1,240.84234253222965
68,2,1,238.28973350040127
69,2,1,236.61000061035156
69,2,1,236.85032180516376
69,2,1,235.6644558321689
69,2,1,238.21804188803682
69,2,1,234.91758129733424
70,2,1,239.2100067138672
70,2,1,240.0018546005146
70,2,1,239.2272898657754
70,2,1,240.28271383524915
70,2,1,238.9482849267292
71,2,1,238.5500030517578
71,2,1,238.39732633354245
71,2,1,238.495760956824
71,2,1,238.02706447360472
71,2,1,238.29476598328012
72,2,1,239.24000549316406
72,2,1,239.27731898590255
72,2,1,240.61065103508463
72,2,1,238.20540882258297
72,2,1,238.6979798682463
73,2,1,238.55999755859375
73,2,1,236.01997690154488
73,2,1,238.42390880901678
73,2,1,238.49356577836178
73,2,1,239.3984186329667
74,2,1,238.0800018310547
74,2,1,238.08886797354074
74,2,1,238.2139675342182
74,2,1,237.15193493968877
74,2,1,237.66097844997543
75,2,1,239.25
75,2,1,238.75397676905888
75,2,1,240.08680587652114
75,2,1,239.37180482538605
75,2,1,239.3880994876908
76,2,1,238.5500030517578
76,2,1,238.91804855715148
76,2,1,238.60079056035138
76,2,1,238.92412887943078
76,2,1,237.31640537594023
77,2,1,239.16000366210937
77,2,1,238.65016113733793
77,2,1,240.05455607663592
77,2,1,239.39228904718635
77,2,1,238.54800328874398
78,2,1,239.6300048828125
78,2,1,237.67680292287235
78,2,1,239.71366894035964
78,2,1,239.45631534276154
78,2,1,238.87015429000238
79,2,1,237.9600067138672
79,2,1,237.23297120643613
79,2,1,238.09126580423822
79,2,1,238.27862610164908
79,2,1,237.33458674958607
80,2,1,239.6300048828125
80,2,1,240.20332455351968
80,2,1,239.55535325545338
80,2,1,239.53544080970013
80,2,1,239.57006696626618
81,2,1,239.0399932861328
81,2,1,241.18449928156699
81,2,1,240.236792647976
81,2,1,239.24427055162826
81,2,1,240.10348702993144
82,2,1,238.72999572753906
82,2,1,237.75385239534484
82,2,1,237.75769645294932
82,2,1,240.6212404522537
82,2,1,238.7108821489169
83,2,1,239.4199981689453
83,2,1,238.58910392823967
83,2,1,239.45736752946715
83,2,1,239.60660376913447
83,2,1,240.89004820847762
84,2,1,238.1699981689453
84,2,1,239.27160390022468
84,2,1,237.55634738778855
84,2,1,237.79023524058695
84,2,1,239.88081080581523
85,2,1,237.0500030517578
85,2,1,237.51539067537342
85,2,1,237.0272107244256
85,2,1,236.45399688011182
85,2,1,235.1401388183259
86,2,1,237.57000732421875
86,2,1,238.41426233279742
86,2,1,237.98611738720788
86,2,1,238.48477623344525
86,2,1,237.17138791311552
87,2,1,237.2899932861328
87,2,1,237.95347725660557
87,2,1,237.00034935227166
87,2,1,237.9717677270395
87,2,1,237.6444438944063
88,2,1,238.19000244140625
88,2,1,239.28736252806735
88,2,1,237.96050365312155
88,2,1,239.03954189812885
88,2,1,238.6051651309081
89,2,1,237.44000244140625
89,2,1,238.07437753727822
89,2,1,237.60499137534015
89,2,1,237.9833874057772
89,2,1,238.3058828866798
90,2,1,237.83999633789062
90,2,1,238.1247675153203
90,2,1,237.7357442304203
90,2,1,237.33329311156237
90,2,1,238.30890809713614
91,2,1,236.33999633789063
91,2,1,236.68588525573526
91,2,1,235.3730153670282
91,2,1,236.90129737896254
91,2,1,237.79092500666093
92,2,1,237.6999969482422
92,2,1,236.81548964383697
92,2,1,238.18836997068897
92,2,1,238.99164575130226
92,2,1,238.92850317108991
93,2,1,237.25
93,2,1,236.97404226541423
93,2,1,236.73567916732654
93,2,1,237.11153854639406
93,2,1,236.85165083959114
94,2,1,237.55999755859375
94,2,1,236.96087841322696
94,2,1,238.22171616007842
94,2,1,238.27135722611027
94,2,1,237.09545487946966
95,2,1,237.02000427246094
95,2,1,237.55190738068345
95,2,1,236.58291490369479
95,2,1,236.81356216740062
95,2,1,235.62979185448057
96,2,1,237.3000030517578
96,2,1,236.7674701975828
96,2,1,235.99210063942047
96,2,1,237.16682468253225
96,2,1,236.70104820885442
97,2,1,237.67999267578125
97,2,1,236.77360544207247
97,2,1,239.6483916248305
97,2,1,237.69765716017963
97,2,1,238.3618729997192
98,2,1,236.80999755859375
98,2,1,238.49725161092454
98,2,1,237.34051825971176
98,2,1,237.0709356656608
98,2,1,236.51530867515018
99,2,1,237.3800048828125
99,2,1,236.82780065853743
99,2,1,237.71654173179436
99,2,1,236.59109586973864
99,2,1,237.88751134834723
100,2,1,237.3800048828125
100,2,1,236.4318996905404
100,2,1,237.5126274800189
100,2,1,237.2751658345829
100,2,1,239.26025063620642
1,2,2,241.35000610351562
1,2,2,240.03131173546464
1,2,2,240.599005303796
1,2,2,242.21798323698232
1,2,2,241.1712160304511
2,2,2,240.27999877929687
2,2,2,239.63793252676717
2,2,2,240.13899993264005
2,2,2,240.59772192752826
2,2,2,241.7171833962674
3,2,2,239.25999450683594
3,2,2,238.28832723941713
3,2,2,237.58509103134753
3,2,2,239.8212434852925
3,2,2,239.940951294229
4,2,2,239.19000244140625
4,2,2,238.06758792161975
4,2,2,236.9834653185911
4,2,2,239.6518779787772
4,2,2,240.14582217925343
5,2,2,239.50999450683594
5,2,2,238.88943108454853
5,2,2,239.32293988094045
5,2,2,239.99182579797133
5,2,2,240.87754918436625
6,2,2,240.16000366210937
6,2,2,241.5186368422977
6,2,2,239.26047746626716
6,2,2,240.52429972631205
6,2,2,240.84132364095967
7,2,2,239.16000366210937
7,2,2,241.65753219979828
7,2,2,240.38491624062863
7,2,2,238.98874476962646
7,2,2,238.98702480638636
8,2,2,238.6300048828125
8,2,2,239.58221414947423
8,2,2,239.85610047077634
8,2,2,236.7067001130934
8,2,2,238.9334742540769
9,2,2,239.77999877929687
9,2,2,237.5695927999737
9,2,2,239.7367507371461
9,2,2,239.10397829559219
9,2,2,239.9509571484617
10,2,2,239.41000366210937
10,2,2,239.64274356927015
10,2,2,239.65869068695892
10,2,2,239.4563239311292
10,2,2,238.83858056084526
11,2,2,238.6999969482422
11,2,2,237.35340793020205
11,2,2,238.6601859106726
11,2,2,239.39823005007844
11,2,2,237.37171228948662
12,2,2,238.69000244140625
12,2,2,238.02276577180086
12,2,2,239.16048129060647
12,2,2,238.65221826956287
12,2,2,238.23186487462107
13,2,2,240.13999938964844
13,2,2,239.5420353185209
13,2,2,240.21759712118853
13,2,2,241.0401969628545
13,2,2,238.78826572355885
14,2,2,240.9199981689453
14,2,2,240.32066457996547
14,2,2,242.33934445909603
14,2,2,240.04771521111076
14,2,2,242.12712444623452
15,2,2,240.24000549316406
15,2,2,240.4300049275756
15,2,2,240.08187969194816
15,2,2,240.39092695378952
15,2,2,239.64467225813019
16,2,2,239.47999572753906
16,2,2,241.51553694961095
16,2,2,239.3111778486972
16,2,2,237.77709906530146
16,2,2,240.14258515309507
17,2,2,239.8800048828125
17,2,2,239.1983102904721
17,2,2,239.75282151991811
17,2,2,241.65661722971663
17,2,2,240.56625683861955
18,2,2,239.91000366210937
18,2,2,238.79663477026924
18,2,2,241.38745050286036
18,2,2,238.8964779952781
18,2,2,240.41175972996493
19,2,2,239.1699981689453
19,2,2,238.87042138477503
19,2,2,239.68972182720972
19,2,2,239.40890269817922
19,2,2,239.6329870623137
20,2,2,239.13999938964844
20,2,2,239.21254353819086
20,2,2,240.2351253896577
20,2,2,240.238139550906
20,2,2,239.96848479169068
21,2,2,239.4199981689453
21,2,2,239.99737518695886
21,2,2,241.04850224049713
21,2,2,240.34108072682662
21,2,2,238.83163620749426
22,2,2,238.5800018310547
22,2,2,239.2307446851108
22,2,2,240.87779125203542
22,2,2,237.1981521611744
22,2,2,237.80909160225943
23,2,2,239.35000610351562
23,2,2,239.58767708778726
23,2,2,239.3590379157009
23,2,2,239.31184663998755
23,2,2,239.7368717963332
24,2,2,238.91000366210937
24,2,2,238.43522592184405
24,2,2,239.0290277987114
24,2,2,240.07042550074516
24,2,2,239.47532576084154
25,2,2,237.7823703122834
25,2,2,238.40891656473778
25,2,2,237.99812290081394
25,2,2,236.58112422797603
25,2,2,237.07090347683388
26,2,2,239
26,2,2,238.90406812011415
26,2,2,238.70174756217193
26,2,2,239.7216615550971
26,2,2,238.16379246506995
27,2,2,238.89999389648437
27,2,2,239.56030110720747
27,2,2,239.57052558819208
27,2,2,239.78256240078468
27,2,2,238.51900160795898
28,2,2,239.72000122070312
28,2,2,240.3941732553858
28,2,2,238.95515188888973
28,2,2,239.72612604219742
28,2,2,240.7068552768633
29,2,2,239.74000549316406
29,2,2,241.0504615397574
29,2,2,240.3001294540981
29,2,2,241.64515172904183
29,2,2,239.33411085290766
30,2,2,240.5
30,2,2,240.3345656087046
30,2,2,239.47595842768746
30,2,2,241.763529734944
30,2,2,238.78832117694398
31,2,2,239.6699981689453
31,2,2,240.31680213711664
31,2,2,238.26585413658447
31,2,2,240.8149680734885
31,2,2,240.23669032197975
32,2,2,238.5500030517578
32,2,2,237.34700106067908
32,2,2,238.03829143874427
32,2,2,240.2971602977222
32,2,2,237.66554203196876
33,2,2,240.08999633789062
33,2,2,239.72309054977748
33,2,2,240.30242547469356
33,2,2,240.20014309707997
33,2,2,239.69059016996903
34,2,2,239.63999938964844
34,2,2,238.81611918025894
34,2,2,238.7771237187005
34,2,2,240.23070280752475
34,2,2,239.57524271246368
35,2,2,239.4600067138672
35,2,2,239.19762865338316
35,2,2,240.1506786105537
35,2,2,239.83089518204298
35,2,2,238.68309704865712
36,2,2,239.36000061035156
36,2,2,239.06027798209237
36,2,2,239.12793386447373
36,2,2,240.87686439652362
36,2,2,239.90445853998295
37,2,2,239.11000061035156
37,2,2,239.6693235980748
37,2,2,239.22990146664722
37,2,2,238.41382986632613
37,2,2,241.39081524056488
38,2,2,239.42999267578125
38,2,2,239.00935861004214
38,2,2,238.4262639254354
38,2,2,239.69016649543846
38,2,2,240.4684540792785
39,2,2,239.25999450683594
39,2,2,240.06966507536762
39,2,2,239.63439207591958
39,2,2,239.71813404980978
39,2,2,239.1177585488105
40,2,2,239.17999267578125
40,2,2,238.3968700324442
40,2,2,239.38143360323565
40,2,2,237.62715993906113
40,2,2,239.85733398896562
41,2,2,239.17999267578125
41,2,2,238.81961181559723
41,2,2,238.1444699907582
41,2,2,241.21766764549668
41,2,2,237.92775958679346
42,2,2,239.83999633789062
42,2,2,238.94122254994238
42,2,2,239.5082511590626
42,2,2,239.35139471462236
42,2,2,239.10848438940602
43,2,2,239.67999267578125
43,2,2,240.44355100353005
43,2,2,241.23486554340144
43,2,2,240.5710719686375
43,2,2,242.105111776057
44,2,2,239.77999877929687
44,2,2,239.0686687049984
44,2,2,239.12618837283392
44,2,2,238.04444683608986
44,2,2,241.6579328613369
45,2,2,239.99000549316406
45,2,2,239.3093899314569
45,2,2,240.09603221344344
45,2,2,241.67495463011284
45,2,2,239.8529177278807
46,2,2,239.50999450683594
46,2,2,239.23705341291344
46,2,2,239.34238193283477
46,2,2,240.56705483592455
46,2,2,238.2024716683232
47,2,2,238.63999938964844
47,2,2,236.8934377651468
47,2,2,240.12344092250257
47,2,2,238.5682864575897
47,2,2,239.39365142770797
48,2,2,239.41000366210937
48,2,2,241.42204976479684
48,2,2,239.47667911650294
48,2,2,241.5495671097744
48,2,2,241.15699060317374
49,2,2,239.3000030517578
49,2,2,240.29673895622852
49,2,2,237.5529128487998
49,2,2,237.02239839063495
49,2,2,239.25835361486142
50,2,2,239.36000061035156
50,2,2,240.04468983059692
50,2,2,239.29588016930603
50,2,2,240.12292677906717
50,2,2,239.84582906439798
51,2,2,238.74000549316406
51,2,2,239.49014109717143
51,2,2,239.86571094270772
51,2,2,238.1511575287645
51,2,2,238.8872453158159
52,2,2,240.61000061035156
52,2,2,242.08318925965736
52,2,2,240.54780848120234
52,2,2,240.5882859243576
52,2,2,240.9839621350072
53,2,2,240.33999633789063
53,2,2,239.8736113645385
53,2,2,238.99381302347314
53,2,2,241.15616468438398
53,2,2,239.6845374737652
54,2,2,239.97999572753906
54,2,2,237.53073704831948
54,2,2,238.8800079494791
54,2,2,241.38990933431546
54,2,2,240.6559599261235
55,2,2,239.0399932861328
55,2,2,239.8521125386353
55,2,2,238.69220601901782
55,2,2,240.99309694722058
55,2,2,237.57944125176914
56,2,2,238.9600067138672
56,2,2,238.7994043557559
56,2,2,238.49293150737356
56,2,2,238.33110633234045
56,2,2,238.57475236692486
57,2,2,238.67999267578125
57,2,2,239.4840845225026
57,2,2,239.65527432071573
57,2,2,237.83316236364766
57,2,2,240.81943607807003
58,2,2,238.9199981689453
58,2,2,240.93988420580138
58,2,2,235.8673283833272
58,2,2,239.3091723893102
58,2,2,240.0275965094247
59,2,2,239.39999389648437
59,2,2,239.80446730060567
59,2,2,238.28725898826724
59,2,2,238.9811594432358
59,2,2,238.47636118150905
60,2,2,238.32000732421875
60,2,2,239.4927039828796
60,2,2,239.06998806894723
60,2,2,239.40517441263432
60,2,2,238.85564178124935
61,2,2,239.2899932861328
61,2,2,238.80651049874425
61,2,2,238.24988847507953
61,2,2,242.3165351675995
61,2,2,238.5839200402703
62,2,2,238.32000732421875
62,2,2,238.6296571468756
62,2,2,239.79193345382077
62,2,2,238.2838710620055
62,2,2,239.42940649013823
63,2,2,238.8300018310547
63,2,2,237.34392638879945
63,2,2,238.75220574008333
63,2,2,237.87827473297017
63,2,2,239.22404625013715
64,2,2,239.47999572753906
64,2,2,239.62831325579313
64,2,2,239.44599782324235
64,2,2,240.4925197812345
64,2,2,238.77596969208
65,2,2,238.8300018310547
65,2,2,238.7319143837208
65,2,2,239.22986828130055
65,2,2,237.86752273934857
65,2,2,240.57846837215416
66,2,2,237.64999389648437
66,2,2,236.10838534883248
66,2,2,236.97692478259825
66,2,2,238.3721515879236
66,2,2,237.2889570802498
67,2,2,236.6699981689453
67,2,2,234.83328341891638
67,2,2,236.60181291288234
67,2,2,238.10916705748323
67,2,2,236.58687424123417
68,2,2,236.74000549316406
68,2,2,237.17528479841752
68,2,2,236.87940664098562
68,2,2,236.90514112196178
68,2,2,238.73359387832542
69,2,2,238.5800018310547
69,2,2,238.62919563693325
69,2,2,238.57329860638708
69,2,2,237.20777902625255
69,2,2,237.1463815179173
70,2,2,237.3800048828125
70,2,2,236.29664558840813
70,2,2,236.55893069808502
70,2,2,237.57464007941866
70,2,2,236.76910452200022
71,2,2,237.02999877929687
71,2,2,237.14341335934824
71,2,2,235.9480866768367
71,2,2,237.60415031142074
71,2,2,236.60304418772563
72,2,2,237.39999389648437
72,2,2,236.61761168449902
72,2,2,236.23913109816127
72,2,2,238.56044769917202
72,2,2,237.79926406316756
73,2,2,237.77000427246094
73,2,2,237.87142732773845
73,2,2,238.12649652678218
73,2,2,238.4762851950139
73,2,2,237.1780314590445
74,2,2,237.14999389648437
74,2,2,238.2905622133868
74,2,2,237.78950945233504
74,2,2,236.96740698929145
74,2,2,236.26109740343844
75,2,2,236.75
75,2,2,235.00882832862462
75,2,2,236.8030250033261
75,2,2,237.17769381878895
75,2,2,236.89664905822272
76,2,2,238.02000427246094
76,2,2,238.41641118896965
76,2,2,236.2230527510161
76,2,2,239.27163276072002
76,2,2,237.284369790399
77,2,2,237.9199981689453
77,2,2,237.91746370755035
77,2,2,239.37621864124847
77,2,2,239.06934937994276
77,2,2,237.11204638174172
78,2,2,237.3300018310547
78,2,2,235.97566462402244
78,2,2,237.93736964712957
78,2,2,237.0372162749512
78,2,2,236.99170633705006
79,2,2,236.80999755859375
79,2,2,234.06642454741163
79,2,2,239.06902522322397
79,2,2,237.81167737392713
79,2,2,237.39253106650276
80,2,2,236.9199981689453
80,2,2,236.68672186175183
80,2,2,236.98322525760665
80,2,2,235.35160475864814
80,2,2,237.17943984661292
81,2,2,236.72999572753906
81,2,2,236.3776975441502
81,2,2,236.4409805732203
81,2,2,235.55060877691028
81,2,2,237.2323947337518
82,2,2,236.44000244140625
82,2,2,236.99309200949412
82,2,2,236.32831436214883
82,2,2,237.4315046612151
82,2,2,237.27095675168482
83,2,2,237.3800048828125
83,2,2,238.13981171513473
83,2,2,237.4303056905705
83,2,2,235.99326156817344
83,2,2,237.9843176725272
84,2,2,237.7823703122834
84,2,2,236.80693923462636
84,2,2,238.62684760307218
84,2,2,238.28286900200519
84,2,2,238.87361710336103
85,2,2,238.86000061035156
85,2,2,238.48699017092753
85,2,2,239.6487591870114
85,2,2,238.1851192597551
85,2,2,239.8439601289837
86,2,2,238.49000549316406
86,2,2,240.11591294530598
86,2,2,238.01212804845838
86,2,2,239.21066920948257
86,2,2,238.80996889143236
87,2,2,238.22000122070312
87,2,2,238.80216011279967
87,2,2,237.97990146810454
87,2,2,239.22100955012192
87,2,2,237.28431074598015
88,2,2,239.25999450683594
88,2,2,237.4243989754755
88,2,2,237.80910367992325
88,2,2,239.87159859415252
88,2,2,240.63722582436165
89,2,2,238.83999633789063
89,2,2,238.9038175352647
89,2,2,237.61151147183782
89,2,2,238.62067570705108
89,2,2,238.3723333305076
90,2,2,238.08999633789062
90,2,2,237.8762080963129
90,2,2,238.9046440082129
90,2,2,238.06832305341797
90,2,2,238.7021872259384
91,2,2,239.32000732421875
91,2,2,239.29465943702894
91,2,2,240.47271360400913
91,2,2,240.09342531370206
91,2,2,240.1161848576681
92,2,2,238.6699981689453
92,2,2,239.59646038741727
92,2,2,238.1703543556497
92,2,2,238.36373372457012
92,2,2,239.5681295059835
93,2,2,237.6300048828125
93,2,2,235.92507149288272
93,2,2,237.8202890223696
93,2,2,239.45387831807432
93,2,2,236.82611411059244
94,2,2,238.49000549316406
94,2,2,238.68498015923322
94,2,2,238.35174822483867
94,2,2,238.42979512402255
94,2,2,239.75374578594992
95,2,2,239.44000244140625
95,2,2,239.7786770444258
95,2,2,239.8994293238784
95,2,2,239.13035498411375
95,2,2,239.13210928240167
96,2,2,238.19000244140625
96,2,2,238.41822360349136
96,2,2,238.93744102344607
96,2,2,238.28018764178736
96,2,2,239.18281355073404
97,2,2,238.32000732421875
97,2,2,239.79155828449439
97,2,2,239.73088515617383
97,2,2,238.52265176592527
97,2,2,235.3316903327927
98,2,2,240.5
98,2,2,241.51099793255338
98,2,2,239.08692633071675
98,2,2,240.3532898504468
98,2,2,240.19756392730145
99,2,2,240.1199951171875
99,2,2,239.94674561702928
99,2,2,239.16364898936456
99,2,2,239.42834700124246
99,2,2,239.6268678422249
100,2,2,240.1300048828125
100,2,2,240.98008424089764
100,2,2,240.56611620778204
100,2,2,241.41413885143464
100,2,2,238.858584955971
1,3,1,236.08999633789063
1,3,1,234.78710883788352
1,3,1,236.42252679317892
1,3,1,236.8082478418053
1,3,1,236.2178695500045
2,3,1,234.64999389648437
2,3,1,234.43666735144768
2,3,1,237.2762772645159
2,3,1,236.57119649034607
2,3,1,235.1407760296063
3,3,1,234.00999450683594
3,3,1,231.40346635878353
3,3,1,233.6314220239548
3,3,1,233.59066036567714
3,3,1,234.495337371817
4,3,1,235.44000244140625
4,3,1,235.64786663084163
4,3,1,235.8748980113093
4,3,1,236.1039798975354
4,3,1,235.79767936113515
5,3,1,237.08999633789062
5,3,1,237.04758478743364
5,3,1,237.42180705023893
5,3,1,235.04582977888003
5,3,1,238.4083355515692
6,3,1,234.61000061035156
6,3,1,236.57836415726987
6,3,1,233.39607539175435
6,3,1,234.39710000198787
6,3,1,235.03696733695887
7,3,1,233.5500030517578
7,3,1,232.8636597168533
7,3,1,233.74340601817997
7,3,1,232.18401245795647
7,3,1,232.59914574727634
8,3,1,236.3800048828125
8,3,1,237.39672661700243
8,3,1,237.2232731286075
8,3,1,235.2353616409374
8,3,1,234.8466910565935
9,3,1,235.52000427246094
9,3,1,234.64760304579207
9,3,1,237.1640290124579
9,3,1,236.29856135595892
9,3,1,234.11397352437427
10,3,1,235.6300048828125
10,3,1,238.62762986254157
10,3,1,236.7323168500497
10,3,1,236.57047071503902
10,3,1,234.21322108113299
11,3,1,236.77000427246094
11,3,1,237.76967155159616
11,3,1,237.70444643173312
11,3,1,237.54842967732992
11,3,1,236.09633751463292
12,3,1,236.02999877929687
12,3,1,234.32060987918223
12,3,1,235.74758039714715
12,3,1,236.43205245515534
12,3,1,235.58369548370013
13,3,1,237.10000610351562
13,3,1,235.67219069711237
13,3,1,237.61826836121227
13,3,1,235.3948420967519
13,3,1,236.35015087493645
14,3,1,237.1199951171875
14,3,1,236.36374509765815
14,3,1,237.85442304095685
14,3,1,236.9219023023858
14,3,1,238.0412283867506
15,3,1,235.77000427246094
15,3,1,236.18390953957987
15,3,1,235.95742637331983
15,3,1,234.6406482124584
15,3,1,236.0110553356972
16,3,1,235.3800048828125
16,3,1,234.56433574401433
16,3,1,236.38298168555744
16,3,1,232.99760553231937
16,3,1,235.09170371315884
17,3,1,235.8000030517578
17,3,1,236.2217087980639
17,3,1,235.21916544035454
17,3,1,235.93709356720362
17,3,1,238.2387446088755
18,3,1,234.17999267578125
18,3,1,234.20754445660845
18,3,1,233.50574485362478
18,3,1,233.6562818198892
18,3,1,233.2645686952719
19,3,1,234.67999267578125
19,3,1,235.15094344104787
19,3,1,236.86791683713255
19,3,1,234.5986153909531
19,3,1,233.6770079885246
20,3,1,234.44000244140625
20,3,1,233.61496739609947
20,3,1,233.81803353917317
20,3,1,235.41784409563434
20,3,1,234.59165559695572
21,3,1,235.05999755859375
21,3,1,236.1362303350222
21,3,1,235.2849397290298
21,3,1,235.29118042482116
21,3,1,235.6111707639036
22,3,1,236.02000427246094
22,3,1,237.85522560426122
22,3,1,235.6269665552937
22,3,1,237.2551649030736
22,3,1,236.73364431522424
23,3,1,235.63999938964844
23,3,1,235.26550915932478
23,3,1,237.1815789711239
23,3,1,235.56153050580727
23,3,1,235.9594348175575
24,3,1,236.35000610351562
24,3,1,236.03124041953475
24,3,1,235.33074365514784
24,3,1,236.76566673345894
24,3,1,236.6094127642562
25,3,1,236.35000610351562
25,3,1,237.16290386657218
25,3,1,235.954731998713
25,3,1,238.77682044034898
25,3,1,237.26366694375352
26,3,1,237.38999938964844
26,3,1,237.17821277980005
26,3,1,235.8139638545925
26,3,1,236.66273013453977
26,3,1,238.6732698620122
27,3,1,238.10000610351562
27,3,1,238.53634214086472
27,3,1,237.33045630714838
27,3,1,238.04483743159312
27,3,1,239.004819563697
28,3,1,238.64999389648437
28,3,1,238.01162281438457
28,3,1,238.21893999914354
28,3,1,238.71103970045255
28,3,1,237.63350073147987
29,3,1,234.38999938964844
29,3,1,234.2019315728578
29,3,1,235.81469686099413
29,3,1,233.90314018379843
29,3,1,235.21403412350188
30,3,1,239.5800018310547
30,3,1,240.3693835262749
30,3,1,239.54873409441726
30,3,1,241.17175475748192
30,3,1,239.2985771051667
31,3,1,238.64999389648437
31,3,1,238.6761072196454
31,3,1,240.34532811044036
31,3,1,238.84710874711882
31,3,1,238.46369962666753
32,3,1,238.83999633789063
32,3,1,238.74762096080445
32,3,1,240.15155672644804
32,3,1,238.33382393460752
32,3,1,238.28471126318837
33,3,1,238.52999877929687
33,3,1,239.30847741102232
33,3,1,238.2221690540136
33,3,1,238.41632359358053
33,3,1,240.0157033549822
34,3,1,239.55999755859375
34,3,1,238.57374269180974
34,3,1,239.09860092149475
34,3,1,240.11368137699515
34,3,1,238.60854341190014
35,3,1,238.5399932861328
35,3,1,239.02403291474087
35,3,1,238.7320440475378
35,3,1,239.0736766948608
35,3,1,240.7054046788545
36,3,1,238.36000061035156
36,3,1,239.3928378165667
36,3,1,238.82827140502775
36,3,1,238.97768371005432
36,3,1,238.70734481806045
37,3,1,237.97000122070312
37,3,1,238.4674851088534
37,3,1,237.10645721164744
37,3,1,238.07070117912554
37,3,1,236.28825599964262
38,3,1,237.77000427246094
38,3,1,237.31933234497825
38,3,1,238.8080410901684
38,3,1,237.20377320182473
38,3,1,237.72373297759557
39,3,1,237.32000732421875
39,3,1,236.42327326127915
39,3,1,235.80218239745903
39,3,1,236.28861764474087
39,3,1,237.63339589953856
40,3,1,237.7823703122834
40,3,1,236.85103016713836
40,3,1,237.91773278431117
40,3,1,239.2085221318005
40,3,1,237.84854407565172
41,3,1,236.8300018310547
41,3,1,235.73284707414405
41,3,1,237.64721442655065
41,3,1,237.1013769713533
41,3,1,236.72073029127714
42,3,1,236.44000244140625
42,3,1,238.28331195604684
42,3,1,235.87176756915568
42,3,1,236.84227375898107
42,3,1,237.65255131592642
43,3,1,237.19000244140625
43,3,1,237.52941337694668
43,3,1,237.53421131375137
43,3,1,236.4645016188645
43,3,1,236.04357154288152
44,3,1,234.3800048828125
44,3,1,234.21071041571514
44,3,1,234.51632295128684
44,3,1,233.77356433139292
44,3,1,233.95537097842117
45,3,1,235.27999877929687
45,3,1,234.5678856785122
45,3,1,235.38067643129634
45,3,1,233.64564013311292
45,3,1,234.61148175798178
46,3,1,235.05999755859375
46,3,1,236.5688528427597
46,3,1,235.7334819420066
46,3,1,234.49847962054048
46,3,1,235.99642256437966
47,3,1,232.97000122070312
47,3,1,233.21321339380123
47,3,1,233.18612006275274
47,3,1,232.71212246998334
47,3,1,233.94821025638933
48,3,1,234.69000244140625
48,3,1,234.0953654136567
48,3,1,235.64175720096014
48,3,1,233.98147121304146
48,3,1,234.64353984848506
49,3,1,234.66000366210937
49,3,1,233.9027397510617
49,3,1,232.97964928441584
49,3,1,233.8762261041539
49,3,1,235.31260282485002
50,3,1,235.66000366210937
50,3,1,236.63542755089267
50,3,1,236.6242764995283
50,3,1,234.41504706283854
50,3,1,235.73226746666512
51,3,1,236.41000366210937
51,3,1,236.9600819371256
51,3,1,236.96061943709773
51,3,1,235.49737279524888
51,3,1,236.98355053730955
52,3,1,235.22000122070312
52,3,1,234.78600369629487
52,3,1,234.4875338278962
52,3,1,235.50970840214285
52,3,1,233.65859237569478
53,3,1,236.83999633789062
53,3,1,236.6445930855458
53,3,1,236.7354734643314
53,3,1,236.58808082030674
53,3,1,239.00464951646086
54,3,1,237.19000244140625
54,3,1,238.23692442344677
54,3,1,236.67603076190366
54,3,1,235.98393522395708
54,3,1,236.32668901248658
55,3,1,234.55999755859375
55,3,1,233.13576128855712
55,3,1,235.8272915775925
55,3,1,235.87119831880733
55,3,1,233.40242542001513
56,3,1,235.1999969482422
56,3,1,234.92124590680564
56,3,1,233.75210344377257
56,3,1,235.72314746451764
56,3,1,235.40639383529592
57,3,1,235.5500030517578
57,3,1,236.36695892685012
57,3,1,237.08350020566039
57,3,1,236.52289908639995
57,3,1,235.2170835060668
58,3,1,236.74000549316406
58,3,1,236.11164439637497
58,3,1,237.51560485052772
58,3,1,238.44374722971912
58,3,1,235.8458396224671
59,3,1,234.77000427246094
59,3,1,235.51601992475983
59,3,1,235.06235482700245
59,3,1,235.05626198906174
59,3,1,237.50441636362936
60,3,1,234.8000030517578
60,3,1,234.90258219006566
60,3,1,235.2435753044498
60,3,1,234.69099913486986
60,3,1,235.4769725183647
61,3,1,235.4499969482422
61,3,1,237.2500862783685
61,3,1,236.16297727550324
61,3,1,235.6748944723783
61,3,1,235.20933601056595
62,3,1,235.30999755859375
62,3,1,235.42484886716574
62,3,1,236.53657961007406
62,3,1,234.64790352699697
62,3,1,235.25442074417208
63,3,1,236.02999877929687
63,3,1,235.40206583927687
63,3,1,237.04018254279498
63,3,1,236.28727290591462
63,3,1,236.71768070738273
64,3,1,236.3699951171875
64,3,1,235.3393332224659
64,3,1,236.92326254763807
64,3,1,235.9676771164451
64,3,1,236.52358533551808
65,3,1,231.13999938964844
65,3,1,230.1723988676999
65,3,1,233.29066150409326
65,3,1,232.0237972239062
65,3,1,233.03177731299576
66,3,1,237.47999572753906
66,3,1,236.33018704073245
66,3,1,236.24823650064957
66,3,1,237.11834988684515
66,3,1,237.1593652971416
67,3,1,235.42999267578125
67,3,1,234.299443646083
67,3,1,237.06537417270357
67,3,1,237.0049130394696
67,3,1,237.7921126629057
68,3,1,235.10000610351562
68,3,1,236.91726146864764
68,3,1,235.811176609624
68,3,1,237.89178002533728
68,3,1,233.95215861717008
69,3,1,235.08999633789062
69,3,1,232.50616227609143
69,3,1,237.2587473978982
69,3,1,235.03210320627514
69,3,1,234.74798459049356
70,3,1,237.8300018310547
70,3,1,239.703511839403
70,3,1,239.43454833503137
70,3,1,238.07925694947184
70,3,1,238.3361621382059
71,3,1,238.61000061035156
71,3,1,237.01905466798297
71,3,1,241.2322743286056
71,3,1,238.59760787367225
71,3,1,236.484692233686
72,3,1,238.07000732421875
72,3,1,237.6841602913068
72,3,1,239.50803869491526
72,3,1,238.18130938207264
72,3,1,236.2285376511304
73,3,1,236.7100067138672
73,3,1,235.21715100314088
73,3,1,236.14139855379804
73,3,1,236.24484010454813
73,3,1,237.42347803072585
74,3,1,237.6300048828125
74,3,1,238.4492477740624
74,3,1,236.2997203222314
74,3,1,237.26895412114462
74,3,1,238.14673585188456
75,3,1,237.8300018310547
75,3,1,239.11792191536793
75,3,1,237.88228925890644
75,3,1,236.72498081222153
75,3,1,239.76134217664006
76,3,1,236.67999267578125
76,3,1,236.76368998288976
76,3,1,236.92613908911053
76,3,1,236.34483881683113
76,3,1,236.17645386327567
77,3,1,236.7100067138672
77,3,1,236.10340878383806
77,3,1,237.60509692643012
77,3,1,235.29487526424
77,3,1,237.88779815107776
78,3,1,238.42999267578125
78,3,1,237.8829271382726
78,3,1,239.57330919573832
78,3,1,239.31894703899354
78,3,1,237.298505273337
79,3,1,237.99000549316406
79,3,1,238.49277996759483
79,3,1,237.1951763387609
79,3,1,238.86243900304808
79,3,1,238.85463279093474
80,3,1,237.7899932861328
80,3,1,237.85665551036163
80,3,1,237.815327360137
80,3,1,237.1173674024491
80,3,1,236.63124260723183
81,3,1,237.99000549316406
81,3,1,237.4361316043179
81,3,1,237.0606513718626
81,3,1,238.56340525827656
81,3,1,238.84514425679356
82,3,1,237.39999389648437
82,3,1,236.18312036751087
82,3,1,237.11059971787185
82,3,1,236.49228585865228
82,3,1,237.1062589206812
83,3,1,237.6699981689453
83,3,1,236.80947957744633
83,3,1,238.43057770837225
83,3,1,236.1533408414619
83,3,1,237.33394862833197
84,3,1,237.1699981689453
84,3,1,235.81974018952457
84,3,1,237.06343363485487
84,3,1,239.1930299709717
84,3,1,235.52581781012788
85,3,1,237.60000610351562
85,3,1,239.85762597543254
85,3,1,238.29417701441875
85,3,1,239.56634320961334
85,3,1,237.63428946949395
86,3,1,237.6199951171875
86,3,1,238.03666565832071
86,3,1,237.28183423413736
86,3,1,236.68269075730464
86,3,1,239.34583306871895
87,3,1,237.63999938964844
87,3,1,237.1075035848784
87,3,1,238.07829994607317
87,3,1,238.07018152618005
87,3,1,238.27333497643707
88,3,1,238.8699951171875
88,3,1,239.06751941747223
88,3,1,238.88135063768192
88,3,1,239.3095181166753
88,3,1,238.94509354138438
89,3,1,237.5
89,3,1,237.18606651662404
89,3,1,237.39987832652605
89,3,1,239.07478779234214
89,3,1,235.97139074531822
90,3,1,237.88999938964844
90,3,1,235.66125584835922
90,3,1,238.66413849296313
90,3,1,238.74039177403324
90,3,1,239.13135603824182
91,3,1,238.33999633789062
91,3,1,238.3701909854562
91,3,1,239.92333064665928
91,3,1,237.67970013071348
91,3,1,239.35437913935795
92,3,1,237.97000122070312
92,3,1,238.2188776427194
92,3,1,237.04413609281752
92,3,1,236.96474196621264
92,3,1,238.14821419568008
93,3,1,231.6300048828125
93,3,1,231.77452979921338
93,3,1,232.0499244555261
93,3,1,230.77502006210665
93,3,1,231.99949332926747
94,3,1,237.52999877929687
94,3,1,238.92114146974058
94,3,1,238.21471304896065
94,3,1,239.84740002776246
94,3,1,238.42053816504418
95,3,1,237.35000610351562
95,3,1,237.67798631726885
95,3,1,236.28837661114517
95,3,1,236.48982953113824
95,3,1,236.54273132579297
96,3,1,237.25
96,3,1,236.66413994927322
96,3,1,238.45139762011627
96,3,1,236.813632343739
96,3,1,238.71191916922848
97,3,1,237.25
97,3,1,236.38807121963055
97,3,1,239.08830668759524
97,3,1,236.4087202227335
97,3,1,238.47721968137643
98,3,1,238.47000122070312
98,3,1,237.32062687863518
98,3,1,239.68683770171734
98,3,1,241.69861833185558
98,3,1,238.5906449332726
99,3,1,237.4199981689453
99,3,1,237.62984662798362
99,3,1,239.93447505124402
99,3,1,237.7419973004436
99,3,1,239.3961107971133
100,3,1,237.30999755859375
100,3,1,238.0598978622879
100,3,1,235.7740161122699
100,3,1,237.70055979075582
100,3,1,239.40001555159594
1,3,2,232.3000030517578
1,3,2,232.90403418229116
1,3,2,231.20223083388652
1,3,2,231.06496848062454
1,3,2,231.4288881363532
2,3,2,239.67999267578125
2,3,2,239.11199776995363
2,3,2,239.11865646224888
2,3,2,240.13139324620806
2,3,2,240.14500465625787
3,3,2,237.22000122070312
3,3,2,237.37214200147568
3,3,2,236.85642944325005
3,3,2,237.01216533604676
3,3,2,235.93497336977467
4,3,2,237.82000732421875
4,3,2,239.05143695524674
4,3,2,235.0646459261394
4,3,2,238.30624363801994
4,3,2,240.28592621524226
5,3,2,238.64999389648437
5,3,2,238.3232500422547
5,3,2,239.4910694871412
5,3,2,237.69826612384728
5,3,2,238.28782924385195
6,3,2,238.97000122070312
6,3,2,237.4312530810037
6,3,2,239.99797969642916
6,3,2,239.21496328306668
6,3,2,239.136421496146
7,3,2,237.64999389648437
7,3,2,236.87559210614035
7,3,2,237.19593086261062
7,3,2,237.9452496785024
7,3,2,239.82081142518877
8,3,2,237.91000366210937
8,3,2,237.43053673834922
8,3,2,239.11305179106552
8,3,2,237.4288887116485
8,3,2,236.54667511637666
9,3,2,237.8000030517578
9,3,2,239.68105864382446
9,3,2,238.80949698893536
9,3,2,238.68855266031983
9,3,2,238.68557835761476
10,3,2,238.02000427246094
10,3,2,240.46442591300126
10,3,2,236.2836662936187
10,3,2,237.47325448414736
10,3,2,237.311389049934
11,3,2,237.22000122070312
11,3,2,238.20428900097087
11,3,2,235.76984063079314
11,3,2,237.7296789128065
11,3,2,236.4631546566638
12,3,2,237.86000061035156
12,3,2,237.82824047256528
12,3,2,238.70538231754696
12,3,2,237.30322332178366
12,3,2,237.7800793658982
13,3,2,238.33999633789062
13,3,2,236.6238229273604
13,3,2,237.31392446076825
13,3,2,238.15397397204208
13,3,2,238.0649605788384
14,3,2,240.0500030517578
14,3,2,240.30311985239476
14,3,2,240.75869163083289
14,3,2,240.44042483571684
14,3,2,242.1324418818103
15,3,2,239.4199981689453
15,3,2,240.2833862069273
15,3,2,239.60788079371505
15,3,2,240.2918703532086
15,3,2,239.47025698743275
16,3,2,238.27000427246094
16,3,2,238.13197617031906
16,3,2,237.36859129990333
16,3,2,238.3827844466052
16,3,2,238.73440222087473
17,3,2,238.5399932861328
17,3,2,239.43292877329958
17,3,2,239.20647505505698
17,3,2,238.18104001293884
17,3,2,237.8513790663658
18,3,2,239.08999633789063
18,3,2,239.88045157743161
18,3,2,237.359323628337
18,3,2,238.96512965025178
18,3,2,237.8631998773702
19,3,2,237.85000610351562
19,3,2,238.3975571717486
19,3,2,237.17739327557862
19,3,2,236.5856387182958
19,3,2,237.5381313121137
20,3,2,237.9600067138672
20,3,2,238.84416723622266
20,3,2,237.97364181277717
20,3,2,238.74956937958845
20,3,2,238.07838916519142
21,3,2,237.9600067138672
21,3,2,237.26610213158781
21,3,2,237.3125949169653
21,3,2,238.32802259272768
21,3,2,239.47258634766627
22,3,2,237.58999633789063
22,3,2,237.8998426581562
22,3,2,236.6760870242583
22,3,2,237.3138580402157
22,3,2,236.59338735143413
23,3,2,237.77000427246094
23,3,2,237.4342713498635
23,3,2,238.4910596814483
23,3,2,237.40913468727354
23,3,2,239.50334377936417
24,3,2,238.08999633789062
24,3,2,237.45951161622992
24,3,2,238.58831884443958
24,3,2,237.4140038978064
24,3,2,236.41676537596808
25,3,2,237.5
25,3,2,238.70987764407514
25,3,2,238.5747419601763
25,3,2,238.4035655019364
25,3,2,238.03574933952524
26,3,2,235.3699951171875
26,3,2,236.00735621817998
26,3,2,234.38419333004168
26,3,2,235.49335180887593
26,3,2,238.0300395697613
27,3,2,236.14999389648437
27,3,2,234.32539793519084
27,3,2,236.08006079133466
27,3,2,235.7581050937359
27,3,2,234.59833953981402
28,3,2,236.85000610351562
28,3,2,236.1128504215499
28,3,2,235.8238747868701
28,3,2,237.90973184829923
28,3,2,237.06502205119773
29,3,2,237.49000549316406
29,3,2,236.46652866641233
29,3,2,238.90990703145704
29,3,2,237.64400587172344
29,3,2,236.76206414525856
30,3,2,236.44000244140625
30,3,2,236.4069403896862
30,3,2,235.95955892436626
30,3,2,237.4191425928908
30,3,2,235.23473413683692
31,3,2,231.8300018310547
31,3,2,231.21902369374862
31,3,2,232.94113197418147
31,3,2,231.39226315910355
31,3,2,231.5630675466835
32,3,2,236.1999969482422
32,3,2,236.03507503212813
32,3,2,236.4803050590881
32,3,2,235.99196285351343
32,3,2,237.30618331463677
33,3,2,235.24000549316406
33,3,2,236.9139979745262
33,3,2,235.7969039230063
33,3,2,235.55993238380677
33,3,2,235.66914588967788
34,3,2,235.92999267578125
34,3,2,236.29999414773488
34,3,2,236.0010684044184
34,3,2,237.07634409194912
34,3,2,235.24796273464707
35,3,2,234.86000061035156
35,3,2,235.64723245772768
35,3,2,234.36492075592642
35,3,2,235.2869489793372
35,3,2,234.49139396007843
36,3,2,234.89999389648437
36,3,2,235.76717999090815
36,3,2,235.834754402981
36,3,2,235.19925649719636
36,3,2,236.62703558103476
37,3,2,235.67999267578125
37,3,2,236.0512793291562
37,3,2,235.8071619435862
37,3,2,235.84252933842833
37,3,2,236.62536100596952
38,3,2,235.52999877929687
38,3,2,236.7742873176834
38,3,2,234.8924319726575
38,3,2,236.7435005510293
38,3,2,235.44354482535542
39,3,2,235.89999389648437
39,3,2,235.32498671084312
39,3,2,234.22590651791725
39,3,2,236.05407082141008
39,3,2,236.6366629052428
40,3,2,237.6999969482422
40,3,2,237.61784927978306
40,3,2,239.3261398506318
40,3,2,238.3992915674378
40,3,2,238.99611960041324
41,3,2,237.75999450683594
41,3,2,237.58177311673518
41,3,2,237.53825127116446
41,3,2,235.49809106442774
41,3,2,237.4112825725773
42,3,2,234.3699951171875
42,3,2,235.80098021922595
42,3,2,234.2840034311523
42,3,2,232.9887251851665
42,3,2,235.3198991200303
43,3,2,239.11000061035156
43,3,2,238.38847417828512
43,3,2,240.34154541265272
43,3,2,240.42510019911563
43,3,2,238.2763814736912
44,3,2,238.67999267578125
44,3,2,239.2340072569116
44,3,2,239.14510244673443
44,3,2,239.02717156849334
44,3,2,239.09474001347218
45,3,2,239.02000427246094
45,3,2,238.43791223442824
45,3,2,237.3804610398216
45,3,2,239.02796648799364
45,3,2,240.21153952320256
46,3,2,238.05999755859375
46,3,2,238.62713714291854
46,3,2,238.59905250136052
46,3,2,237.09409162479494
46,3,2,238.73804249075724
47,3,2,238.08999633789062
47,3,2,238.61860892457918
47,3,2,238.897503292626
47,3,2,236.37345874613771
47,3,2,238.18685010714123
48,3,2,237.61000061035156
48,3,2,237.76289188014167
48,3,2,236.4739611282846
48,3,2,236.3845627417381
48,3,2,237.86067878712063
49,3,2,238.3800048828125
49,3,2,238.71457829180045
49,3,2,238.63888073156167
49,3,2,237.95990786239062
49,3,2,238.3443601810137
50,3,2,237.88999938964844
50,3,2,238.21907519544922
50,3,2,239.3933265209206
50,3,2,239.23895989811137
50,3,2,236.83613922874275
51,3,2,237.60000610351562
51,3,2,237.86383296451035
51,3,2,237.79373149057218
51,3,2,236.1888818022286
51,3,2,237.42986905005236
52,3,2,235.24000549316406
52,3,2,235.48056229980156
52,3,2,237.2029806659327
52,3,2,235.55709018403192
52,3,2,237.23107109724495
53,3,2,230.30999755859375
53,3,2,232.6773961046575
53,3,2,228.71237202541982
53,3,2,229.7956159167224
53,3,2,231.39222773697645
54,3,2,238.39999389648437
54,3,2,237.97844657259483
54,3,2,236.91511589395176
54,3,2,237.55992853734958
54,3,2,239.9263174968555
55,3,2,238.72000122070312
55,3,2,239.06786923603264
55,3,2,238.95019417021402
55,3,2,239.49995780808496
55,3,2,238.5930906666273
56,3,2,238.3800048828125
56,3,2,237.68225335542624
56,3,2,238.68546163580496
56,3,2,236.40436918379368
56,3,2,238.1165841941975
57,3,2,237.92999267578125
57,3,2,238.8722312902127
57,3,2,237.41416427063697
57,3,2,238.0470245005604
57,3,2,238.345262622818
58,3,2,237.94000244140625
58,3,2,239.6491012358753
58,3,2,237.54992023099348
58,3,2,237.16887318175097
58,3,2,238.4477444626348
59,3,2,238.1699981689453
59,3,2,238.5155684912761
59,3,2,238.4257141208221
59,3,2,238.2197067769787
59,3,2,240.13043484777276
60,3,2,237.83999633789062
60,3,2,239.03309246183264
60,3,2,238.57185153112522
60,3,2,238.91844232130688
60,3,2,237.72946525305235
61,3,2,237.99000549316406
61,3,2,240.28646466203264
61,3,2,238.11933899396865
61,3,2,238.16700131370018
61,3,2,237.73150736719714
62,3,2,237.41000366210937
62,3,2,237.00551378440016
62,3,2,238.28151443548728
62,3,2,238.56695641720367
62,3,2,236.55296472333924
63,3,2,237.0399932861328
63,3,2,237.70441922450757
63,3,2,237.57047119292534
63,3,2,237.21369474824368
63,3,2,237.10738905306158
64,3,2,237.92999267578125
64,3,2,238.43349143797252
64,3,2,236.54502487071883
64,3,2,237.63606912650673
64,3,2,237.60567673231498
65,3,2,236.8699951171875
65,3,2,239.2714607380201
65,3,2,237.8391021880424
65,3,2,237.42424593204564
65,3,2,235.5209458634867
66,3,2,237.3300018310547
66,3,2,237.76269981782235
66,3,2,238.12140405840046
66,3,2,238.70136123048692
66,3,2,237.69916523118107
67,3,2,237.8300018310547
67,3,2,237.14141731420247
67,3,2,238.69723084435108
67,3,2,238.61296679813748
67,3,2,238.75280350898444
68,3,2,237.85000610351562
68,3,2,236.86793273038785
68,3,2,237.95578881457024
68,3,2,237.83843943018897
68,3,2,239.37529698094062
69,3,2,237.7823703122834
69,3,2,236.64141405424152
69,3,2,238.7605394715845
69,3,2,239.68581741688996
69,3,2,238.85274435997013
70,3,2,236.35000610351562
70,3,2,236.35850493445457
70,3,2,236.97908536633037
70,3,2,234.75603240203475
70,3,2,236.25369216328795
71,3,2,234.58999633789063
71,3,2,233.86149201912534
71,3,2,235.05658791638413
71,3,2,235.27258774260062
71,3,2,234.4196874559845
72,3,2,236.1199951171875
72,3,2,233.71832412290607
72,3,2,236.47157011177677
72,3,2,235.50308925237766
72,3,2,236.5935671215864
73,3,2,236.49000549316406
73,3,2,239.03454695732702
73,3,2,237.68523091651733
73,3,2,237.21029698362526
73,3,2,236.0897551837695
74,3,2,235.10000610351562
74,3,2,234.27130846020896
74,3,2,235.28028362429274
74,3,2,237.21913091458623
74,3,2,234.57999363569743
75,3,2,236.7100067138672
75,3,2,238.23009475276274
75,3,2,239.05050771213368
75,3,2,236.55154350310923
75,3,2,236.78911769056725
76,3,2,237.82000732421875
76,3,2,237.2651325391838
76,3,2,237.08693752492522
76,3,2,238.70982405080582
76,3,2,239.91401330066878
77,3,2,237.2899932861328
77,3,2,238.39039969724735
77,3,2,238.4855097649304
77,3,2,237.7626981642025
77,3,2,236.29397186364625
78,3,2,236.55999755859375
78,3,2,235.08794504461352
78,3,2,236.6606270521294
78,3,2,236.84789765262425
78,3,2,236.70052527379664
79,3,2,234.77000427246094
79,3,2,235.94660675351753
79,3,2,236.2997333563277
79,3,2,235.8447782432022
79,3,2,235.52727685711034
80,3,2,235.80999755859375
80,3,2,235.4381793982496
80,3,2,236.05145011613178
80,3,2,234.54318360939578
80,3,2,236.2702375161401
81,3,2,236.49000549316406
81,3,2,236.86371850021354
81,3,2,236.62843302317248
81,3,2,236.28680311859384
81,3,2,236.48249486462998
82,3,2,235.44000244140625
82,3,2,235.86913554608924
82,3,2,234.9813645485134
82,3,2,234.97554885721928
82,3,2,235.3664583106544
83,3,2,234.86000061035156
83,3,2,236.2558310201913
83,3,2,236.45834828050351
83,3,2,233.73424726706915
83,3,2,236.52017346011218
84,3,2,236.3800048828125
84,3,2,237.24823578114194
84,3,2,236.60467199021232
84,3,2,238.1954187033864
84,3,2,234.2652668312848
85,3,2,235.72999572753906
85,3,2,235.8709282005042
85,3,2,234.97600138229996
85,3,2,236.40737859864495
85,3,2,236.44050463685957
86,3,2,236.72000122070312
86,3,2,237.01291288123494
86,3,2,237.41896503423638
86,3,2,237.35491118449744
86,3,2,237.11111528066144
87,3,2,236.85000610351562
87,3,2,237.9042869055042
87,3,2,235.63326662874658
87,3,2,237.52565260699018
87,3,2,237.55955462585968
88,3,2,237.02999877929687
88,3,2,238.13935677344543
88,3,2,236.13876613948682
88,3,2,237.55158464018822
88,3,2,236.86906472085343
89,3,2,236.52999877929687
89,3,2,235.48647123742882
89,3,2,235.83909438809556
89,3,2,237.22254707803407
89,3,2,236.52950054805362
90,3,2,234.4199981689453
90,3,2,234.0141471032399
90,3,2,233.6972808630453
90,3,2,235.309076736739
90,3,2,233.48907772685348
91,3,2,234.55999755859375
91,3,2,235.0475601109504
91,3,2,232.6036070910042
91,3,2,235.90293084171032
91,3,2,234.2249963225319
92,3,2,235.94000244140625
92,3,2,235.95883443708794
92,3,2,235.50468912521984
92,3,2,236.35383440097843
92,3,2,236.2024697849348
93,3,2,236.69000244140625
93,3,2,237.50150552614045
93,3,2,235.82742272670103
93,3,2,238.72900237538977
93,3,2,235.83242650374856
94,3,2,235.75999450683594
94,3,2,235.79310695051723
94,3,2,235.24595533830689
94,3,2,234.6943193802162
94,3,2,234.77112029856704
95,3,2,235.77999877929687
95,3,2,236.01224030991227
95,3,2,236.28717508666392
95,3,2,236.02418246902187
95,3,2,235.83248081379142
96,3,2,237.05999755859375
96,3,2,236.6669276541438
96,3,2,236.75972302820634
96,3,2,236.40824925816392
96,3,2,236.69857175551658
97,3,2,235.75
97,3,2,234.7754924988281
97,3,2,235.6603741128072
97,3,2,236.87472712579537
97,3,2,236.0622166052858
98,3,2,237.55999755859375
98,3,2,237.05808115491752
98,3,2,237.99696887007286
98,3,2,238.79981699164057
98,3,2,236.80557781677504
99,3,2,237.7823703122834
99,3,2,237.49809116576594
99,3,2,237.0665802767653
99,3,2,237.4818559925838
99,3,2,238.95866440941163
100,3,2,239.4499969482422
100,3,2,240.00746047040704
100,3,2,240.0535036881455
100,3,2,237.79744095302277
100,3,2,238.93288135998324
1,4,1,235.80999755859375
1,4,1,234.80489843836088
1,4,1,235.82638033337
1,4,1,235.5369097581846
1,4,1,235.21467874259193
2,4,1,235.13999938964844
2,4,1,234.3610150735688
2,4,1,234.40150142191774
2,4,1,234.51399918942607
2,4,1,233.70542300464837
3,4,1,235.60000610351562
3,4,1,232.98389230717083
3,4,1,234.9048011258645
3,4,1,235.76288701488656
3,4,1,234.60395889483448
4,4,1,235.77999877929687
4,4,1,236.8261271644558
4,4,1,236.1605728454916
4,4,1,235.45299621648124
4,4,1,235.38562349314165
5,4,1,236.6300048828125
5,4,1,236.21504930145767
5,4,1,238.7240810788471
5,4,1,235.43893940696609
5,4,1,239.09435915806753
6,4,1,236.25
6,4,1,236.47571266640557
6,4,1,237.38910394458455
6,4,1,235.40038954146004
6,4,1,236.8815285767347
7,4,1,236.02000427246094
7,4,1,237.58621812587205
7,4,1,237.13657204839808
7,4,1,236.61112558103974
7,4,1,236.65121729884152
8,4,1,237.05999755859375
8,4,1,237.20527212473218
8,4,1,235.9453078341609
8,4,1,237.16232448333915
8,4,1,236.10812933909787
9,4,1,236.6699981689453
9,4,1,236.83027922765297
9,4,1,238.2249016807286
9,4,1,237.727495585567
9,4,1,235.60217749827348
10,4,1,236.41000366210937
10,4,1,235.88087476482414
10,4,1,236.49023102419827
10,4,1,236.45416793505282
10,4,1,236.3396792917142
11,4,1,237.3800048828125
11,4,1,236.70823550209846
11,4,1,237.18775277130877
11,4,1,238.67639395433673
11,4,1,237.06041925843272
12,4,1,236.61000061035156
12,4,1,237.56862062615176
12,4,1,236.57210589276573
12,4,1,237.0388211075874
12,4,1,237.04568742837463
13,4,1,237.1300048828125
13,4,1,236.28064338513292
13,4,1,237.67819518715635
13,4,1,236.53463384591763
13,4,1,238.3371133541315
14,4,1,237.4499969482422
14,4,1,237.58347444554568
14,4,1,236.25597124412522
14,4,1,236.11211767879038
14,4,1,236.5258544923568
15,4,1,236.6699981689453
15,4,1,235.26078401604104
15,4,1,235.00809372122137
15,4,1,238.330152398048
15,4,1,236.6403636949598
16,4,1,235.35000610351562
16,4,1,234.64564703531443
16,4,1,236.52987791421592
16,4,1,235.5145468381452
16,4,1,237.213967084597
17,4,1,236.75
17,4,1,235.69124529033172
17,4,1,236.6324688994962
17,4,1,237.44982293968187
17,4,1,237.0651375559247
18,4,1,235.77999877929687
18,4,1,235.88396040438028
18,4,1,237.25172706544313
18,4,1,236.36050383450868
18,4,1,235.99468346783766
19,4,1,236.30999755859375
19,4,1,237.1792229127194
19,4,1,236.85699716417125
19,4,1,237.307396239454
19,4,1,236.97450669810436
20,4,1,236.3800048828125
20,4,1,236.83696048035966
20,4,1,234.61661666299
20,4,1,236.35569566613077
20,4,1,236.01752044082414
21,4,1,236.11000061035156
21,4,1,236.47160342696702
21,4,1,236.694005271039
21,4,1,236.40475765636012
21,4,1,235.3477845780818
22,4,1,236.69000244140625
22,4,1,236.39618518897518
22,4,1,235.70051184772404
22,4,1,236.05722407501634
22,4,1,238.0186931984672
23,4,1,236.8000030517578
23,4,1,235.54828224057303
23,4,1,234.670095688073
23,4,1,239.08658312453758
23,4,1,237.0607389297783
24,4,1,236.4499969482422
24,4,1,237.3557788021076
24,4,1,235.19742660556318
24,4,1,237.77637261947223
24,4,1,237.53218277496893
25,4,1,236.97999572753906
25,4,1,236.7642043980862
25,4,1,236.4525939847724
25,4,1,235.81110059674225
25,4,1,237.88613339991275
26,4,1,238.72000122070312
26,4,1,239.35645050587877
26,4,1,237.24152151749868
26,4,1,236.67797851370852
26,4,1,238.41284519172743
27,4,1,239.3000030517578
27,4,1,238.35631492937165
27,4,1,240.63603430982553
27,4,1,238.98950445654143
27,4,1,239.19616735806386
28,4,1,240.3699951171875
28,4,1,241.22126817531117
28,4,1,239.69565994543788
28,4,1,241.1951941407921
28,4,1,239.11180566649577
29,4,1,240.27999877929687
29,4,1,240.58654826853848
29,4,1,240.01843016329357
29,4,1,240.08974384042622
29,4,1,240.79705177375334
30,4,1,239.3800048828125
30,4,1,237.61669367419682
30,4,1,238.24947624423066
30,4,1,239.8699405602939
30,4,1,238.82364989042273
31,4,1,239.77000427246094
31,4,1,238.7260969736071
31,4,1,239.03963159150877
31,4,1,240.47502217404394
31,4,1,240.16497166542064
32,4,1,238.88999938964844
32,4,1,237.3240977179826
32,4,1,241.17842356724762
32,4,1,238.0052121815992
32,4,1,239.169047610256
33,4,1,240.30999755859375
33,4,1,239.16492791721615
33,4,1,241.6581830472699
33,4,1,239.7645579137518
33,4,1,240.21255467547525
34,4,1,239.91000366210937
34,4,1,240.172938625619
34,4,1,238.06920895968423
34,4,1,241.18957492317355
34,4,1,240.58996132472686
35,4,1,239.00999450683594
35,4,1,238.4868429185183
35,4,1,240.16861620852927
35,4,1,238.04897753988348
35,4,1,237.61663096908129
36,4,1,239.3800048828125
36,4,1,239.27616399948457
36,4,1,240.50220399442665
36,4,1,240.23946331201236
36,4,1,237.78025554884962
37,4,1,236.77000427246094
37,4,1,236.73832629527055
37,4,1,237.0315315942811
37,4,1,237.4073025604471
37,4,1,234.76405704930153
38,4,1,238.5800018310547
38,4,1,239.62031579543807
38,4,1,238.934376193958
38,4,1,238.70208550962096
38,4,1,238.66357222823828
39,4,1,239.64999389648437
39,4,1,238.40215942543932
39,4,1,239.05461427291198
39,4,1,240.45404272060523
39,4,1,238.636316905539
40,4,1,237.7823703122834
40,4,1,237.46974792500103
40,4,1,237.03578789759038
40,4,1,237.98701753022274
40,4,1,236.95757300858634
41,4,1,239.60000610351562
41,4,1,238.53079673755323
41,4,1,241.56535316654413
41,4,1,238.33862529570865
41,4,1,241.34964806536297
42,4,1,236.8699951171875
42,4,1,236.64694184289223
42,4,1,235.59717283950496
42,4,1,237.92692249094856
42,4,1,237.7923338292786
43,4,1,236.66000366210937
43,4,1,234.29953348638804
43,4,1,238.04679756684476
43,4,1,238.04388462692552
43,4,1,236.72069703550127
44,4,1,235.02999877929687
44,4,1,236.6399111778163
44,4,1,235.5518657719173
44,4,1,233.69187825057995
44,4,1,233.33077460190495
45,4,1,235.5500030517578
45,4,1,236.97094002181157
45,4,1,235.60733041038475
45,4,1,235.4459503801874
45,4,1,235.911265765073
46,4,1,236.13999938964844
46,4,1,235.91519411240515
46,4,1,238.4663914954807
46,4,1,237.24076140681078
46,4,1,235.42069585744025
47,4,1,236.47999572753906
47,4,1,237.45134578196485
47,4,1,236.76605809396074
47,4,1,237.55228613308333
47,4,1,238.09752965019416
48,4,1,237.33999633789062
48,4,1,237.06891165193807
48,4,1,239.0822666623602
48,4,1,237.6069848432992
48,4,1,235.15636940037075
49,4,1,235.7100067138672
49,4,1,236.3947382262744
49,4,1,235.7085228826557
49,4,1,233.82346044449307
49,4,1,234.26759582569153
50,4,1,236.38999938964844
50,4,1,236.37955599179622
50,4,1,236.83784361444123
50,4,1,235.90304220323193
50,4,1,234.79330672367624
51,4,1,237.17999267578125
51,4,1,237.9699031134376
51,4,1,236.68759695985565
51,4,1,237.20268663769497
51,4,1,237.4055222037165
52,4,1,237.08999633789062
52,4,1,237.36276966365946
52,4,1,236.17236228842725
52,4,1,237.60435223403042
52,4,1,235.78270415327245
53,4,1,237.25
53,4,1,236.79160987869827
53,4,1,237.39068793430386
53,4,1,236.21174882149995
53,4,1,237.74324528210764
54,4,1,236.27999877929687
54,4,1,235.3801805253292
54,4,1,234.26680589236167
54,4,1,236.4801204327791
54,4,1,235.0619280545996
55,4,1,236.0800018310547
55,4,1,235.39443771619645
55,4,1,237.04896696473975
55,4,1,235.97507666069166
55,4,1,238.00935400665972
56,4,1,236.1999969482422
56,4,1,236.76200989150445
56,4,1,236.33985646798536
56,4,1,237.57783196097853
56,4,1,237.08424433918674
57,4,1,236.25
57,4,1,236.26359387040435
57,4,1,236.79932646094895
57,4,1,238.78481491448173
57,4,1,234.95798796546634
58,4,1,237.3699951171875
58,4,1,237.23458802513846
58,4,1,237.549688537981
58,4,1,236.11766003257785
58,4,1,237.58704383528098
59,4,1,236.41000366210937
59,4,1,238.28564038009347
59,4,1,232.79096491890508
59,4,1,235.1147665723154
59,4,1,237.17847711384906
60,4,1,236.9199981689453
60,4,1,237.58354573805133
60,4,1,239.40871868712892
60,4,1,236.50157284225813
60,4,1,236.2364300261438
61,4,1,236.77999877929687
61,4,1,236.05983267910938
61,4,1,237.2586881895068
61,4,1,236.37187256450196
61,4,1,237.702755239927
62,4,1,236.14999389648437
62,4,1,236.40150605653682
62,4,1,236.5163513858514
62,4,1,236.4080654262967
62,4,1,236.85382950103852
63,4,1,236.5500030517578
63,4,1,237.4060402654609
63,4,1,237.05496653699765
63,4,1,235.05479463354413
63,4,1,236.19705388123242
64,4,1,235.47000122070312
64,4,1,235.35322934609172
64,4,1,234.1287272264898
64,4,1,236.63226868315178
64,4,1,235.03704673499968
65,4,1,237.5399932861328
65,4,1,238.02482977755383
65,4,1,238.33074412298316
65,4,1,237.18370544403814
65,4,1,238.53170623579038
66,4,1,236.80999755859375
66,4,1,236.0180416152488
66,4,1,237.71038571020458
66,4,1,237.33690604666413
66,4,1,236.42216555343734
67,4,1,235.69000244140625
67,4,1,234.81570274223566
67,4,1,235.41091894533162
67,4,1,235.68694361586412
67,4,1,234.91726352232334
68,4,1,237.11000061035156
68,4,1,236.81488656276716
68,4,1,236.8807832612632
68,4,1,236.88583794609147
68,4,1,236.34388078914753
69,4,1,236.19000244140625
69,4,1,236.23323484762795
69,4,1,236.3907133386679
69,4,1,234.6779289496264
69,4,1,235.01715668051642
70,4,1,239.17999267578125
70,4,1,240.30488389696893
70,4,1,238.0191275758615
70,4,1,240.0136727043928
70,4,1,238.87233028414715
71,4,1,238.64999389648437
71,4,1,237.02592012617984
71,4,1,239.34795663410125
71,4,1,236.46447296678826
71,4,1,239.0408886186527
72,4,1,238.8800048828125
72,4,1,238.38135894700633
72,4,1,238.95990913848195
72,4,1,237.71458184756492
72,4,1,238.89612466807094
73,4,1,238.33999633789062
73,4,1,239.5269888216417
73,4,1,239.7847834402434
73,4,1,237.8933484601552
73,4,1,235.55910699478014
74,4,1,238.64999389648437
74,4,1,238.09850298146284
74,4,1,238.9814894873889
74,4,1,238.56189640452968
74,4,1,236.37231290331326
75,4,1,238.72000122070312
75,4,1,240.57147972305827
75,4,1,238.69762188281217
75,4,1,238.79598313403616
75,4,1,237.8572139559129
76,4,1,238.22999572753906
76,4,1,238.74707505840615
76,4,1,236.9599944722168
76,4,1,239.78166856881722
76,4,1,236.26452295962494
77,4,1,239.4199981689453
77,4,1,238.57850446328464
77,4,1,239.5422783013202
77,4,1,239.59544024583036
77,4,1,239.75625908888944
78,4,1,239.4600067138672
78,4,1,239.2850273837089
78,4,1,239.34525474525435
78,4,1,239.881240538188
78,4,1,239.64333529217967
79,4,1,238.25999450683594
79,4,1,237.28321949351363
79,4,1,237.81252360841376
79,4,1,240.0616776995061
79,4,1,238.5838537678797
80,4,1,239.58999633789062
80,4,1,240.44014139588
80,4,1,240.33673791488832
80,4,1,240.3590064240209
80,4,1,239.78257216620636
81,4,1,238
81,4,1,236.6224461832062
81,4,1,237.4290658408424
81,4,1,238.19918618816286
81,4,1,239.2633993597978
82,4,1,238.88999938964844
82,4,1,239.48469878436913
82,4,1,238.52158893046905
82,4,1,238.59232567970304
82,4,1,240.4728395406933
83,4,1,238.9199981689453
83,4,1,239.59592135083156
83,4,1,239.11477212777004
83,4,1,238.7887659422172
83,4,1,238.8475062850053
84,4,1,237.97000122070312
84,4,1,236.7247266775957
84,4,1,236.90957088819474
84,4,1,238.61344017234643
84,4,1,239.5225770274024
85,4,1,238.52000427246094
85,4,1,237.95173196217388
85,4,1,238.127231935914
85,4,1,240.3653770967975
85,4,1,238.79295160652768
86,4,1,239.07000732421875
86,4,1,238.10454481923384
86,4,1,239.37513809883302
86,4,1,238.40560441052892
86,4,1,238.3021146567286
87,4,1,238.1999969482422
87,4,1,237.06700179954188
87,4,1,237.9731451672008
87,4,1,237.59663174357522
87,4,1,237.71310835040867
88,4,1,239.82000732421875
88,4,1,240.31836548272702
88,4,1,238.9778408278038
88,4,1,239.24628450257205
88,4,1,239.30466164952546
89,4,1,239.77000427246094
89,4,1,240.68362207377095
89,4,1,238.57205856463543
89,4,1,238.79116602964746
89,4,1,238.95028197736258
90,4,1,238.25
90,4,1,238.50822050565117
90,4,1,238.10859825126704
90,4,1,236.41668697994024
90,4,1,239.32100846198026
91,4,1,239.35000610351562
91,4,1,238.97368056102118
91,4,1,238.17484124002726
91,4,1,238.9887416390868
91,4,1,241.1722511069493
92,4,1,238.52000427246094
92,4,1,237.33426162093156
92,4,1,238.50550542222692
92,4,1,239.59421525460172
92,4,1,238.0580646282655
93,4,1,237.9600067138672
93,4,1,236.4755184549038
93,4,1,237.58404563808605
93,4,1,239.34767996710772
93,4,1,236.85864501163832
94,4,1,238.17999267578125
94,4,1,238.9530347065691
94,4,1,237.76093596722396
94,4,1,237.80119180989956
94,4,1,236.7304124148937
95,4,1,238.6199951171875
95,4,1,239.46683798934947
95,4,1,237.45845796855198
95,4,1,237.80895941193992
95,4,1,240.2002087056923
96,4,1,237.72000122070312
96,4,1,237.24350932609755
96,4,1,239.13087400775805
96,4,1,239.2334140342504
96,4,1,237.6612197888785
97,4,1,238.0800018310547
97,4,1,237.79622416553153
97,4,1,238.3684921001999
97,4,1,237.06497641813098
97,4,1,236.5657370566406
98,4,1,239.50999450683594
98,4,1,239.69772719470657
98,4,1,237.88662552536746
98,4,1,240.378508772277
98,4,1,237.51268640405053
99,4,1,240.63999938964844
99,4,1,239.785579558196
99,4,1,240.01055869602004
99,4,1,239.83563111106986
99,4,1,240.5211976063343
100,4,1,236.13999938964844
100,4,1,236.3374789039374
100,4,1,235.37317068853295
100,4,1,237.53291305399372
100,4,1,237.11493011925234
1,4,2,241.88999938964844
1,4,2,242.11925387030044
1,4,2,242.11314335470956
1,4,2,240.4252895777848
1,4,2,241.58246903126872
2,4,2,240.61000061035156
2,4,2,241.1317408459716
2,4,2,241.11268540918883
2,4,2,240.88947765127818
2,4,2,242.0155203322308
3,4,2,238.99000549316406
3,4,2,237.07297354084437
3,4,2,240.26287318883118
3,4,2,239.07108700884112
3,4,2,237.46444101403176
4,4,2,238.9499969482422
4,4,2,239.55342328160364
4,4,2,239.287478890042
4,4,2,239.9950274957095
4,4,2,239.34364832216698
5,4,2,239.10000610351562
5,4,2,239.32889164675447
5,4,2,239.85656004574815
5,4,2,239.64283992689437
5,4,2,239.48453799727028
6,4,2,239.64999389648437
6,4,2,239.2254626267671
6,4,2,241.71657292888193
6,4,2,239.74694018034506
6,4,2,239.1744988914488
7,4,2,238.9600067138672
7,4,2,239.82759783432968
7,4,2,238.2655121035235
7,4,2,238.08161553747473
7,4,2,238.50217719966435
8,4,2,238.27000427246094
8,4,2,240.19880590352207
8,4,2,238.3082304879095
8,4,2,236.37144686221043
8,4,2,239.13907587633335
9,4,2,239.00999450683594
9,4,2,238.77533342119244
9,4,2,236.7820154544678
9,4,2,238.96166440006425
9,4,2,238.12755267727655
10,4,2,238.8000030517578
10,4,2,239.29426404215175
10,4,2,236.66864860789394
10,4,2,239.31565144019893
10,4,2,237.43880919815595
11,4,2,238.22000122070312
11,4,2,239.22269465844613
11,4,2,240.8384679175485
11,4,2,240.10664224170432
11,4,2,237.6564551992016
12,4,2,239.10000610351562
12,4,2,239.68791211125043
12,4,2,239.02324468682704
12,4,2,239.3313944792431
12,4,2,238.94388386884322
13,4,2,239.38999938964844
13,4,2,238.49628249841646
13,4,2,239.5765774442024
13,4,2,240.01087454574483
13,4,2,238.69362062557144
14,4,2,240.44000244140625
14,4,2,241.468995546787
14,4,2,239.87103807407595
14,4,2,240.26945347881878
14,4,2,242.10933451270967
15,4,2,241.0500030517578
15,4,2,241.04189689787418
15,4,2,240.39167578965146
15,4,2,242.0916649598251
15,4,2,242.7839756000718
16,4,2,239.1300048828125
16,4,2,239.00739681781909
16,4,2,239.6428236357199
16,4,2,238.1063949746963
16,4,2,240.0206025061521
17,4,2,239.10000610351562
17,4,2,239.3440923008085
17,4,2,237.65771316238363
17,4,2,239.33184428287677
17,4,2,239.59681815824908
18,4,2,240.2100067138672
18,4,2,239.70364935013075
18,4,2,239.56950388698442
18,4,2,241.09644061810266
18,4,2,240.44331094264518
19,4,2,239.1199951171875
19,4,2,239.08453805518792
19,4,2,238.7966037061269
19,4,2,239.20147489532334
19,4,2,238.71763891903382
20,4,2,238.9199981689453
20,4,2,238.4513898887817
20,4,2,240.5958766721802
20,4,2,239.01367507929857
20,4,2,240.70960512637313
21,4,2,239.77999877929687
21,4,2,237.59508629300825
21,4,2,240.72638795499577
21,4,2,238.88960078158235
21,4,2,238.60579632424293
22,4,2,238.35000610351562
22,4,2,238.63387704541134
22,4,2,237.0488988213888
22,4,2,239.73385360470778
22,4,2,238.66336806561367
23,4,2,238.60000610351562
23,4,2,237.3749207745566
23,4,2,239.17125739479886
23,4,2,238.0011274493538
23,4,2,236.92833194032139
24,4,2,238.82000732421875
24,4,2,239.71916248247103
24,4,2,236.5605948527295
24,4,2,239.52856779589737
24,4,2,239.40536483109173
25,4,2,238.3000030517578
25,4,2,237.31708800124488
25,4,2,237.88443902774992
25,4,2,238.59854329382063
25,4,2,237.74278982887543
26,4,2,236.27000427246094
26,4,2,236.6006507621592
26,4,2,235.56718449338766
26,4,2,237.11462943511685
26,4,2,237.76193873679242
27,4,2,236.8800048828125
27,4,2,236.6741775163593
27,4,2,235.33043976630756
27,4,2,236.6967484261653
27,4,2,238.1448384889629
28,4,2,237.25999450683594
28,4,2,235.87801865684392
28,4,2,237.26241208073498
28,4,2,238.07091813424512
28,4,2,237.04750634452134
29,4,2,237.10000610351562
29,4,2,237.23826323722702
29,4,2,236.35558782733253
29,4,2,237.00212200059497
29,4,2,238.27560072828723
30,4,2,236.4199981689453
30,4,2,237.6232742410637
30,4,2,236.61987041524694
30,4,2,237.274202669739
30,4,2,236.3188276792304
31,4,2,236.10000610351562
31,4,2,236.55280850021268
31,4,2,236.81820630690703
31,4,2,236.89657802424892
31,4,2,234.78664783219094
32,4,2,236.6199951171875
32,4,2,235.83953517303178
32,4,2,236.89023280390398
32,4,2,237.44916989279662
32,4,2,238.3617921011338
33,4,2,235.64999389648437
33,4,2,235.0714200673401
33,4,2,234.561249001379
33,4,2,236.08481040166944
33,4,2,234.92290705391372
34,4,2,235.8800048828125
34,4,2,237.08415751723987
34,4,2,236.58710662831942
34,4,2,236.27976134657905
34,4,2,236.18637974014328
35,4,2,236.33999633789063
35,4,2,236.91162051574864
35,4,2,237.77079529742852
35,4,2,235.5011847700595
35,4,2,235.69605519009883
36,4,2,236.41000366210937
36,4,2,237.00489043482142
36,4,2,236.8014550618401
36,4,2,235.5717891316356
36,4,2,236.30502327214538
37,4,2,238.4199981689453
37,4,2,237.8562979136598
37,4,2,238.41951056782722
37,4,2,238.7288571531804
37,4,2,238.85518975411142
38,4,2,236.3300018310547
38,4,2,237.1599540556784
38,4,2,237.60622420217624
38,4,2,234.72358025621088
38,4,2,236.14315306264896
39,4,2,235.88999938964844
39,4,2,236.60367673055742
39,4,2,235.331678576135
39,4,2,237.0908570211665
39,4,2,235.5562511306099
40,4,2,239.10000610351562
40,4,2,236.17487006601763
40,4,2,240.7305789814885
40,4,2,238.76473538658107
40,4,2,239.85596851277973
41,4,2,236.3800048828125
41,4,2,236.68065112329379
41,4,2,235.90850878462464
41,4,2,235.7861578779748
41,4,2,236.24857634194976
42,4,2,240.3800048828125
42,4,2,240.47598428909765
42,4,2,240.00814329674728
42,4,2,242.24245518181257
42,4,2,239.77148755601877
43,4,2,240.8300018310547
43,4,2,240.3705998414481
43,4,2,241.22394112625727
43,4,2,243.22535787275498
43,4,2,241.4513995655023
44,4,2,239.24000549316406
44,4,2,240.26724530047807
44,4,2,239.13898921367127
44,4,2,239.7730788043621
44,4,2,237.47449963003848
45,4,2,239.19000244140625
45,4,2,238.49624443775718
45,4,2,239.34518740292137
45,4,2,241.16581243880415
45,4,2,239.775941222092
46,4,2,239.02000427246094
46,4,2,240.88216957339327
46,4,2,239.58697062022677
46,4,2,238.21825578776333
46,4,2,239.1883156192089
47,4,2,238.3699951171875
47,4,2,237.69518806882016
47,4,2,239.99014161867166
47,4,2,237.46578205446605
47,4,2,238.8319299195523
48,4,2,238.1300048828125
48,4,2,238.7147351934102
48,4,2,236.8083342811457
48,4,2,237.1055862472103
48,4,2,238.97443439201265
49,4,2,239.7899932861328
49,4,2,238.8858890174979
49,4,2,239.9300112431903
49,4,2,238.29680608474135
49,4,2,238.92991336004832
50,4,2,238.35000610351562
50,4,2,238.84635706392595
50,4,2,238.02101322898866
50,4,2,240.3469760557065
50,4,2,237.70491377538931
51,4,2,238.25999450683594
51,4,2,236.5097990502198
51,4,2,237.53227210152332
51,4,2,238.51259616987304
51,4,2,238.05531521528013
52,4,2,239.94000244140625
52,4,2,239.6623950040684
52,4,2,239.5564955874957
52,4,2,238.37537642532152
52,4,2,239.27831897054375
53,4,2,239.88999938964844
53,4,2,240.09584021655616
53,4,2,237.604311579053
53,4,2,242.0665574636187
53,4,2,239.4325471247787
54,4,2,239.6999969482422
54,4,2,239.6611414679415
54,4,2,240.96939640700666
54,4,2,240.86363736918716
54,4,2,238.6732722363929
55,4,2,238.67999267578125
55,4,2,238.44704168217442
55,4,2,238.97437722333834
55,4,2,238.1371189738482
55,4,2,239.3865103044539
56,4,2,239.64999389648437
56,4,2,237.79317414340977
56,4,2,237.90293484820788
56,4,2,240.05556382916242
56,4,2,240.71042506331065
57,4,2,238.35000610351562
57,4,2,237.12495402819653
57,4,2,237.79278758704623
57,4,2,239.75611992953338
57,4,2,238.00295037090854
58,4,2,238.16000366210937
58,4,2,238.90093724226094
58,4,2,237.36539165496092
58,4,2,237.2505285050717
58,4,2,237.85414009625237
59,4,2,238.94000244140625
59,4,2,239.38535098655757
59,4,2,239.07124071697982
59,4,2,239.376905763356
59,4,2,236.73176287550342
60,4,2,237.91000366210937
60,4,2,237.5021436742516
60,4,2,238.56891276710908
60,4,2,237.6160581276065
60,4,2,235.31903285147038
61,4,2,238.6999969482422
61,4,2,238.13674111485366
61,4,2,239.2831100421736
61,4,2,240.2523975248982
61,4,2,238.78814399871655
62,4,2,238.10000610351562
62,4,2,239.162599500375
62,4,2,238.39430555725977
62,4,2,236.81186754433503
62,4,2,240.3501175454495
63,4,2,239.02999877929687
63,4,2,238.10120505099158
63,4,2,238.40458330523452
63,4,2,239.60013421450546
63,4,2,238.92514605137671
64,4,2,240.41000366210937
64,4,2,238.72161571534778
64,4,2,239.55618104721572
64,4,2,240.8129098457349
64,4,2,240.4839530665151
65,4,2,239.9600067138672
65,4,2,239.43167358185565
65,4,2,241.61234246828388
65,4,2,239.9271213586135
65,4,2,239.884608459301
66,4,2,239.44000244140625
66,4,2,239.8035419803645
66,4,2,241.12570747432775
66,4,2,238.61977916064595
66,4,2,239.38314232356998
67,4,2,238.6199951171875
67,4,2,240.30907698705707
67,4,2,240.50998319156426
67,4,2,237.12094525658534
67,4,2,240.3462663154572
68,4,2,238.5500030517578
68,4,2,237.941047471281
68,4,2,238.32415777315614
68,4,2,238.20731193248656
68,4,2,238.4223409325993
69,4,2,237.7823703122834
69,4,2,235.66899923590853
69,4,2,236.5833897917792
69,4,2,238.30148791806943
69,4,2,237.89035369051564
70,4,2,237.35000610351562
70,4,2,239.89759446594428
70,4,2,236.46109644052038
70,4,2,237.8762610882375
70,4,2,238.34035125764967
71,4,2,235.82000732421875
71,4,2,236.3953028669186
71,4,2,234.97241296216433
71,4,2,235.29503084693135
71,4,2,235.15070640496654
72,4,2,236.5
72,4,2,237.66836246774145
72,4,2,238.5379409763284
72,4,2,238.1548760363622
72,4,2,237.86941675565942
73,4,2,237.44000244140625
73,4,2,236.80277257237532
73,4,2,236.48861026652037
73,4,2,237.70714137786143
73,4,2,237.92192742563188
74,4,2,235.92999267578125
74,4,2,237.44800064274395
74,4,2,234.59659185241654
74,4,2,235.68343273745413
74,4,2,236.62955734158717
75,4,2,236.86000061035156
75,4,2,236.16486303084238
75,4,2,238.19034861113144
75,4,2,238.00963182865019
75,4,2,236.54737012732187
76,4,2,237
76,4,2,237.71594140880913
76,4,2,238.69503015095762
76,4,2,238.5276836644521
76,4,2,236.56417256563284
77,4,2,237.1999969482422
77,4,2,238.30460031613697
77,4,2,238.6307484674211
77,4,2,236.6944414873505
77,4,2,237.3212091160504
78,4,2,237
78,4,2,237.18627002152408
78,4,2,238.5187497116939
78,4,2,237.428134964459
78,4,2,236.35955366576513
79,4,2,236.10000610351562
79,4,2,236.70625881045777
79,4,2,238.2830139228333
79,4,2,237.64062098863104
79,4,2,235.25826671083567
80,4,2,236.6199951171875
80,4,2,235.9661578204101
80,4,2,236.0927929608604
80,4,2,236.80696573903205
80,4,2,237.3228852168693
81,4,2,237.3000030517578
81,4,2,236.67247257972733
81,4,2,238.51823864100945
81,4,2,237.3431108943372
81,4,2,237.01691867476103
82,4,2,236.1999969482422
82,4,2,235.2418354522296
82,4,2,235.48120078263324
82,4,2,235.08469431043085
82,4,2,236.4497664312327
83,4,2,237.24000549316406
83,4,2,236.11226740223168
83,4,2,237.59466605528803
83,4,2,238.56857180380757
83,4,2,236.9329126998545
84,4,2,237.17999267578125
84,4,2,235.96387890420823
84,4,2,234.79137412808117
84,4,2,236.9466593655448
84,4,2,237.73602810221496
85,4,2,236.3300018310547
85,4,2,236.47785256960003
85,4,2,234.76735301058176
85,4,2,237.23834227990875
85,4,2,238.34726840406054
86,4,2,237.02000427246094
86,4,2,238.30182123831975
86,4,2,237.62330116369756
86,4,2,238.8155845994674
86,4,2,236.83143972102528
87,4,2,237.25999450683594
87,4,2,237.10491330402132
87,4,2,237.2303088175184
87,4,2,237.3964993291186
87,4,2,238.08174185559
88,4,2,237.0399932861328
88,4,2,238.01947602375233
88,4,2,237.96196049165488
88,4,2,237.13413403176295
88,4,2,236.84717192788665
89,4,2,236.9600067138672
89,4,2,237.4522184042372
89,4,2,236.9395959181562
89,4,2,236.05331355004586
89,4,2,237.9808036408565
90,4,2,235.7100067138672
90,4,2,234.80471555068502
90,4,2,235.1753638525278
90,4,2,236.33015659027964
90,4,2,235.51362781895946
91,4,2,235.99000549316406
91,4,2,236.11223944224275
91,4,2,234.55747552883506
91,4,2,235.45472440546007
91,4,2,235.52792620135563
92,4,2,237.1199951171875
92,4,2,236.0294366860766
92,4,2,236.56955001393627
92,4,2,236.0810186017209
92,4,2,237.8128182619159
93,4,2,237.1300048828125
93,4,2,237.47494486371824
93,4,2,237.63711678309372
93,4,2,235.99894578371234
93,4,2,235.23933553908003
94,4,2,236.9199981689453
94,4,2,235.97642555915738
94,4,2,235.91800830414178
94,4,2,237.939012790913
94,4,2,234.21565379476633
95,4,2,236.91000366210937
95,4,2,236.39543811666567
95,4,2,237.34082475432095
95,4,2,235.3075294146078
95,4,2,235.72946625813347
96,4,2,237.75
96,4,2,238.44595218314453
96,4,2,237.75781107073567
96,4,2,236.7090742844199
96,4,2,238.7918637501721
97,4,2,236.75
97,4,2,237.05966765157072
97,4,2,237.10539707261432
97,4,2,235.91231778345835
97,4,2,236.58423770688503
98,4,2,237.4199981689453
98,4,2,237.5095733974913
98,4,2,238.32294326830203
98,4,2,237.36749751421507
98,4,2,237.34945093180548
99,4,2,237.7823703122834
99,4,2,239.02861803720742
99,4,2,238.17633266805822
99,4,2,237.40514690248241
99,4,2,237.6484666905033
100,4,2,240
100,4,2,239.85061362712398
100,4,2,241.07703711927297
100,4,2,239.39755786113574
100,4,2,240.83556908642268
