"TIME","FACTOR 1","FACTOR 2","Y","PDC RSG","PDCxT RSG","YBAR(k,t)","YBAR(.t)","YBAR(k.)","YBAR","R1","R2","R3","R4","R5","RCR1","RCR2","RCR3","RCR4","RCR5","PDC ID","PDC MAIN EFFECTS","PT ID","PT MAIN EFFECTS","PDCxPT ID","PDCxPT INTERACTION EFFECTS","F1 ID","F1 MAIN EFFECT","F2 ID","F2 MAIN EFFECT","F1xF2 ID","F1xF2 INTERACTION EFFECT","F1 MAIN EFFECTS","F2 MAIN EFFECTS","F1xF2 INTERACTION EFFECTS","TAGUCHI COMPONENT","TAGUCHI LOSS","PERCENT CONTRIBUTION TO LOSS","LOSS FUNCTION LABELS","TAGUCHI-COMPONENT","TAGUCHI-LOSS","PERCENT-CONTRIBUTION TO LOSS","LOSS-FUNCTION LABELS","VAS MU ESTIMATE","GLM MU ESTIMATE PDCxT","GLM MU ESTIMATE F1-F2","VAS PDC,PT AND PDCxPT ESTIMATES","GLM PDC,PT AND PDCxPT ESTIMATES","VAS F1,F2 AND F1xF2 ESTIMATES","GLM F1,F2 AND F1xF2 ESTIMATES"
1,1,1,236.92999267578125,11,11001,238.29999542236328,237.54937362670898,238.10812338574004,237.78237031228343,-0.8523776365021831,-1.3700027465820313,-0.9451340243843447,-1.60299943215648,-1.044249673125421,236.92999267578125,236.4123675657014,236.8372362878991,236.17937088012695,236.738120639158,8,0.32575307345661003,1,-0.23299668557444875,11001,0.42486872219768657,1,0.6065651783139283,1,-0.3816774388109254,11,0.10086533395360714,-0.7634375682681027,-1.7516801853929564,-1.2691374126284238,"PDCxTIME",1.2059178711986434,43.7,"43.7%","PDCxTIME",1.2059178711986434,43.7,"43.7%",237.78237031228343,237.78237031228343,237.78237031228343,0.32575307345661003,0.32575307345662297,0.6065651783139283,0.6065651783139413
1,1,1,239.6699981689453,11,11001,238.29999542236328,237.54937362670898,238.10812338574004,237.78237031228343,1.8876278566618794,1.3700027465820313,1.7948714687797178,1.1370060610075825,1.6957558200386416,239.6699981689453,239.15237305886546,239.57724178106315,238.91937637329102,239.47812613232207,8,0.8873772831712466,2,-0.31972151926717807,11002,0.9377823741414915,2,0.3755035922554268,2,0.3816774388108962,12,-0.10086533395357788,1.9765679248959598,0.988325307771106,1.4708680805356387,"UNEXPLAINED",0.9299194198456252,33.7,"33.7%","UNEXPLAINED",0.9299194198456252,33.7,"33.7%",,,,0.8873772831712466,0.8873772831712531,0.3755035922554268,0.3755035922554511
2,1,1,239.6699981689453,11,11002,238.72618424061437,237.46264879301626,238.10812338574004,237.78237031228343,1.8876278566618794,0.9438139283309397,1.8815963024724454,0.6240924090637634,1.26956700178755,239.6699981689453,238.72618424061437,239.66396661475588,238.4064627213472,239.05193731407098,8,-0.3876699949006195,3,0.2320053743620747,11003,-0.6951244876411806,3,-1.0393346324770936,,,21,-0.3814961483451209,1.5503791066448682,0.5621364895200145,1.044679262284547,"PDC",0.5925970507052605,21.5,"21.5%","F1",0.3981050301365155,14.4,"14.4%",,,,-0.3876699949006195,-0.3876699949005872,-1.0393346324770936,-1.0393346324770802
2,1,1,237.7823703122834,11,11002,238.72618424061437,237.46264879301626,238.10812338574004,237.78237031228343,-0.00000000000002842170943040401,-0.9438139283309681,-0.00603155418946244,-1.2635354475981444,-0.6180608548743578,237.7823703122834,236.83855638395247,237.77633875809397,236.5188348646853,237.16430945740908,8,1.138677179411473,4,-0.20299409158030812,11004,0.7648688747855772,4,0.05726586190768004,,,22,0.3814961483451499,-0.3372487500170396,-1.3254913671418933,-0.8429485943773607,"TIME",0.03088364588131944,1.1," 1.1%","F2",0.14567766729725656,5.3," 5.3%",,,,1.138677179411473,1.1386771794114878,0.05726586190768004,0.05726586190768779
3,1,1,237.4600067138672,11,11003,237.64500427246094,238.0143756866455,238.10812338574004,237.78237031228343,-0.3223635984162456,-0.18499755859375,-0.8801220462349306,0.04700781576832469,0.1407555148628603,237.4600067138672,237.59737275368968,236.9022482660485,237.82937812805176,237.9231258271463,8,-1.2715462734672374,5,0.01700617544850047,11005,-0.12013230777057515,,,,,31,0.14946579782078162,0.4215676197201786,-0.5666749974046752,-0.08413222464014258,"MEAN",0,0," 0.0%","F1xF2",0.048814353271488406,1.8," 1.8%",,,,-1.2715462734672374,-1.2715462734672032,-0.3816774388109254,-0.3816774388109027
3,1,1,237.8300018310547,11,11003,237.64500427246094,238.0143756866455,238.10812338574004,237.78237031228343,0.04763151877125438,0.18499755859375,-0.5101269290474306,0.4170029329558247,0.5107506320503603,237.8300018310547,237.96736787087718,237.272243383236,238.19937324523926,238.2931209443338,8,-0.8071229914869497,6,0.02513148062428172,11006,-0.3082502887276064,,,,,32,-0.1494657978207523,0.7915627369076785,-0.19667988021717514,0.2858628925473574,,,,,"TIME",0.03088364588131944,1.1," 1.1%",,,,-0.8071229914869497,-0.8071229914869488,0.3816774388108962,0.3816774388109027
4,1,1,238.66000366210937,11,11004,238.6699981689453,237.57937622070312,238.10812338574004,237.78237031228343,0.8776333498259419,-0.0099945068359375,0.7548743679496397,-0.21298859841624562,0.3157585666206728,238.66000366210937,237.7723758054475,238.53724468023307,237.5693817138672,238.0981288789041,8,-0.19324656033245474,7,-0.08861993081370656,11007,-3.8445080325630556,,,,,41,0.13116501657079066,0.596570671477991,-0.39167194564686264,0.09087082711766992,,,,,"MEAN",0,0," 0.0%",,,,-0.19324656033245474,-0.19324656033244003,0.10086533395360714,0.10086533395358721
4,1,1,238.67999267578125,11,11004,238.6699981689453,237.57937622070312,238.10812338574004,237.78237031228343,0.8976223634978169,0.0099945068359375,0.7748633816215147,-0.19299958474437062,0.3357475802925478,238.67999267578125,237.79236481911937,238.55723369390495,237.58937072753906,238.11811789257598,8,0.30777828414781483,8,0.2888806032439106,11008,1.0179969265433897,,,,,42,-0.1311650165707614,0.616559685149866,-0.37168293197498764,0.11085984078954492,,,,,,,,,,,,0.30777828414781483,0.30777828414781505,-0.10086533395357788,-0.10086533395358721
5,1,1,237.97999572753906,11,11005,238.00499725341797,237.79937648773193,238.10812338574004,237.78237031228343,0.19762541525562938,-0.02500152587890625,-0.1451338336494814,-0.007995350430405779,0.30075154757770406,237.97999572753906,237.75736878640453,237.63723647863395,237.77437496185303,238.08312185986114,8,,9,0.03387953512867625,11009,0.14799036526409282,,,,,,,0.5815636524350223,-0.4066789646898314,0.07586380807470117,,,,,,,,,,,,-0.23299668557444875,-0.2329966855744139,-0.3814961483451209,-0.38149614834513473
5,1,1,238.02999877929687,11,11005,238.00499725341797,237.79937648773193,238.10812338574004,237.78237031228343,0.24762846701344188,0.02500152587890625,-0.0951307818916689,0.04200770132740672,0.35075459933551656,238.02999877929687,237.80737183816234,237.68723953039176,237.82437801361084,238.13312491161895,8,,10,-0.13736985451976125,11010,1.3792449429008116,,,,,,,0.6315667041928348,-0.3566759129320189,0.12586685983251367,,,,,,,,,,,,-0.31972151926717807,-0.31972151926715076,0.3814961483451499,0.38149614834513473
6,1,1,237.7100067138672,11,11006,237.82500457763672,237.80750179290771,238.10812338574004,237.78237031228343,-0.07236359841624562,-0.11499786376953125,-0.42324815249713765,-0.08986638314524953,0.21075520968707906,237.7100067138672,237.6673724485139,237.3591221597863,237.69250392913818,237.9931255219705,8,,11,-0.08424351937571828,11011,0.8061219646903624,,,,,,,0.49156731454439734,-0.4966753025804564,-0.014132529815923833,,,,,,,,,,,,0.2320053743620747,0.23200537436210927,0.14946579782078162,0.14946579782077363
6,1,1,237.94000244140625,11,11006,237.82500457763672,237.80750179290771,238.10812338574004,237.78237031228343,0.15763212912281688,0.11499786376953125,-0.19325242495807515,0.14012934439381297,0.44075093722614156,237.94000244140625,237.89736817605296,237.58911788732536,237.92249965667725,238.22312124950957,8,,12,-0.03861878640452687,11012,0.6704932644340147,,,,,,,0.7215630420834598,-0.2666795750413939,0.21586319772313867,,,,,,,,,,,,-0.20299409158030812,-0.2029940915802752,-0.1494657978207523,-0.14946579782077363
7,1,1,236.0399932861328,11,11007,234.17499542236328,237.69375038146973,238.10812338574004,237.78237031228343,-1.7423770261506206,1.8649978637695313,-1.9795101687935244,1.7763779329558247,2.1907509372261416,236.0399932861328,239.64736817605296,235.8028601434899,239.55874824523926,239.97312124950957,8,,13,0.01277798482214898,11013,0.5291001553167121,,,,,,,2.47156304208346,1.483320424958606,1.9658631977231387,,,,,,,,,,,,0.01700617544850047,0.017006175448533643,0.13116501657079066,0.1311650165707739
7,1,1,232.30999755859375,11,11007,234.17499542236328,237.69375038146973,238.10812338574004,237.78237031228343,-5.472372753689683,-1.8649978637695313,-5.709505896332587,-1.9536177945832378,-1.539244790312921,232.30999755859375,235.9173724485139,232.07286441595085,235.8287525177002,236.2431255219705,8,,14,0.34200312369068797,11014,-0.9301298663643252,,,,,,,-1.2584326854556027,-2.2466753025804564,-1.7641325298159238,,,,,,,,,,,,0.02513148062428172,0.025131480624316097,-0.1311650165707614,-0.1311650165707739
8,1,1,240.0500030517578,11,11008,239.41500091552734,238.07125091552734,238.10812338574004,237.78237031228343,2.2676327394743794,0.6350021362304688,1.6529990627738584,0.9238827394743794,0.9607552096870791,240.0500030517578,238.4173724485139,239.4353693750573,238.7062530517578,238.7431255219705,8,,15,0.08575655691822703,11015,-2.988878111603583,,,,,,,1.2415673145443973,0.25332469741954355,0.7358674701840762,,,,,,,,,,,,-0.08861993081370656,-0.08861993081367006,,
8,1,1,238.77999877929687,11,11008,239.41500091552734,238.07125091552734,238.10812338574004,237.78237031228343,0.9976284670134419,-0.6350021362304688,0.38299479031292094,-0.3461215329865581,-0.30924906277385844,238.77999877929687,237.14736817605296,238.16536510259635,237.43624877929687,237.47312124950957,8,,16,-0.07924626595774953,11016,0.7261201336356749,,,,,,,-0.028436957916540218,-1.016679575041394,-0.5341368022768613,,,,,,,,,,,,0.2888806032439106,0.28888060324394477,,
9,1,1,238.17999267578125,11,11009,238.2899932861328,237.8162498474121,238.10812338574004,237.78237031228343,0.3976223634978169,-0.1100006103515625,0.037989754912530316,-0.07612107522288625,0.2157524631050478,238.17999267578125,237.67236970193187,237.82036006719596,237.70624923706055,237.99812277538848,8,,17,0.3726284670134419,11017,0.01425089382854594,,,,,,,0.4965645679623661,-0.49167804916248764,-0.009135276397955083,,,,,,,,,,,,0.03387953512867625,0.0338795351287103,,
9,1,1,238.39999389648437,11,11009,238.2899932861328,237.8162498474121,238.10812338574004,237.78237031228343,0.6176235842009419,0.1100006103515625,0.2579909756156553,0.14388014548023875,0.4357536838081728,238.39999389648437,237.892370922635,238.0403612878991,237.92625045776367,238.2181239960916,8,,18,-0.02487157113353078,11018,0.3717423870536436,,,,,,,0.716565788665491,-0.27167682845936264,0.21086594430516992,,,,,,,,,,,,-0.13736985451976125,-0.1373698545197278,,
10,1,1,239.9199981689453,11,11010,239.3499984741211,237.64500045776367,238.10812338574004,237.78237031228343,2.1376278566618794,0.5699996948242188,1.9492446377250303,0.4326298403044575,0.8957527682808291,239.9199981689453,238.35237000710765,239.73161495000846,238.2150001525879,238.67812308056426,8,,19,0.0020048784514301587,11019,0.31987204098430766,,,,,,,1.1765648731381473,0.18832225601329355,0.6708650287778262,,,,,,,,,,,,-0.08424351937571828,-0.08424351937568317,,
10,1,1,238.77999877929687,11,11010,239.3499984741211,237.64500045776367,238.10812338574004,237.78237031228343,0.9976284670134419,-0.5699996948242188,0.8092452480765928,-0.70736954934398,-0.24424662136760844,238.77999877929687,237.21237061745921,238.59161556036003,237.07500076293945,237.53812369091582,8,,20,0.19229899310942855,11020,0.13457517974427446,,,,,,,0.03656548348970978,-0.951677133635144,-0.46913436087061133,,,,,,,,,,,,-0.03861878640452687,-0.038618786404492005,,
11,1,1,238.69000244140625,11,11011,238.8300018310547,237.69812679290771,238.10812338574004,237.78237031228343,0.9076321291228169,-0.1399993896484375,0.6661225750419249,-0.22424290902415578,0.1857536838081728,238.69000244140625,237.642370922635,238.44849288732536,237.55812740325928,237.9681239960916,8,,21,0.07263018362721141,11021,-0.8807505176094423,,,,,,,0.4665657886654911,-0.5216768284593627,-0.03913405569483008,,,,,,,,,,,,0.01277798482214898,0.012777984822205185,,
11,1,1,238.97000122070312,11,11011,238.8300018310547,237.69812679290771,238.10812338574004,237.78237031228343,1.1876309084196919,0.1399993896484375,0.9461213543387999,0.05575587027271922,0.4657524631050478,238.97000122070312,237.92236970193187,238.72849166662223,237.83812618255615,238.24812277538848,8,,22,0.07950522177418407,11022,-1.7676228091743837,,,,,,,0.746564567962366,-0.24167804916248764,0.24086472360204492,,,,,,,,,,,,0.34200312369068797,0.34200312369072094,,
12,1,1,238.64999389648437,11,11012,238.73999786376953,237.7437515258789,238.10812338574004,237.78237031228343,0.8676235842009419,-0.09000396728515625,0.5804892971488584,-0.12862275368968312,0.23574910617145406,238.64999389648437,237.69236634499828,238.3628596094323,237.65374755859375,238.0181194184549,8,,23,0.001380221774184065,11023,0.14549364590374125,,,,,,,0.5165612110287723,-0.4716814060960814,0.010861366668451167,,,,,,,,,,,,0.08575655691822703,0.08575655691826059,,
12,1,1,238.8300018310547,11,11012,238.73999786376953,237.7437515258789,238.10812338574004,237.78237031228343,1.0476315187712544,0.09000396728515625,0.7604972317191709,0.05138518088062938,0.41575704074176656,238.8300018310547,237.8723742795686,238.5428675440026,237.83375549316406,238.1981273530252,8,,24,-0.2561204267243511,11024,0.7380010082694639,,,,,,,0.6965691455990848,-0.2916734715257689,0.19086930123876367,,,,,,,,,,,,-0.07924626595774953,-0.07924626595771599,,
13,1,1,238.75,11,11013,238.6500015258789,237.79514829710558,238.10812338574004,237.78237031228343,0.9676296877165669,0.09999847412109375,0.6290986294378058,0.1127764589432445,0.42575154757770406,238.75,237.88236878640453,238.41146894172124,237.89514677122668,238.20812185986114,8,,25,-0.08861897713939015,11025,-0.05950532412799703,,,,,,,0.7065636524350223,-0.2816789646898314,0.20086380807470117,,,,,,,,,,,,0.3726284670134419,0.37262846701347496,,
13,1,1,238.5500030517578,11,11013,238.6500015258789,237.79514829710558,238.10812338574004,237.78237031228343,0.7676327394743794,-0.09999847412109375,0.4291016811956183,-0.087220489298943,0.22575459933551656,238.5500030517578,237.68237183816234,238.21147199347905,237.6951498229845,238.00812491161895,8,,26,0.0007565187712543775,11026,0.0011207058402646908,,,,,,,0.5065667041928348,-0.4816759129320189,0.0008668598325136667,,,,,,,,,,,,-0.02487157113353078,-0.024871571133495994,,
14,1,1,237.6699981689453,11,11014,237.5199966430664,238.12437343597412,238.10812338574004,237.78237031228343,-0.11237214333812062,0.15000152587890625,-0.7801283404854189,0.4920046495695942,0.47575459933551656,237.6699981689453,237.93237183816234,237.00224197179801,238.27437496185303,238.25812491161895,8,,27,0.014501826693617659,11027,-0.4726313159492861,,,,,,,0.7565667041928348,-0.2316759129320189,0.25086685983251367,,,,,,,,,,,,0.0020048784514301587,0.002004878451464691,,
14,1,1,237.3699951171875,11,11014,237.5199966430664,238.12437343597412,238.10812338574004,237.78237031228343,-0.4123751950959331,-0.15000152587890625,-1.0801313922432314,0.19200159781178172,0.17575154757770406,237.3699951171875,237.63236878640453,236.7022389200402,237.97437191009521,237.95812185986114,8,,28,-0.07674668557444875,11028,0.23362268948284282,,,,,,,0.45656365243502234,-0.5316789646898315,-0.04913619192529883,,,,,,,,,,,,0.19229899310942855,0.19229899310944829,,
15,1,1,234.3800048828125,11,11015,235.2050018310547,237.86812686920166,238.10812338574004,237.78237031228343,-3.402365429470933,-0.8249969482421875,-3.8138750598457705,-0.7392403913239605,-0.4992438747855772,234.3800048828125,236.95737336404125,233.96849525243766,237.04312992095947,237.28312643749786,8,,29,0.02075506918629344,11029,0.13112368130413188,,,,,,,-0.21843176992825897,-1.2066743870531127,-0.7241316142885801,,,,,,,,,,,,0.07263018362721141,0.07263018362724527,,
15,1,1,236.02999877929687,11,11015,235.2050018310547,237.86812686920166,238.10812338574004,237.78237031228343,-1.7523715329865581,0.8249969482421875,-2.1638811633613955,0.9107535051604145,1.1507500216987978,236.02999877929687,238.60736726052562,235.61848914892204,238.69312381744385,238.93312033398223,8,,30,-0.17799447305003469,11030,0.11486925625530375,,,,,,,1.431562126556116,0.4433195094312623,0.9258622821957949,,,,,,,,,,,,0.07950522177418407,0.07950522177421829,,
16,1,1,239.02999877929687,11,11016,238.75499725341797,237.70312404632568,238.10812338574004,237.78237031228343,1.2476284670134419,0.27500152587890625,1.001121659514581,0.19575525992115672,0.6007545993355166,239.02999877929687,238.05737183816234,238.78349197179801,237.9781255722046,238.38312491161895,8,,31,-0.11799500710765187,11031,-0.10012898898395406,,,,,,,0.8815667041928348,-0.10667591293201889,0.37586685983251367,,,,,,,,,,,,0.001380221774184065,0.0013802217742182844,,
16,1,1,238.47999572753906,11,11016,238.75499725341797,237.70312404632568,238.10812338574004,237.78237031228343,0.6976254152556294,-0.27500152587890625,0.4511186077567686,-0.3542477918366558,0.05075154757770406,238.47999572753906,237.50736878640453,238.2334889200402,237.42812252044678,237.83312185986114,8,,32,0.08575274222096141,11032,-0.1738794848945986,,,,,,,0.33156365243502234,-0.6566789646898315,-0.17413619192529883,,,,,,,,,,,,-0.2561204267243511,-0.256120426724316,,
17,1,1,239.02000427246094,11,11017,238.49500274658203,238.15499877929687,238.10812338574004,237.78237031228343,1.2376339601775044,0.5250015258789063,0.5392524197074522,0.8976299928923481,0.8507545993355166,239.02000427246094,238.30737183816234,238.32162273199089,238.68000030517578,238.63312491161895,8,,33,-0.036745770047105,11033,-0.46137700534137593,,,,,,,1.1315667041928348,0.14332408706798105,0.6258668598325137,,,,,,,,,,,,-0.08861897713939015,-0.08861897713935601,,
17,1,1,237.97000122070312,11,11017,238.49500274658203,238.15499877929687,238.10812338574004,237.78237031228343,0.18763090841969188,-0.5250015258789063,-0.5107506320503603,-0.15237305886546437,-0.19924845242229594,237.97000122070312,237.25736878640453,237.27161968023307,237.62999725341797,237.58312185986114,8,,34,-0.1442448926667339,11034,0.18612303280559672,,,,,,,0.08156365243502228,-0.9066789646898315,-0.42413619192529883,,,,,,,,,,,,0.0007565187712543775,0.0007565187712882645,,
18,1,1,238.0399932861328,11,11018,238.45499420166016,237.7574987411499,238.10812338574004,237.78237031228343,0.2576229738493794,-0.41500091552734375,-0.04325852847370015,-0.43987248666087453,-0.08924784207073344,238.0399932861328,237.3673693967561,237.73911178380973,237.34249782562256,237.6931224702127,8,,35,-0.11567446729228514,11035,0.5475519970795801,,,,,,,0.19156426278658484,-0.796678354338269,-0.31413558157373633,,,,,,,,,,,,0.014501826693617659,0.014501826693652273,,
18,1,1,238.8699951171875,11,11018,238.45499420166016,237.7574987411499,238.10812338574004,237.78237031228343,1.0876248049040669,0.41500091552734375,0.7867433025809874,0.39012934439381297,0.7407539889839541,238.8699951171875,238.19737122781078,238.56911361486442,238.17249965667725,238.5231243012674,8,,36,-0.037995083401597185,11036,1.4148723080131163,,,,,,,1.0215660938412723,0.03332347671641861,0.5158662494809512,,,,,,,,,,,,-0.07674668557444875,-0.07674668557441426,,
19,1,1,238.38999938964844,11,11019,238.43000030517578,237.78437519073486,238.10812338574004,237.78237031228343,0.6076290773650044,-0.04000091552734375,0.2798711254569639,-0.03799603707591359,0.28575215792926656,238.38999938964844,237.7423693967561,238.0622414377404,237.74437427520752,238.0681224702127,8,,37,-0.14299557931224172,11037,0.9548703625175108,,,,,,,0.5665642627865848,-0.4216783543382689,0.06086441842626367,,,,,,,,,,,,0.02075506918629344,0.020755069186327923,,
19,1,1,238.47000122070312,11,11019,238.43000030517578,237.78437519073486,238.10812338574004,237.78237031228343,0.6876309084196919,0.04000091552734375,0.3598729565116514,0.04200579397877391,0.36575398898395406,238.47000122070312,237.82237122781078,238.14224326879508,237.8243761062622,238.1481243012674,8,,38,0.13200594656666453,11038,0.7848721935721983,,,,,,,0.6465660938412723,-0.3416765232835814,0.14086624948095117,,,,,,,,,,,,-0.17799447305003469,-0.17799447305000068,,
20,1,1,238.5800018310547,11,11020,238.43499755859375,237.97466930539287,238.10812338574004,237.78237031228343,0.7976315187712544,0.1450042724609375,0.27957945220521196,0.3373032655703696,0.4707573459175478,238.5800018310547,237.92737458474437,238.06194976448865,238.1196735778538,238.25312765820098,8,,39,0.3838799165984028,11039,1.0729991390678038,,,,,,,0.751569450774866,-0.23667316634998764,0.24586960641454492,,,,,,,,,,,,-0.11799500710765187,-0.11799500710761719,,
20,1,1,238.2899932861328,11,11020,238.43499755859375,237.97466930539287,238.10812338574004,237.78237031228343,0.5076229738493794,-0.1450042724609375,-0.010429092716663035,0.047294720648494604,0.1807488009956728,238.2899932861328,237.6373660398225,237.77194121956677,237.82966503293193,237.9631191132791,8,,40,-0.18236993081370656,11040,0.7292453243705381,,,,,,,0.4615609058529911,-0.5266817112718627,-0.04413893850733008,,,,,,,,,,,,0.08575274222096141,0.08575274222099594,,
21,1,1,238.52999877929687,11,11021,237.3000030517578,237.85500049591064,238.10812338574004,237.78237031228343,0.7476284670134419,1.2299957275390625,0.34924520992962016,1.302625911166274,1.5557488009956728,238.52999877929687,239.0123660398225,238.13161552221305,239.0849962234497,239.3381191132791,8,,41,-0.09424565560618703,11041,0.8711244060966124,,,,,,,1.836560905852991,0.8483182887281373,1.33086106149267,,,,,,,,,,,,-0.036745770047105,-0.03674577004707079,,
21,1,1,236.07000732421875,11,11021,237.3000030517578,237.85500049591064,238.10812338574004,237.78237031228343,-1.7123629880646831,-1.2299957275390625,-2.110746245148505,-1.157365543911851,-0.9042426540824522,236.07000732421875,236.55237458474437,235.67162406713493,236.62500476837158,236.87812765820098,8,,42,-0.03957356548432145,11042,1.1814501797442745,,,,,,,-0.623430549225134,-1.6116731663499877,-1.129130393585455,,,,,,,,,,,,-0.1442448926667339,-0.14424489266669926,,
22,1,1,234.74000549316406,11,11022,236.42000579833984,237.86187553405762,238.10812338574004,237.78237031228343,-3.0423648191193706,-1.6800003051757812,-3.447623114350165,-1.6004950834015972,-1.354247231719171,234.74000549316406,236.10237000710765,234.33474719793327,236.18187522888184,236.42812308056426,8,,43,0.06700731985768016,11043,-0.09013162112506734,,,,,,,-1.0734351268618527,-2.0616777439867064,-1.5791349712221738,,,,,,,,,,,,-0.11567446729228514,-0.11567446729227167,,
22,1,1,238.10000610351562,11,11022,236.42000579833984,237.86187553405762,238.10812338574004,237.78237031228343,0.3176357912321919,1.6800003051757812,-0.0876225039986025,1.7595055269499653,2.0057533786323916,238.10000610351562,239.46237061745921,237.69474780828483,239.5418758392334,239.78812369091582,8,,44,0.1338789629240864,11044,-1.7119959399727236,,,,,,,2.28656548348971,1.298322866364856,1.7808656391293887,,,,,,,,,,,,-0.037995083401597185,-0.037995083401562685,,
23,1,1,238,11,11023,238.25499725341797,237.78375053405762,238.10812338574004,237.78237031228343,0.21762968771656688,-0.25499725341796875,-0.1095036075142275,-0.2536170316437847,0.07075582003864156,238,237.52737305886546,237.6728667047692,237.52875328063965,237.85312613232207,8,,45,-0.09549592263499562,11045,0.34736551785198344,,,,,,,0.35156792489595984,-0.636674692228894,-0.15413191946436133,,,,,,,,,,,,-0.14299557931224172,-0.14299557931220808,,
23,1,1,238.50999450683594,11,11023,238.25499725341797,237.78375053405762,238.10812338574004,237.78237031228343,0.7276241945525044,0.25499725341796875,0.40049089932171,0.2563774751921528,0.5807503268745791,238.50999450683594,238.0373675657014,238.18286121160514,238.0387477874756,238.363120639158,8,,46,0.011379496981703596,11046,-0.14450440860065328,,,,,,,0.8615624317318973,-0.1266801853929564,0.35586258737157617,,,,,,,,,,,,0.13200594656666453,0.13200594656669906,,
24,1,1,238.47000122070312,11,11024,238.59000396728516,237.52624988555908,238.10812338574004,237.78237031228343,0.6876309084196919,-0.12000274658203125,0.6179982616874327,-0.37612317330638234,0.20575032687457906,238.47000122070312,237.6623675657014,238.40036857397087,237.40624713897705,237.988120639158,8,,47,-0.4554946256379253,11047,0.7373706295463194,,,,,,,0.48656243173189734,-0.5016801853929565,-0.019137412628423833,,,,,,,,,,,,0.3838799165984028,0.3838799165984378,,
24,1,1,238.7100067138672,11,11024,238.59000396728516,237.52624988555908,238.10812338574004,237.78237031228343,0.9276364015837544,0.12000274658203125,0.8580037548514952,-0.13611768014231984,0.44575582003864156,238.7100067138672,237.90237305886546,238.64037406713493,237.6462526321411,238.22812613232207,8,,48,0.007631556918227034,11048,-0.31575189090045797,,,,,,,0.7265679248959598,-0.2616746922288939,0.22086808053563867,,,,,,,,,,,,-0.18236993081370656,-0.18236993081367264,,
25,1,1,237.6199951171875,11,11025,237.95999908447266,237.69375133514404,238.10812338574004,237.78237031228343,-0.16237519509593312,-0.34000396728515625,-0.3995092914131533,-0.4286229444245464,-0.01425089382854594,237.6199951171875,237.44236634499828,237.38286102087028,237.3537473678589,237.7681194184549,8,,49,0.322629229952895,11049,-0.17075047946246968,,,,,,,0.26656121102877234,-0.7216814060960815,-0.23913863333154883,,,,,,,,,,,,-0.09424565560618703,-0.09424565560615203,,
25,1,1,238.3000030517578,11,11025,237.95999908447266,237.69375133514404,238.10812338574004,237.78237031228343,0.5176327394743794,0.34000396728515625,0.2804986431571592,0.2513849901457661,0.6657570407417666,238.3000030517578,238.1223742795686,238.0628689554406,238.0337553024292,238.4481273530252,8,,50,0.33292590045806136,11050,-3.201051422428577,,,,,,,0.9465691455990848,-0.04167347152576889,0.44086930123876367,,,,,,,,,,,,-0.03957356548432145,-0.039573565484300584,,
26,1,1,238.3300018310547,11,11026,238.11000061035156,237.7831268310547,238.10812338574004,237.78237031228343,0.5476315187712544,0.220001220703125,0.2211219265433897,0.22075773947437938,0.5457542941597353,238.3300018310547,238.00237153298656,238.00349223882682,238.0031280517578,238.32812460644317,8,,,,12001,-1.546751520231794,,,,,,,0.8265663990170535,-0.16167621810780014,0.3208665546567324,,,,,,,,,,,,0.06700731985768016,0.06700731985771485,,
26,1,1,237.88999938964844,11,11026,238.11000061035156,237.7831268310547,238.10812338574004,237.78237031228343,0.10762907736500438,-0.220001220703125,-0.2188805148628603,-0.21924470193187062,0.10575185275348531,237.88999938964844,237.5623690915803,237.56348979742057,237.56312561035156,237.88812216503692,8,,,,12002,-0.08502668653906653,,,,,,,0.3865639576108036,-0.6016786595140502,-0.11913588674951758,,,,,,,,,,,,0.1338789629240864,0.13387896292412105,,
27,1,1,236.3699951171875,11,11027,237.64999389648437,237.79687213897705,238.10812338574004,237.78237031228343,-1.4123751950959331,-1.279998779296875,-1.752630095246161,-1.2654969526032573,-0.9542457058402647,236.3699951171875,236.50237153298656,236.02974021703727,236.51687335968018,236.82812460644317,8,,,,12003,0.44324825088637,,,,,,,-0.6734336009829465,-1.6616762181078002,-1.1791334453432676,,,,,,,,,,,,-0.09549592263499562,-0.09549592263496044,,
27,1,1,238.92999267578125,11,11027,237.64999389648437,237.79687213897705,238.10812338574004,237.78237031228343,1.1476223634978169,1.279998779296875,0.8073674633475889,1.2945006059904927,1.6057518527534853,238.92999267578125,239.0623690915803,238.58973777563102,239.07687091827393,239.38812216503692,8,,,,12004,-0.20675136764390345,,,,,,,1.8865639576108035,0.8983213404859498,1.3808641132504824,,,,,,,,,,,,0.011379496981703596,0.011379496981737744,,
28,1,1,237.69000244140625,11,11028,238.26499938964844,237.70562362670898,238.10812338574004,237.78237031228343,-0.09236787087718312,-0.5749969482421875,-0.3413742587593447,-0.6517436338166363,-0.2492438747855772,237.69000244140625,237.20737336404125,237.4409960535241,237.1306266784668,237.53312643749786,8,,,,12005,0.4082474497999442,,,,,,,0.03156823007174103,-0.9566743870531127,-0.4741316142885801,,,,,,,,,,,,-0.4554946256379253,-0.4554946256378907,,
28,1,1,238.83999633789063,11,11028,238.26499938964844,237.70562362670898,238.10812338574004,237.78237031228343,1.0576260256071919,0.5749969482421875,0.8086196377250303,0.49825026266773875,0.9007500216987978,238.83999633789063,238.35736726052562,238.59098995000846,238.28062057495117,238.68312033398223,8,,,,12006,0.37012336532728796,,,,,,,1.181562126556116,0.1933195094312623,0.6758622821957949,,,,,,,,,,,,0.007631556918227034,0.007631556918261387,,
29,1,1,237.77000427246094,11,11029,238.26000213623047,237.80312538146973,238.10812338574004,237.78237031228343,-0.012366039822495623,-0.48999786376953125,-0.35887418246539937,-0.4692427945832378,-0.16424479031292094,237.77000427246094,237.2923724485139,237.42349612981803,237.3131275177002,237.6181255219705,8,,,,12007,-2.881123087004255,,,,,,,0.11656731454439734,-0.8716753025804565,-0.38913252981592383,,,,,,,,,,,,0.322629229952895,0.32262922995292914,,
29,1,1,238.75,11,11029,238.26000213623047,237.80312538146973,238.10812338574004,237.78237031228343,0.9676296877165669,0.48999786376953125,0.6211215450736631,0.5107529329558247,0.8157509372261416,238.75,238.27236817605296,238.4034918573571,238.29312324523926,238.59812124950957,8,,,,12008,-1.2286324711595284,,,,,,,1.0965630420834598,0.10832042495860611,0.5908631977231387,,,,,,,,,,,,0.33292590045806136,0.33292590045808196,,
30,1,1,237.83999633789062,11,11030,238.0449981689453,237.6043758392334,238.10812338574004,237.78237031228343,0.05762602560719188,-0.2050018310546875,-0.09013257479938375,-0.3829963041047222,0.12075124240192281,237.83999633789062,237.57736848122875,237.69223773748405,237.3993740081787,237.90312155468536,8,,,,12009,-0.12362529952866907,,,,,,,0.4015633472592411,-0.5866792698656127,-0.10413649710108008,,,,,,,,,,,,0.42486872219768657,0.4248687221976728,,
30,1,1,238.25,11,11030,238.0449981689453,237.6043758392334,238.10812338574004,237.78237031228343,0.4676296877165669,0.2050018310546875,0.31987108730999125,0.027007358004652815,0.5307549045112978,238.25,237.98737214333812,238.10224139959342,237.8093776702881,238.31312521679473,8,,,,12010,-0.4823746891771066,,,,,,,0.811567009368616,-0.17667560775623764,0.3058671650082949,,,,,,,,,,,,0.9377823741414915,0.9377823741414842,,
31,1,1,238.25999450683594,11,11031,237.88999938964844,237.66437530517578,238.10812338574004,237.78237031228343,0.4776241945525044,0.3699951171875,0.26986612820354594,0.2520001100798481,0.6957481906441103,238.25999450683594,238.15236542947093,238.05223644048698,238.03437042236328,238.47811850292754,8,,,,12011,-0.675500413969587,,,,,,,0.9765602955014285,-0.01168232162342514,0.4708604511411074,,,,,,,,,,,,-0.6951244876411806,-0.6951244876411932,,
31,1,1,237.52000427246094,11,11031,237.88999938964844,237.66437530517578,238.10812338574004,237.78237031228343,-0.2623660398224956,-0.3699951171875,-0.47012410617145406,-0.4879901242951519,-0.04424204373088969,237.52000427246094,237.41237519509593,237.31224620611198,237.29438018798828,237.73812826855254,8,,,,12012,-0.5911278935228097,,,,,,,0.2365700611264286,-0.7516725559984252,-0.2691297832338926,,,,,,,,,,,,0.7648688747855772,0.764868874785568,,
32,1,1,237.77999877929687,11,11032,238.0199966430664,237.8681230545044,238.10812338574004,237.78237031228343,-0.0023715329865581225,-0.23999786376953125,-0.41387734866412984,-0.15424512154856984,0.08575520968707906,237.77999877929687,237.5423724485139,237.3684929636193,237.62812519073486,237.8681255219705,8,,,,12013,0.2974701472622314,,,,,,,0.36656731454439734,-0.6216753025804565,-0.13913252981592383,,,,,,,,,,,,-0.12013230777057515,-0.1201323077705909,,
32,1,1,238.25999450683594,11,11032,238.0199966430664,237.8681230545044,238.10812338574004,237.78237031228343,0.4776241945525044,0.23999786376953125,0.06611837887493266,0.32575060599049266,0.5657509372261416,238.25999450683594,238.02236817605296,237.84848869115837,238.10812091827393,238.34812124950957,8,,,,12014,0.07324836532728796,,,,,,,0.8465630420834598,-0.1416795750413939,0.34086319772313867,,,,,,,,,,,,-0.3082502887276064,-0.30825028872762433,,
33,1,1,237.75999450683594,11,11033,237.61000061035156,237.74562454223633,238.10812338574004,237.78237031228343,-0.022375805447495623,0.149993896484375,-0.31138310885700093,0.11324812643727,0.4757469699409853,237.75999450683594,237.9323642087678,237.47098720342643,237.8956184387207,238.25811728222442,8,,,,12015,0.5994992045606864,,,,,,,0.7565590747983035,-0.23168354232655014,0.2508592304379824,,,,,,,,,,,,-3.8445080325630556,-3.8445080325630574,,
33,1,1,237.4600067138672,11,11033,237.61000061035156,237.74562454223633,238.10812338574004,237.78237031228343,-0.3223635984162456,-0.149993896484375,-0.6113709018257509,-0.18673966653148,0.1757591769722353,237.4600067138672,237.63237641579906,237.17099941045768,237.59563064575195,237.95812948925567,8,,,,12016,-0.1504988880906808,,,,,,,0.4565712818295536,-0.5316713352953002,-0.04912856253076758,,,,,,,,,,,,1.0179969265433897,1.0179969265433766,,
34,1,1,237.8800048828125,11,11034,238.1500015258789,237.6381254196167,238.10812338574004,237.78237031228343,0.09763457052906688,-0.26999664306640625,-0.08387361026080953,-0.41424153573314015,0.05575643039020406,237.8800048828125,237.51237366921703,237.69849670202262,237.3681287765503,237.83812674267364,8,,,,12017,0.1876196650709403,,,,,,,0.33656853524752234,-0.6516740818773315,-0.16913130911279883,,,,,,,,,,,,0.14799036526409282,0.14799036526408213,,
34,1,1,238.4199981689453,11,11034,238.1500015258789,237.6381254196167,238.10812338574004,237.78237031228343,0.6376278566618794,0.26999664306640625,0.45611967587200297,0.12575175039967235,0.5957497165230166,238.4199981689453,238.05236695534984,238.23848998815544,237.9081220626831,238.37812002880645,8,,,,12018,-0.054879686430524544,,,,,,,0.8765618213803348,-0.11168079574451889,0.37086197702001367,,,,,,,,,,,,1.3792449429008116,1.3792449429007985,,
35,1,1,237.57000732421875,11,11035,238.54000091552734,237.66669584499115,238.10812338574004,237.78237031228343,-0.21236298806468312,-0.9699935913085938,-0.4224415942290136,-1.0856680586008736,-0.6442405178519834,237.57000732421875,236.81237672097484,237.35992871805442,236.69670225368256,237.13812979443145,8,,,,12019,0.14324996750013952,,,,,,,-0.3634284129946652,-1.351671030119519,-0.8691282573549863,,,,,,,,,,,,0.8061219646903624,0.8061219646903556,,
35,1,1,239.50999450683594,11,11035,238.54000091552734,237.66669584499115,238.10812338574004,237.78237031228343,1.7276241945525044,0.9699935913085938,1.5175455883881739,0.8543191240163139,1.295746664765204,239.50999450683594,238.75236390359203,239.2999159006716,238.63668943629975,239.07811697704864,8,,,,12020,0.09795249590854382,,,,,,,1.5765587696225223,0.5883161524976686,1.0708589252622012,,,,,,,,,,,,0.6704932644340147,0.6704932644339997,,
36,1,1,239.16000366210937,11,11036,239.48500061035156,237.74437522888184,238.10812338574004,237.78237031228343,1.3776333498259419,-0.3249969482421875,1.0898753597709288,-0.3629920316437847,0.0007561252144228092,239.16000366210937,237.45737336404125,238.87224567205436,237.41937828063965,237.78312643749786,8,,,,12021,0.547623136445452,,,,,,,0.2815682300717411,-0.7066743870531127,-0.22413161428858008,,,,,,,,,,,,0.5291001553167121,0.5291001553166826,,
36,1,1,239.80999755859375,11,11036,239.48500061035156,237.74437522888184,238.10812338574004,237.78237031228343,2.027627246310317,0.3249969482421875,1.7398692562553038,0.2870018648405903,0.6507500216987978,239.80999755859375,238.10736726052562,239.52223956853874,238.06937217712402,238.43312033398223,8,,,,12022,0.5457453517164481,,,,,,,0.931562126556116,-0.05668049056873764,0.4258622821957949,,,,,,,,,,,,-0.9301298663643252,-0.9301298663643361,,
37,1,1,238.97000122070312,11,11037,238.9199981689453,237.6393747329712,238.10812338574004,237.78237031228343,1.1876309084196919,0.0500030517578125,1.0048734142753233,-0.09299252755442922,0.3757561252144228,238.97000122070312,237.83237336404125,238.78724372655876,237.689377784729,238.15812643749786,8,,,,12023,0.36887309829847936,,,,,,,0.656568230071741,-0.33167438705311264,0.15086838571141992,,,,,,,,,,,,-2.988878111603583,-2.9888781116035905,,
37,1,1,238.8699951171875,11,11037,238.9199981689453,237.6393747329712,238.10812338574004,237.78237031228343,1.0876248049040669,-0.0500030517578125,0.9048673107596983,-0.19299863107005422,0.2757500216987978,238.8699951171875,237.73236726052562,238.68723762304313,237.58937168121338,238.05812033398223,8,,,,12024,0.16136977951185827,,,,,,,0.556562126556116,-0.43168049056873764,0.05086228219579492,,,,,,,,,,,,0.7261201336356749,0.7261201336356584,,
38,1,1,239.3800048828125,11,11038,239.0250015258789,237.9143762588501,238.10812338574004,237.78237031228343,1.5976345705290669,0.35500335693359375,1.139875550505792,0.4870093035002583,0.6807564303902041,239.3800048828125,238.13737366921703,238.92224586278923,238.2693796157837,238.46312674267364,8,,,,12025,0.4588722972120536,,,,,,,0.9615685352475223,-0.02667408187733139,0.45586869088720117,,,,,,,,,,,,0.01425089382854594,0.014250893828530899,,
38,1,1,238.6699981689453,11,11038,239.0250015258789,237.9143762588501,238.10812338574004,237.78237031228343,0.8876278566618794,-0.35500335693359375,0.42986883663860453,-0.22299741036692922,-0.02925028347698344,238.6699981689453,237.42736695534984,238.21223914892204,237.5593729019165,237.75312002880645,8,,,,12026,0.809499242707659,,,,,,,0.25156182138033484,-0.736680795744519,-0.25413802297998633,,,,,,,,,,,,0.3717423870536436,0.37174238705363044,,
39,1,1,239.49000549316406,11,11039,239.56500244140625,238.16625022888184,238.10812338574004,237.78237031228343,1.7076351808806294,-0.0749969482421875,0.9980021908256163,0.3088829683562153,0.2507561252144228,239.49000549316406,237.70737336404125,238.78037250310905,238.09125328063965,238.03312643749786,8,,,,12027,0.685745695039202,,,,,,,0.531568230071741,-0.45667438705311264,0.025868385711419917,,,,,,,,,,,,0.31987204098430766,0.3198720409842937,,
39,1,1,239.63999938964844,11,11039,239.56500244140625,238.16625022888184,238.10812338574004,237.78237031228343,1.8576290773650044,0.0749969482421875,1.1479960873099913,0.4588768648405903,0.4007500216987978,239.63999938964844,237.85736726052562,238.93036639959342,238.24124717712402,238.18312033398223,8,,,,12028,0.3669981745924247,,,,,,,0.681562126556116,-0.30668049056873764,0.17586228219579492,,,,,,,,,,,,0.13457517974427446,0.13457517974428204,,
40,1,1,237.64999389648437,11,11040,238.65499877929687,237.60000038146973,238.10812338574004,237.78237031228343,-0.13237641579905812,-1.0050048828125,-0.27575955844196187,-1.1873748136262066,-0.6792518093558897,237.64999389648437,236.77736542947093,237.50661075384147,236.59499549865723,237.10311850292754,8,,,,12029,0.34450099746840124,,,,,,,-0.39843970449857147,-1.3866823216234252,-0.9041395488588926,,,,,,,,,,,,-0.8807505176094423,-0.8807505176094578,,
40,1,1,239.66000366210937,11,11040,238.65499877929687,237.60000038146973,238.10812338574004,237.78237031228343,1.8776333498259419,1.0050048828125,1.7342502071830381,0.8226349519987934,1.3307579562691103,239.66000366210937,238.78737519509593,239.51662051946647,238.60500526428223,239.11312826855254,8,,,,12030,0.7532496241773856,,,,,,,1.6115700611264285,0.6233274440015748,1.1058702167661074,,,,,,,,,,,,-1.7676228091743837,-1.767622809174391,,
41,1,1,238.7100067138672,11,11041,238.88500213623047,237.68812465667725,238.10812338574004,237.78237031228343,0.9276364015837544,-0.17499542236328125,0.6961289837333311,-0.2692410779694683,0.15075765109332906,238.7100067138672,237.60737488992015,238.47849929601676,237.51312923431396,237.93312796337676,8,,,,12031,0.713246801301409,,,,,,,0.43156975595064734,-0.5566728611742065,-0.07413008840967383,,,,,,,,,,,,0.14549364590374125,0.14549364590372676,,
41,1,1,239.05999755859375,11,11041,238.88500213623047,237.68812465667725,238.10812338574004,237.78237031228343,1.2776272463103169,0.17499542236328125,1.0461198284598936,0.08074976675709422,0.5007484958198916,239.05999755859375,237.95736573464671,238.82849014074333,237.86312007904053,238.28311880810332,8,,,,12032,0.7694935588087333,,,,,,,0.7815606006772098,-0.2066820164476439,0.27586075631688867,,,,,,,,,,,,0.7380010082694639,0.7380010082694496,,
42,1,1,239.6300048828125,11,11042,239.25,237.74279674679912,238.10812338574004,237.78237031228343,1.8476345705290669,0.3800048828125,1.5614550625567745,0.3404313173281821,0.7057579562691103,239.6300048828125,238.16237519509593,239.3438253748402,238.12280162961162,238.48812826855254,8,,,,12033,0.5919966487135184,,,,,,,0.9865700611264285,-0.0016725559984251404,0.4808702167661074,,,,,,,,,,,,-0.05950532412799703,-0.05950532412801153,,
42,1,1,238.8699951171875,11,11042,239.25,237.74279674679912,238.10812338574004,237.78237031228343,1.0876248049040669,-0.3800048828125,0.8014452969317745,-0.4195784482968179,-0.05425180935588969,238.8699951171875,237.40236542947093,238.5838156092152,237.36279186398662,237.72811850292754,8,,,,12034,0.37449882309095983,,,,,,,0.2265602955014286,-0.7616823216234252,-0.2791395488588926,,,,,,,,,,,,0.0011207058402646908,0.0011207058402509713,,
43,1,1,238.24000549316406,11,11043,238.08499908447266,237.8493776321411,238.10812338574004,237.78237031228343,0.4576351808806294,0.15500640869140625,0.06487478756633891,0.2220137285490864,0.48075948214801656,238.24000549316406,237.93737672097484,237.84724509984977,238.00438404083252,238.26312979443145,8,,,,12035,-0.42788736166913566,,,,,,,0.7615715870053348,-0.2266710301195189,0.25587174264501367,,,,,,,,,,,,-0.4726313159492861,-0.47263131594930374,,
43,1,1,237.92999267578125,11,11043,238.08499908447266,237.8493776321411,238.10812338574004,237.78237031228343,0.14762236349781688,-0.15500640869140625,-0.2451380298164736,-0.08799908883372609,0.17074666476520406,237.92999267578125,237.62736390359203,237.53723228246696,237.6943712234497,237.95311697704864,8,,,,12036,-0.8917546482835519,,,,,,,0.45155876962252234,-0.5366838475023315,-0.05414107473779883,,,,,,,,,,,,0.23362268948284282,0.2336226894828305,,
44,1,1,238.32000732421875,11,11044,236.5300064086914,237.91624927520752,238.10812338574004,237.78237031228343,0.5376370119353169,1.7900009155273437,0.07800497555462016,1.9238798784514302,2.115753988983954,238.32000732421875,239.57237122781078,237.86037528783805,239.70625019073486,239.8981243012674,8,,,,12037,-0.25675537307603236,,,,,,,2.3965660938412725,1.4083234767164186,1.8908662494809512,,,,,,,,,,,,0.13112368130413188,0.13112368130411986,,
44,1,1,234.74000549316406,11,11044,236.5300064086914,237.91624927520752,238.10812338574004,237.78237031228343,-3.0423648191193706,-1.7900009155273437,-3.5019968555000673,-1.6561219526032573,-1.4642478420707334,234.74000549316406,235.9923693967561,234.28037345678337,236.12624835968018,236.3181224702127,8,,,,12038,-0.7217517109666574,,,,,,,-1.1834357372134152,-2.171678354338269,-1.6891355815737363,,,,,,,,,,,,0.11486925625530375,0.114869256255289,,
45,1,1,237.67999267578125,11,11045,238.35999298095703,237.68687438964844,238.10812338574004,237.78237031228343,-0.10237763650218312,-0.6800003051757813,-0.3326347873237978,-0.7754962278107769,-0.35424723171917094,237.67999267578125,237.10237000710765,237.44973552495964,237.00687408447266,237.42812308056426,8,,,,12039,-1.3436284275804269,,,,,,,-0.07343512686185272,-1.0616777439867064,-0.5791349712221738,,,,,,,,,,,,-0.10012898898395406,-0.10012898898396927,,
45,1,1,239.0399932861328,11,11045,238.35999298095703,237.68687438964844,238.10812338574004,237.78237031228343,1.2576229738493794,0.6800003051757813,1.0273658230277647,0.5845043825407856,1.0057533786323916,239.0399932861328,238.46237061745921,238.8097361353112,238.36687469482422,238.78812369091582,8,,,,12040,-0.46737339218003626,,,,,,,1.2865654834897098,0.29832286636485605,0.7808656391293887,,,,,,,,,,,,-0.1738794848945986,-0.17387948489461252,,
46,1,1,237.69000244140625,11,11046,237.9749984741211,237.79374980926514,238.10812338574004,237.78237031228343,-0.09236787087718312,-0.28499603271484375,-0.42950044131549703,-0.27361653573314015,0.04075704074176656,237.69000244140625,237.4973742795686,237.35286987096794,237.5087537765503,237.8231273530252,8,,,,12041,-0.2805037709031808,,,,,,,0.32156914559908484,-0.666673471525769,-0.18413069876123633,,,,,,,,,,,,-0.46137700534137593,-0.46137700534139364,,
46,1,1,238.25999450683594,11,11046,237.9749984741211,237.79374980926514,238.10812338574004,237.78237031228343,0.4776241945525044,0.28499603271484375,0.14049162411419047,0.29637552969654735,0.6107491061714541,238.25999450683594,238.06736634499828,237.92286193639762,238.07874584197998,238.3931194184549,8,,,,12042,-1.0089855168950663,,,,,,,0.8915612110287723,-0.09668140609608139,0.38586136666845117,,,,,,,,,,,,0.18612303280559672,0.18612303280558523,,
47,1,1,238.27999877929687,11,11047,238.38999938964844,237.3268756866455,238.10812338574004,237.78237031228343,0.4976284670134419,-0.1100006103515625,0.6273700191947569,-0.5654952359894878,0.2157524631050478,238.27999877929687,237.67236970193187,238.4097403314782,237.21687507629395,237.99812277538848,8,,,,12043,0.6832508830274833,,,,,,,0.4965645679623661,-0.49167804916248764,-0.009135276397955083,,,,,,,,,,,,0.5475519970795801,0.5475519970795936,,
47,1,1,238.5,11,11047,238.38999938964844,237.3268756866455,238.10812338574004,237.78237031228343,0.7176296877165669,0.1100006103515625,0.8473712398978819,-0.3454940152863628,0.4357536838081728,238.5,237.892370922635,238.62974155218132,237.43687629699707,238.2181239960916,8,,,,12044,0.16136977951185827,,,,,,,0.716565788665491,-0.27167682845936264,0.21086594430516992,,,,,,,,,,,,1.4148723080131163,1.4148723080131096,,
48,1,1,237.75,11,11048,237.8000030517578,237.79000186920166,238.10812338574004,237.78237031228343,-0.03237031228343312,-0.0500030517578125,-0.36575494265827047,-0.042371494839585466,0.2757500216987978,237.75,237.73236726052562,237.41661536962516,237.73999881744385,238.05812033398223,8,,,,12045,-0.0592522831712472,,,,,,,0.556562126556116,-0.43168049056873764,0.05086228219579492,,,,,,,,,,,,0.9548703625175108,0.9548703625174971,,
48,1,1,237.85000610351562,11,11048,237.8000030517578,237.79000186920166,238.10812338574004,237.78237031228343,0.06763579123219188,0.0500030517578125,-0.26574883914264547,0.057634608676039534,0.3757561252144228,237.85000610351562,237.83237336404125,237.5166214731408,237.84000492095947,238.15812643749786,8,,,,12046,0.7838692454542411,,,,,,,0.656568230071741,-0.33167438705311264,0.15086838571141992,,,,,,,,,,,,0.7848721935721983,0.7848721935721865,,
49,1,1,238.2100067138672,11,11049,238.26000213623047,238.10499954223633,238.10812338574004,237.78237031228343,0.4276364015837544,-0.04999542236328125,-0.22074590182575093,0.27263380758961375,0.27575765109332906,238.2100067138672,237.73237488992015,237.56162441045768,238.05500411987305,238.05812796337676,8,,,,12047,0.6457476405348075,,,,,,,0.5565697559506473,-0.4316728611742064,0.05086991159032617,,,,,,,,,,,,1.0729991390678038,1.0729991390677989,,
49,1,1,238.30999755859375,11,11049,238.26000213623047,238.10499954223633,238.10812338574004,237.78237031228343,0.5276272463103169,0.04999542236328125,-0.12075505709918843,0.37262465231617625,0.37574849581989156,238.30999755859375,237.83236573464671,237.66161525518424,238.1549949645996,238.15811880810332,8,,,,12048,0.6476254252638114,,,,,,,0.6565606006772098,-0.3316820164476439,0.15086075631688867,,,,,,,,,,,,0.7292453243705381,0.7292453243705256,,
50,1,1,235.3699951171875,11,11050,235.23999786376953,238.1152962127415,238.10812338574004,237.78237031228343,-2.412375195095933,0.12999725341796875,-3.0710541690106083,0.46292315387603367,0.45575032687457906,235.3699951171875,237.9123675657014,234.71131614327282,238.24529346615947,238.238120639158,8,,,,12049,0.5376219538892997,,,,,,,0.7365624317318973,-0.2516801853929564,0.23086258737157617,,,,,,,,,,,,0.8711244060966124,0.8711244060965995,,
50,1,1,235.11000061035156,11,11050,235.23999786376953,238.1152962127415,238.10812338574004,237.78237031228343,-2.6723697019318706,-0.12999725341796875,-3.331048675846546,0.20292864704009617,0.19575582003864156,235.11000061035156,237.65237305886546,234.4513216364369,237.98529895932353,237.97812613232207,8,,,,12050,-0.08767258038540149,,,,,,,0.47656792489595984,-0.511674692228894,-0.029131919464361333,,,,,,,,,,,,1.1814501797442745,1.181450179744286,,
1,1,2,237.38999938964844,12,12001,236.88999938964844,237.54937362670898,238.66974759545468,237.78237031228343,-0.3923709226349956,0.5,-1.046751520231794,0.26700331442555125,1.3873772831712472,237.38999938964844,238.28237031228343,236.73561879205164,238.04937362670898,239.16974759545468,,,,,21001,-0.8567033266325836,,,,,,,0.37050633883745804,-0.38667469222889417,-0.38649340176308966,,,,,,,,,,,,-0.09013162112506734,-0.09013162112507864,,
1,1,2,236.38999938964844,12,12001,236.88999938964844,237.54937362670898,238.66974759545468,237.78237031228343,-1.3923709226349956,-0.5,-2.046751520231794,-0.7329966855744488,0.3873772831712472,236.38999938964844,237.28237031228343,235.73561879205164,237.04937362670898,238.16974759545468,,,,,21002,-0.49497696706094985,,,,,,,0.38050084567339554,-0.37668018539295667,-0.37649889492715216,,,,,,,,,,,,-1.7119959399727236,-1.711995939972742,,
2,1,2,237.25999450683594,12,12002,238.26499938964844,237.46264879301626,238.66974759545468,237.78237031228343,-0.5223758054474956,-1.0050048828125,-1.0900315693515665,-1.3247264020796763,-0.1176275996412528,237.25999450683594,236.77736542947093,236.69233874293187,236.45764391020376,237.66474271264218,,,,,21003,-0.8117032503386383,,,,,,,0.2655029819038643,-0.4916780491624879,-0.4914967586966834,,,,,,,,,,,,0.34736551785198344,0.3473655178519713,,
2,1,2,239.27000427246094,12,12002,238.26499938964844,237.46264879301626,238.66974759545468,237.78237031228343,1.4876339601775044,1.0050048828125,0.9199781962734335,0.6852833635453237,1.8923821659837472,239.27000427246094,238.78737519509593,238.70234850855687,238.46765367582876,239.67475247826718,,,,,21004,-0.28171019308766176,,,,,,,0.4855042026069893,-0.2716768284593629,-0.2714955379935584,,,,,,,,,,,,-0.14450440860065328,-0.14450440860066438,,
3,1,2,239.0800018310547,12,12003,239.34500122070312,238.0143756866455,238.66974759545468,237.78237031228343,1.2976315187712544,-0.2649993896484375,0.1782488612379325,-0.03299401528636281,0.6223778935228097,239.0800018310547,237.517370922635,237.96061917352137,237.74937629699707,238.40474820580624,,,,,21005,-0.6417022203703766,,,,,,,0.4105072543648018,-0.3466737767015504,-0.3464924862357459,,,,,,,,,,,,0.7373706295463194,0.7373706295463073,,
3,1,2,239.61000061035156,12,12003,239.34500122070312,238.0143756866455,238.66974759545468,237.78237031228343,1.8276302980681294,0.2649993896484375,0.7082476405348075,0.4970047640105122,1.1523766728196847,239.61000061035156,238.04736970193187,238.49061795281824,238.27937507629395,238.93474698510312,,,,,21006,-0.13983301871022036,,,,,,,0.3404999301460518,-0.4166811009203004,-0.4164998104544959,,,,,,,,,,,,-0.31575189090045797,-0.31575189090047023,,
4,1,2,238,12,12004,238.26000213623047,237.57937622070312,238.66974759545468,237.78237031228343,0.21762968771656688,-0.26000213623046875,-0.4667535038743722,-0.4629962278107769,0.6273751469407785,238,237.52236817605296,237.31561680840906,237.31937408447266,238.4097454592242,,,,,21007,0.3289217496613617,,,,,,,0.33550267672808304,-0.42167835433826917,-0.42149706387246466,,,,,,,,,,,,-0.17075047946246968,-0.17075047946248195,,
4,1,2,238.52000427246094,12,12004,238.26000213623047,237.57937622070312,238.66974759545468,237.78237031228343,0.7376339601775044,0.26000213623046875,0.0532507685865653,0.05700804465016063,1.147379419401716,238.52000427246094,238.0423724485139,237.83562108087,237.8393783569336,238.92974973168515,,,,,21008,-0.6385827516814118,,,,,,,0.41550450778277054,-0.34167652328358167,-0.34149523281777716,,,,,,,,,,,,-3.201051422428577,-3.201051422428573,,
5,1,2,238.8699951171875,12,12005,239.09500122070312,237.79937648773193,238.66974759545468,237.78237031228343,1.0876248049040669,-0.225006103515625,0.1832413462843192,-0.20799992806712453,0.6623711796556222,238.8699951171875,237.5573642087678,237.96561165856775,237.5743703842163,238.44474149193906,,,,,21009,-1.3885789369841461,,,,,,,0.5755005404976143,-0.18168049056873792,-0.1814992001029334,,,,,,,,,,,,-1.546751520231794,-1.5467515202317996,,
5,1,2,239.32000732421875,12,12005,239.09500122070312,237.79937648773193,238.66974759545468,237.78237031228343,1.5376370119353169,0.225006103515625,0.6332535533155692,0.24201227896412547,1.1123833866868722,239.32000732421875,238.00737641579906,238.415623865599,238.02438259124756,238.8947536989703,,,,,21010,-0.48232893698414614,,,,,,,0.1755066440132393,-0.5816743870531129,-0.5814930965873084,,,,,,,,,,,,-0.08502668653906653,-0.08502668653906657,,
6,1,2,238.9600067138672,12,12006,239.06500244140625,237.80750179290771,238.66974759545468,237.78237031228343,1.1776364015837544,-0.1049957275390625,0.26512763778822546,-0.07986424691478078,0.7823815556321847,238.9600067138672,237.67737458474437,238.04749795007166,237.70250606536865,238.56475186791562,,,,,21011,-0.24545435660084536,,,,,,,0.4954987094429268,-0.2616823216234254,-0.2615010311576209,,,,,,,,,,,,0.44324825088637,0.4432482508863602,,
6,1,2,239.1699981689453,12,12006,239.06500244140625,237.80750179290771,238.66974759545468,237.78237031228343,1.3876278566618794,0.1049957275390625,0.47511909286635046,0.13012720816334422,0.9923730107103097,239.1699981689453,237.8873660398225,238.25748940514978,237.91249752044678,238.77474332299374,,,,,21012,-0.5760827516814118,,,,,,,0.2555084750679268,-0.5016725559984254,-0.5014912655326209,,,,,,,,,,,,-0.20675136764390345,-0.20675136764391416,,
7,1,2,239.0800018310547,12,12007,235.70000457763672,237.69375038146973,238.66974759545468,237.78237031228343,1.2976315187712544,3.3799972534179687,0.49887416641371374,3.291377322604262,4.267374536589216,239.0800018310547,241.1623675657014,238.28124447869715,241.0737476348877,242.04974484887265,,,,,21013,0.49252322367394186,,,,,,,0.30049901461870804,-0.45668201644764417,-0.45650072598183966,,,,,,,,,,,,0.4082474497999442,0.4082474497999339,,
7,1,2,232.32000732421875,12,12007,235.70000457763672,237.69375038146973,238.66974759545468,237.78237031228343,-5.462362988064683,-3.3799972534179687,-6.261120340422224,-3.4686171842316753,-2.4926199702467216,232.32000732421875,234.40237305886546,231.5212499718612,234.31375312805176,235.2897503420367,,,,,21014,-0.43670801871022036,,,,,,,0.45050816989214554,-0.30667286117420667,-0.30649157070840216,,,,,,,,,,,,0.37012336532728796,0.3701233653272806,,
8,1,2,236.89999389648437,12,12008,237.72999572753906,238.07125091552734,238.66974759545468,237.78237031228343,-0.8823764157990581,-0.8300018310546875,-2.058634302214216,-0.5411212278107769,0.0573754521165597,236.89999389648437,236.95236848122875,235.72373601006922,237.24124908447266,237.8397457644,,,,,21015,0.24454159982005308,,,,,,,0.6204987094429268,-0.13668232162342542,-0.1365010311576209,,,,,,,,,,,,-2.881123087004255,-2.8811230870042537,,
8,1,2,238.55999755859375,12,12008,237.72999572753906,238.07125091552734,238.66974759545468,237.78237031228343,0.7776272463103169,0.8300018310546875,-0.39863064010484095,1.1188824342985981,1.7173791142259347,238.55999755859375,238.61237214333812,237.3837396721786,238.90125274658203,239.49974942650937,,,,,21016,-0.4454589342375641,,,,,,,0.1305084750679268,-0.6266725559984254,-0.6264912655326209,,,,,,,,,,,,-1.2286324711595284,-1.2286324711595284,,
9,1,2,239.22000122070312,12,12009,238.5800018310547,237.8162498474121,238.66974759545468,237.78237031228343,1.4376309084196919,0.6399993896484375,0.5163740901197684,0.6738789247771138,1.5273766728196847,239.22000122070312,238.42236970193187,238.2987444024032,238.45624923706055,239.30974698510312,,,,,21017,-0.6223321413298493,,,,,,,0.9355087802437081,0.17832774917735583,0.1785090396431604,,,,,,,,,,,,-0.12362529952866907,-0.1236252995286777,,
9,1,2,237.94000244140625,12,12009,238.5800018310547,237.8162498474121,238.66974759545468,237.78237031228343,0.15763212912281688,-0.6399993896484375,-0.7636246891771066,-0.6061198545197613,0.2473778935228097,237.94000244140625,237.142370922635,237.01874562310633,237.17625045776367,238.02974820580624,,,,,21018,-0.6648269151945954,,,,,,,-0.18450159573285446,-0.9416826267992067,-0.9415013363334022,,,,,,,,,,,,-0.4823746891771066,-0.48237468917710724,,
10,1,2,238.02000427246094,12,12010,238.0500030517578,237.64500045776367,238.66974759545468,237.78237031228343,0.23763396017750438,-0.029998779296875,-0.5123734684739816,-0.16736863381663625,0.8573785038743722,238.02000427246094,237.75237153298656,237.26999684380945,237.6150016784668,238.6397488161578,,,,,21019,-0.1617045854826813,,,,,,,0.29050450778277054,-0.46667652328358167,-0.46649523281777716,,,,,,,,,,,,-0.675500413969587,-0.6755004139695955,,
10,1,2,238.0800018310547,12,12010,238.0500030517578,237.64500045776367,238.66974759545468,237.78237031228343,0.2976315187712544,0.029998779296875,-0.4523759098802316,-0.10737107522288625,0.9173760624681222,238.0800018310547,237.8123690915803,237.3299944024032,237.67499923706055,238.69974637475156,,,,,21020,-0.9670041933047457,,,,,,,0.46050267672808304,-0.29667835433826917,-0.29649706387246466,,,,,,,,,,,,-0.5911278935228097,-0.5911278935228144,,
11,1,2,237.86000061035156,12,12011,237.91000366210937,237.69812679290771,238.66974759545468,237.78237031228343,0.07763029806812938,-0.0500030517578125,-0.7255034657273995,-0.13424657113353078,0.8373742314134347,237.86000061035156,237.73236726052562,237.05686684655603,237.6481237411499,238.61974454369687,,,,,21021,-0.042327449252212546,,,,,,,-0.029495187041448212,-0.7866762181078004,-0.7864949276419959,,,,,,,,,,,,0.2974701472622314,0.297470147262205,,
11,1,2,237.9600067138672,12,12011,237.91000366210937,237.69812679290771,238.66974759545468,237.78237031228343,0.17763640158375438,0.0500030517578125,-0.6254973622117745,-0.03424046761790578,0.9373803349290597,237.9600067138672,237.83237336404125,237.15687295007166,237.74812984466553,238.7197506472125,,,,,21022,-0.5842061495085602,,,,,,,0.7805023715523018,0.023321340485949582,0.023502630951754144,,,,,,,,,,,,0.07324836532728796,0.07324836532728106,,
12,1,2,237.9199981689453,12,12012,238.04000091552734,237.7437515258789,238.66974759545468,237.78237031228343,0.13762785666187938,-0.12000274658203125,-0.711130640104841,-0.15862153298655812,0.767374536589216,237.9199981689453,237.6623675657014,237.0712396721786,237.62374877929687,238.54974484887265,,,,,21023,-0.8310780977507477,,,,,,,0.2655029819038643,-0.4916780491624879,-0.4914967586966834,,,,,,,,,,,,0.5994992045606864,0.5994992045606795,,
12,1,2,238.16000366210937,12,12012,238.04000091552734,237.7437515258789,238.66974759545468,237.78237031228343,0.3776333498259419,0.12000274658203125,-0.47112514694077845,0.08138396017750438,1.0073800297532784,238.16000366210937,237.90237305886546,237.31124516534265,237.86375427246094,238.7897503420367,,,,,21024,0.041420414517318704,,,,,,,0.4855042026069893,-0.2716768284593629,-0.2714955379935584,,,,,,,,,,,,-0.1504988880906808,-0.15049888809068754,,
13,1,2,238.67999267578125,12,12013,238.97999572753906,237.79514829710558,238.66974759545468,237.78237031228343,0.8976223634978169,-0.3000030517578125,-0.0025329044955810787,-0.28722506693566174,0.5873742314134347,238.67999267578125,237.48236726052562,237.77983740778785,237.49514524534777,238.36974454369687,,,,,21025,-0.5010810350676422,,,,,,,-0.03449244045941696,-0.7916734715257692,-0.7914921810599647,,,,,,,,,,,,0.1876196650709403,0.18761966507093392,,
13,1,2,239.27999877929687,12,12013,238.97999572753906,237.79514829710558,238.66974759545468,237.78237031228343,1.4976284670134419,0.3000030517578125,0.5974731990200439,0.31278103657996326,1.1873803349290597,239.27999877929687,238.08237336404125,238.37984351130348,238.0951513488634,238.9697506472125,,,,,21026,-0.8654504274626618,,,,,,,0.7854996249702706,0.028318593903918332,0.028499884369722894,,,,,,,,,,,,-0.054879686430524544,-0.05487968643053175,,
14,1,2,238.91000366210937,12,12014,239.08499908447266,238.12437343597412,238.66974759545468,237.78237031228343,1.1276333498259419,-0.17499542236328125,-0.1017470570359933,0.16700770132740672,0.712381860807966,238.91000366210937,237.60737488992015,237.68062325524744,237.94937801361084,238.4947521730914,,,,,21027,-0.1442027544279938,,,,,,,0.6955032870796456,-0.06167774398670667,-0.061496453520902106,,,,,,,,,,,,0.14324996750013952,0.1432499675001344,,
14,1,2,239.25999450683594,12,12014,239.08499908447266,238.12437343597412,238.66974759545468,237.78237031228343,1.4776241945525044,0.17499542236328125,0.2482437876905692,0.5169985460539692,1.0623727055345284,239.25999450683594,237.95736573464671,238.030614099974,238.2993688583374,238.84474301781796,,,,,21028,-0.6329560732146149,,,,,,,0.05550389743120804,-0.7016771336351442,-0.7014958431693397,,,,,,,,,,,,0.09795249590854382,0.0979524959085536,,
15,1,2,239.10000610351562,12,12015,239.3550033569336,237.86812686920166,238.66974759545468,237.78237031228343,1.3176357912321919,-0.25499725341796875,0.34450195114271764,-0.16924069649974172,0.6323800297532785,239.10000610351562,237.52737305886546,238.12687226342615,237.6131296157837,238.4147503420367,,,,,21029,-0.23045782797535708,,,,,,,0.5705032870796456,-0.18667774398670667,-0.18649645352090216,,,,,,,,,,,,0.547623136445452,0.5476231364454464,,
15,1,2,239.61000061035156,12,12015,239.3550033569336,237.86812686920166,238.66974759545468,237.78237031228343,1.8276302980681294,0.25499725341796875,0.8544964579786551,0.3407538103361958,1.142374536589216,239.61000061035156,238.0373675657014,238.6368667702621,238.12312412261963,238.92474484887265,,,,,21030,-0.4117055391569977,,,,,,,0.18050389743120804,-0.5766771336351442,-0.5764958431693397,,,,,,,,,,,,0.5457453517164481,0.5457453517164398,,
16,1,2,238.60000610351562,12,12016,238.44000244140625,237.70312404632568,238.66974759545468,237.78237031228343,0.8176357912321919,0.160003662109375,0.009504774018694207,0.08075739615162547,1.0473809452806222,238.60000610351562,237.9423739743928,237.79187508630213,237.86312770843506,238.82975125756406,,,,,21031,0.13329835183421324,,,,,,,0.5655060336616768,-0.19167499740467542,-0.1914937069388709,,,,,,,,,,,,0.36887309829847936,0.36887309829847076,,
16,1,2,238.27999877929687,12,12016,238.44000244140625,237.70312404632568,238.66974759545468,237.78237031228343,0.4976284670134419,-0.160003662109375,-0.3105025502000558,-0.23924992806712453,0.7273736210618722,238.27999877929687,237.62236665017406,237.47186776208338,237.5431203842163,238.5097439333453,,,,,21032,-0.6504512285490876,,,,,,,0.1855011508491768,-0.5716798802171754,-0.5714985897513709,,,,,,,,,,,,0.16136977951185827,0.1613697795118519,,
17,1,2,239.3699951171875,12,12017,239.22999572753906,238.15499877929687,238.66974759545468,237.78237031228343,1.5876248049040669,0.1399993896484375,0.3276190547193778,0.5126278566618794,1.0273766728196847,239.3699951171875,237.92236970193187,238.1099893670028,238.2949981689453,238.80974698510312,,,,,21033,1.247048809597885,,,,,,,0.6505051181343331,-0.10667591293201917,-0.1064946224662146,,,,,,,,,,,,0.4588722972120536,0.458872297212047,,
17,1,2,239.08999633789063,12,12017,239.22999572753906,238.15499877929687,238.66974759545468,237.78237031228343,1.3076260256071919,-0.1399993896484375,0.0476202754225028,0.23262907736500438,0.7473778935228097,239.08999633789063,237.642370922635,237.82999058770594,238.01499938964844,238.52974820580624,,,,,21034,2.0095390821198578,,,,,,,0.10050206637652054,-0.6566789646898317,-0.6564976742240272,,,,,,,,,,,,0.809499242707659,0.8094992427076559,,
18,1,2,238.63999938964844,12,12018,238.58999633789062,237.7574987411499,238.66974759545468,237.78237031228343,0.8576290773650044,0.0500030517578125,-0.0048766346727120435,0.02513148062428172,0.9373803349290597,238.63999938964844,237.83237336404125,237.77749367761072,237.80750179290771,238.7197506472125,,,,,21035,0.6309778120188412,,,,,,,0.6405029819038643,-0.11667804916248792,-0.11649675869668336,,,,,,,,,,,,0.685745695039202,0.6857456950391991,,
18,1,2,238.5399932861328,12,12018,238.58999633789062,237.7574987411499,238.66974759545468,237.78237031228343,0.7576229738493794,-0.0500030517578125,-0.10488273818833704,-0.07487462289134328,0.8373742314134347,238.5399932861328,237.73236726052562,237.6774875740951,237.7074956893921,238.61974454369687,,,,,21036,1.538299038479721,,,,,,,0.11050420260698929,-0.6466768284593629,-0.6464955379935584,,,,,,,,,,,,0.3669981745924247,0.36699817459241985,,
19,1,2,238.99000549316406,12,12019,238.81500244140625,237.78437519073486,238.66974759545468,237.78237031228343,1.2076351808806294,0.1750030517578125,0.318253019257952,0.17700793020924266,1.0623803349290597,238.99000549316406,237.95737336404125,238.10062333154139,237.95937824249268,238.8447506472125,,,,,21037,1.0682949567536468,,,,,,,0.12049870944292679,-0.6366823216234254,-0.6365010311576209,,,,,,,,,,,,0.34450099746840124,0.3445009974683962,,
19,1,2,238.63999938964844,12,12019,238.81500244140625,237.78437519073486,238.66974759545468,237.78237031228343,0.8576290773650044,-0.1750030517578125,-0.03175308425767298,-0.17299817330638234,0.7123742314134347,238.63999938964844,237.60736726052562,237.75061722802576,237.60937213897705,238.49474454369687,,,,,21038,1.373295261929428,,,,,,,0.6305084750679268,-0.12667255599842542,-0.1264912655326209,,,,,,,,,,,,0.7532496241773856,0.7532496241773768,,
20,1,2,238.80999755859375,12,12020,238.95999908447266,237.97466930539287,238.66974759545468,237.78237031228343,1.0276272463103169,-0.15000152587890625,-0.052049029970362426,0.042297467230525854,0.737375757292341,238.80999755859375,237.63236878640453,237.73032128231307,237.82466777951396,238.51974606957577,,,,,21039,1.616424038479721,,,,,,,-0.04449457668988571,-0.8016756077562379,-0.8014943172904334,,,,,,,,,,,,0.713246801301409,0.7132468013014044,,
20,1,2,239.11000061035156,12,12020,238.95999908447266,237.97466930539287,238.66974759545468,237.78237031228343,1.3276302980681294,0.15000152587890625,0.24795402178745007,0.34230051898833835,1.0373788090501534,239.11000061035156,237.93237183816234,238.03032433407088,238.12467083127177,238.8197491213336,,,,,21040,1.5826754117707367,,,,,,,0.7955017612007393,0.03832073013438708,0.038502020600191644,,,,,,,,,,,,0.7694935588087333,0.7694935588087294,,
21,1,2,239.4499969482422,12,12021,239.29000091552734,237.85500049591064,238.66974759545468,237.78237031228343,1.6676266359587544,0.15999603271484375,0.7076191691602958,0.23262621634205516,1.047373315886091,239.4499969482422,237.94236634499828,238.48998948144373,238.0149965286255,238.82974362816952,,,,,21041,1.584539845059311,,,,,,,0.2705078647163643,-0.4866731663499879,-0.4864918758841834,,,,,,,,,,,,0.5919966487135184,0.5919966487135145,,
21,1,2,239.1300048828125,12,12021,239.29000091552734,237.85500049591064,238.66974759545468,237.78237031228343,1.3476345705290669,-0.15999603271484375,0.38762710373060827,-0.08736584908763234,0.7273812504564035,239.1300048828125,237.6223742795686,238.16999741601404,237.6950044631958,238.50975156273984,,,,,21042,1.4398714170468168,,,,,,,0.4804993197944893,-0.2766817112718629,-0.2765004208060584,,,,,,,,,,,,0.37449882309095983,0.37449882309095456,,
22,1,2,239.55999755859375,12,12022,239.2949981689453,237.86187553405762,238.66974759545468,237.78237031228343,1.7776272463103169,0.2649993896484375,0.8107447413648856,0.34450461142262156,1.1523766728196847,239.55999755859375,238.04736970193187,238.59311505364832,238.12687492370605,238.93474698510312,,,,,21043,-0.15170244925221255,,,,,,,1.0655060336616768,0.3083250025953246,0.30850629306112914,,,,,,,,,,,,-0.42788736166913566,-0.4278873616691137,,
22,1,2,239.02999877929687,12,12022,239.2949981689453,237.86187553405762,238.66974759545468,237.78237031228343,1.2476284670134419,-0.2649993896484375,0.2807459620680106,-0.18549416787425344,0.6223778935228097,239.02999877929687,237.517370922635,238.06311627435144,237.59687614440918,238.40474820580624,,,,,21044,0.2114185834626312,,,,,,,-0.3144988491508232,-1.0716798802171754,-1.071498589751371,,,,,,,,,,,,-0.8917546482835519,-0.8917546482835652,,
23,1,2,238.99000549316406,12,12023,239.04000091552734,237.78375053405762,238.66974759545468,237.78237031228343,1.2076351808806294,-0.04999542236328125,0.3188776759351981,-0.048615200589097185,0.837381860807966,238.99000549316406,237.73237488992015,238.10124798821863,237.73375511169434,238.6197521730914,,,,,21045,0.3407949949006195,,,,,,,0.8105011508491768,0.05332011978282458,0.053501410248629144,,,,,,,,,,,,-0.25675537307603236,-0.2567553730760401,,
23,1,2,239.08999633789063,12,12023,239.04000091552734,237.78375053405762,238.66974759545468,237.78237031228343,1.3076260256071919,0.04999542236328125,0.4188685206617606,0.051375644137465315,0.9373727055345285,239.08999633789063,237.83236573464671,238.2012388329452,237.8337459564209,238.71974301781796,,,,,21046,-0.386083171298111,,,,,,,-0.05949396633832321,-0.8166749974046754,-0.8164937069388709,,,,,,,,,,,,-0.7217517109666574,-0.721751710966667,,
24,1,2,238.42999267578125,12,12024,238.5749969482422,237.52624988555908,238.66974759545468,237.78237031228343,0.6476223634978169,-0.1450042724609375,0.01636550705092077,-0.4011246991852886,0.7423730107103097,238.42999267578125,237.6373660398225,237.79873581933435,237.38124561309814,238.52474332299374,,,,,21047,0.4657930875519867,,,,,,,0.15551000094683304,-0.6016710301195192,-0.6014897396537147,,,,,,,,,,,,-1.3436284275804269,-1.3436284275804398,,
24,1,2,238.72000122070312,12,12024,238.5749969482422,237.52624988555908,238.66974759545468,237.78237031228343,0.9376309084196919,0.1450042724609375,0.30637405197279577,-0.11111615426341359,1.0323815556321847,238.72000122070312,237.92737458474437,238.08874436425623,237.67125415802002,238.81475186791562,,,,,21048,-0.24232821219166567,,,,,,,0.5954971835640206,-0.16168384750233167,-0.16150255703652716,,,,,,,,,,,,-0.46737339218003626,-0.4673733921800457,,
25,1,2,239.6300048828125,12,12025,239.04000091552734,237.69375133514404,238.66974759545468,237.78237031228343,1.8476345705290669,0.5900039672851563,1.0488762644972098,0.5013849901457661,1.4773812504564034,239.6300048828125,238.3723742795686,238.83124657678064,238.2837553024292,239.25975156273984,,,,,21049,-0.47233443014820864,,,,,,,-0.45949549221722946,-1.2166765232835817,-1.2164952328177772,,,,,,,,,,,,-0.2805037709031808,-0.28050377090318906,,
25,1,2,238.4499969482422,12,12025,239.04000091552734,237.69375133514404,238.66974759545468,237.78237031228343,0.6676266359587544,-0.5900039672851563,-0.13113167007310267,-0.6786229444245464,0.29737331588609095,238.4499969482422,237.19236634499828,237.65123864221033,237.1037473678589,238.07974362816952,,,,,21050,-0.34762133502837855,,,,,,,1.210502676728083,0.45332164566173083,0.4535029361275354,,,,,,,,,,,,-1.0089855168950663,-1.0089855168950594,,
26,1,2,239.10000610351562,12,12026,239.4800033569336,237.7831268310547,238.66974759545468,237.78237031228343,1.3176357912321919,-0.37999725341796875,0.4295019892896903,-0.3792407346467144,0.5073800297532785,239.10000610351562,237.40237305886546,238.21187230157312,237.40312957763672,238.2897503420367,,,,,22001,2.126951635285792,,,,,,,0.05550389743120804,-0.7016771336351442,-0.7014958431693397,,,,,,,,,,,,0.6832508830274833,0.6832508830274785,,
26,1,2,239.86000061035156,12,12026,239.4800033569336,237.7831268310547,238.66974759545468,237.78237031228343,2.0776302980681294,0.37999725341796875,1.1894964961256278,0.3807537721892231,1.267374536589216,239.86000061035156,238.1623675657014,238.97186680840906,238.16312408447266,239.04974484887265,,,,,22002,0.6236725016933633,,,,,,,0.6955032870796456,-0.06167774398670667,-0.061496453520902106,,,,,,,,,,,,0.16136977951185827,0.16136977951185427,,
27,1,2,239.92999267578125,12,12027,239.3699951171875,237.79687213897705,238.66974759545468,237.78237031228343,2.147622363497817,0.55999755859375,1.245743253632952,0.5744993852873677,1.4473748417649972,239.92999267578125,238.34236787087718,239.02811356591639,238.3568696975708,239.22974515404843,,,,,22003,0.6819462184156748,,,,,,,0.5104980990913643,-0.24668293197498792,-0.2465016415091834,,,,,,,,,,,,-0.0592522831712472,-0.05925228317125376,,
27,1,2,238.80999755859375,12,12027,239.3699951171875,237.79687213897705,238.66974759545468,237.78237031228343,1.0276272463103169,-0.55999755859375,0.12574813644545202,-0.5454957319001323,0.3273797245774972,238.80999755859375,237.22237275368968,237.90811844872889,237.2368745803833,238.10975003686093,,,,,22004,0.17695087234633888,,,,,,,0.2405090854194893,-0.5166719456468629,-0.5164906551810584,,,,,,,,,,,,0.7838692454542411,0.7838692454542351,,
28,1,2,239.02999877929687,12,12028,238.95999908447266,237.70562362670898,238.66974759545468,237.78237031228343,1.2476284670134419,0.06999969482421875,0.4369978694166434,-0.0067469907502299975,0.957376977995466,239.02999877929687,237.85237000710765,238.21936818170008,237.7756233215332,238.7397472902789,,,,,22005,0.6569475535597178,,,,,,,0.2705078647163643,-0.4866731663499879,-0.4864918758841834,,,,,,,,,,,,0.6457476405348075,0.6457476405348008,,
28,1,2,238.88999938964844,12,12028,238.95999908447266,237.70562362670898,238.66974759545468,237.78237031228343,1.1076290773650044,-0.06999969482421875,0.2969984797682059,-0.1467463803986675,0.8173775883470285,238.88999938964844,237.71237061745921,238.07936879205164,237.63562393188477,238.59974790063046,,,,,22006,-0.2511792774949697,,,,,,,0.4804993197944893,-0.2766817112718629,-0.2765004208060584,,,,,,,,,,,,0.6476254252638114,0.6476254252638058,,
29,1,2,239.19000244140625,12,12029,239.03500366210937,237.80312538146973,238.66974759545468,237.78237031228343,1.4076321291228169,0.154998779296875,0.49949977676527624,0.17575384848316844,1.0423760624681222,239.19000244140625,237.9373690915803,238.2818700890487,237.9581241607666,238.82474637475156,,,,,22007,1.6975712184156748,,,,,,,0.2705078647163643,-0.4866731663499879,-0.4864918758841834,,,,,,,,,,,,0.5376219538892997,0.5376219538892922,,
29,1,2,238.8800048828125,12,12029,239.03500366210937,237.80312538146973,238.66974759545468,237.78237031228343,1.0976345705290669,-0.154998779296875,0.18950221817152624,-0.13424371011058156,0.7323785038743722,238.8800048828125,237.62737153298656,237.97187253045496,237.64812660217285,238.5147488161578,,,,,22008,0.6500725154127451,,,,,,,0.4804993197944893,-0.2766817112718629,-0.2765004208060584,,,,,,,,,,,,-0.08767258038540149,-0.08767258038538428,,
30,1,2,239.86000061035156,12,12030,239.24500274658203,237.6043758392334,238.66974759545468,237.78237031228343,2.0776302980681294,0.6149978637695313,1.3682474879469169,0.43700339071949656,1.5023751469407784,239.86000061035156,238.39736817605296,239.15061780023035,238.21937370300293,239.2847454592242,,,,,22009,0.9400772456373545,,,,,,,0.07050328707964554,-0.6866777439867067,-0.6864964535209022,,,,,,,,,,,,-0.8567033266325836,-0.8567033266326097,,
30,1,2,238.6300048828125,12,12030,239.24500274658203,237.6043758392334,238.66974759545468,237.78237031228343,0.8476345705290669,-0.6149978637695313,0.13825176040785436,-0.7929923368195659,0.27237941940171595,238.6300048828125,237.1673724485139,237.9206220726913,236.98937797546387,238.05474973168515,,,,,22010,0.3713211421217295,,,,,,,0.6805038974312081,-0.07667713363514417,-0.0764958431693396,,,,,,,,,,,,-0.49497696706094985,-0.49497696706097133,,
31,1,2,239.42999267578125,12,12031,239.26499938964844,237.66437530517578,238.66974759545468,237.78237031228343,1.6476223634978169,0.1649932861328125,0.8782400874342216,0.04699827902516063,1.0523705693040597,239.42999267578125,237.94736359841625,238.66061039971765,237.8293685913086,238.8347408815875,,,,,22011,0.16319602768081154,,,,,,,0.06550603366167679,-0.6916749974046754,-0.6914937069388709,,,,,,,,,,,,-0.8117032503386383,-0.8117032503386692,,
31,1,2,239.10000610351562,12,12031,239.26499938964844,237.66437530517578,238.66974759545468,237.78237031228343,1.3176357912321919,-0.1649932861328125,0.5482535151685966,-0.2829882932404644,0.7223839970384347,239.10000610351562,237.61737702615062,238.33062382745203,237.49938201904297,238.50475430932187,,,,,22012,0.24757617752212013,,,,,,,0.6855011508491768,-0.07167988021717542,-0.07149858975137086,,,,,,,,,,,,-0.28171019308766176,-0.2817101930876999,,
32,1,2,239.0399932861328,12,12032,239.52499389648437,237.8681230545044,238.66974759545468,237.78237031228343,1.2576229738493794,-0.4850006103515625,0.28449294845717077,-0.3992478681306011,0.4023766728196847,239.0399932861328,237.29736970193187,238.0668632607406,237.38312244415283,238.18474698510312,,,,,22013,-0.5426403203753552,,,,,,,-0.014495797393010712,-0.7716768284593629,-0.7714955379935584,,,,,,,,,,,,-0.6417022203703766,-0.6417022203704061,,
32,1,2,240.00999450683594,12,12032,239.52499389648437,237.8681230545044,238.66974759545468,237.78237031228343,2.2276241945525044,0.4850006103515625,1.2544941691602958,0.5707533525725239,1.3723778935228097,240.00999450683594,238.267370922635,239.03686448144373,238.35312366485596,239.15474820580624,,,,,22014,0.04694694320815529,,,,,,,0.7655029819038643,0.008321950837512082,0.008503241303316644,,,,,,,,,,,,-0.13983301871022036,-0.13983301871025122,,
33,1,2,239.52999877929687,12,12033,239.2249984741211,237.74562454223633,238.66974759545468,237.78237031228343,1.7476284670134419,0.30500030517578125,0.8969969538892997,0.26825453512867625,1.1923775883470284,239.52999877929687,238.08737061745921,238.67936726617273,238.0506248474121,238.97474790063046,,,,,22015,1.1131986979688975,,,,,,,-0.5694961025687919,-1.3266771336351442,-1.3264958431693397,,,,,,,,,,,,0.3289217496613617,0.3289217496613209,,
33,1,2,238.9199981689453,12,12033,239.2249984741211,237.74562454223633,238.66974759545468,237.78237031228343,1.1376278566618794,-0.30500030517578125,0.2869963435377372,-0.34174607522288625,0.582376977995466,238.9199981689453,237.47737000710765,238.06936665582117,237.44062423706055,238.3647472902789,,,,,22016,0.2681993846144053,,,,,,,1.3205032870796456,0.5633222560132933,0.5635035464790978,,,,,,,,,,,,-0.6385827516814118,-0.6385827516814479,,
34,1,2,238.47999572753906,12,12034,238.9000015258789,237.6381254196167,238.66974759545468,237.78237031228343,0.6976254152556294,-0.42000579833984375,-0.04550697524888392,-0.5642506910065777,0.46737148483140345,238.47999572753906,237.3623645139436,237.73686333703455,237.21811962127686,238.24974179711484,,,,,22017,0.5713219050611826,,,,,,,0.5155029819038643,-0.24167804916248792,-0.2414967586966834,,,,,,,,,,,,-1.3885789369841461,-1.3885789369841783,,
34,1,2,239.32000732421875,12,12034,238.9000015258789,237.6381254196167,238.66974759545468,237.78237031228343,1.5376370119353169,0.42000579833984375,0.7945046214308036,0.27576090567310985,1.307383081511091,239.32000732421875,238.20237611062328,238.57687493371424,238.05813121795654,239.08975339379452,,,,,22018,0.513827741547999,,,,,,,0.2355042026069893,-0.5216768284593629,-0.5214955379935584,,,,,,,,,,,,-0.48232893698414614,-0.4823289369841798,,
35,1,2,237.7823703122834,12,12035,238.12618576649328,237.66669584499115,238.66974759545468,237.78237031228343,-0.00000000000002842170943040401,-0.34381545420987436,-0.7717028158789958,-0.4594899215021542,0.5435618289613728,237.7823703122834,237.43855485807356,237.01066749640444,237.32288039078128,238.3259321412448,,,,,22019,0.34694427292006935,,,,,,,-0.9244994595023857,-1.681680490568738,-1.6814992001029332,,,,,,,,,,,,-0.24545435660084536,-0.24545435660088144,,
35,1,2,238.47000122070312,12,12035,238.12618576649328,237.66669584499115,238.66974759545468,237.78237031228343,0.6876309084196919,0.34381545420984594,-0.08407190745927551,0.22814098691756612,1.2311927373810931,238.47000122070312,238.12618576649328,237.69829840482416,238.010511299201,239.01356304966453,,,,,22020,0.10664710650425491,,,,,,,1.6755066440132393,0.9183256129468871,0.9185069034126916,,,,,,,,,,,,-0.5760827516814118,-0.576082751681446,,
36,1,2,237.5500030517578,12,12036,237.73999786376953,237.74437522888184,238.66974759545468,237.78237031228343,-0.23236726052562062,-0.18999481201171875,-1.0817494602952706,-0.22798989541331594,0.6973824711595285,237.5500030517578,237.59237550027171,236.70062085198816,237.55438041687012,238.47975278344296,,,,,22021,0.5163168315138194,,,,,,,0.030502371552301788,-0.7266786595140504,-0.7264973690482459,,,,,,,,,,,,0.49252322367394186,0.4925232236738933,,
36,1,2,237.92999267578125,12,12036,237.73999786376953,237.74437522888184,238.66974759545468,237.78237031228343,0.14762236349781688,0.18999481201171875,-0.7017598362718331,0.15199972861012156,1.077372095182966,237.92999267578125,237.97236512429515,237.0806104760116,237.93437004089355,238.8597424074664,,,,,22022,0.7294430140699717,,,,,,,0.7205048129585518,-0.03667621810780042,-0.036494927641995856,,,,,,,,,,,,-0.43670801871022036,-0.43670801871025555,,
37,1,2,238.25,12,12037,238.2699966430664,237.6393747329712,238.66974759545468,237.78237031228343,0.4676296877165669,-0.01999664306640625,-0.2767520161424386,-0.16299222237864797,0.867380640104841,238.25,237.76237366921703,237.505618296141,237.61937808990479,238.64975095238827,,,,,22023,0.8275722865309092,,,,,,,0.6155014560249581,-0.14167957504139417,-0.14149828457558966,,,,,,,,,,,,0.24454159982005308,0.24454159982001702,,
37,1,2,238.2899932861328,12,12037,238.2699966430664,237.6393747329712,238.66974759545468,237.78237031228343,0.5076229738493794,0.01999664306640625,-0.2367587300096261,-0.12299893624583547,0.9073739262376535,238.2899932861328,237.80236695534984,237.5456115822738,237.6593713760376,238.6897442385211,,,,,22024,0.3600744609083506,,,,,,,0.13550572848589554,-0.6216753025804567,-0.6214940121146522,,,,,,,,,,,,-0.4454589342375641,-0.44545893423759947,,
38,1,2,238.3300018310547,12,12038,238.0800018310547,237.9143762588501,238.66974759545468,237.78237031228343,0.5476315187712544,0.25,-0.47175171096665736,0.38200594656666453,1.1373772831712472,238.3300018310547,238.03237031228343,237.31061860131678,238.1643762588501,238.91974759545468,,,,,22025,0.4975733164991709,,,,,,,0.7255020663765206,-0.03167896468983167,-0.031497674224027106,,,,,,,,,,,,-0.6223321413298493,-0.6223321413298882,,
38,1,2,237.8300018310547,12,12038,238.0800018310547,237.9143762588501,238.66974759545468,237.78237031228343,0.04763151877125438,-0.25,-0.9717517109666574,-0.11799405343333547,0.6373772831712472,237.8300018310547,237.53237031228343,236.81061860131678,237.6643762588501,238.41974759545468,,,,,22026,0.7531990412916514,,,,,,,0.025505118134333038,-0.7316759129320192,-0.7314946224662147,,,,,,,,,,,,-0.6648269151945954,-0.6648269151946309,,
39,1,2,238.80999755859375,12,12039,237.70999908447266,238.16625022888184,238.66974759545468,237.78237031228343,1.0276272463103169,1.0999984741210937,-0.24362995345933314,1.4838783907194966,1.987375757292341,238.80999755859375,238.88236878640453,237.5387403588241,239.26624870300293,239.76974606957577,,,,,22027,1.2244467143263194,,,,,,,0.1405029819038643,-0.6166780491624879,-0.6164967586966834,,,,,,,,,,,,-0.1617045854826813,-0.16170458548271485,,
39,1,2,236.61000061035156,12,12039,237.70999908447266,238.16625022888184,238.66974759545468,237.78237031228343,-1.1723697019318706,-1.0999984741210937,-2.4436269017015206,-0.7161185575226909,-0.21262119094984655,236.61000061035156,236.68237183816234,235.3387434105819,237.06625175476074,237.5697491213336,,,,,22028,0.155699193879542,,,,,,,0.6105042026069893,-0.14667682845936292,-0.1464955379935584,,,,,,,,,,,,-0.9670041933047457,-0.9670041933047636,,
40,1,2,237.60000610351562,12,12040,238.02000427246094,237.60000038146973,238.66974759545468,237.78237031228343,-0.18236420876780812,-0.4199981689453125,-0.8873715611253488,-0.6023680997590191,0.4673791142259347,237.60000610351562,237.36237214333812,236.89499875115808,237.1800022125244,238.24974942650937,,,,,22029,-0.14180713851791893,,,,,,,-0.45949549221722946,-1.2166765232835817,-1.2164952328177772,,,,,,,,,,,,-0.042327449252212546,-0.0423274492522455,,
40,1,2,238.44000244140625,12,12040,238.02000427246094,237.60000038146973,238.66974759545468,237.78237031228343,0.6576321291228169,0.4199981689453125,-0.04737522323472376,0.23762823813160594,1.3073754521165597,238.44000244140625,238.20236848122875,237.7349950890487,238.01999855041504,239.0897457644,,,,,22030,0.11694759170669045,,,,,,,1.210502676728083,0.45332164566173083,0.4535029361275354,,,,,,,,,,,,-0.5842061495085602,-0.5842061495085945,,
41,1,2,238.75,12,12041,238.2949981689453,237.68812465667725,238.66974759545468,237.78237031228343,0.9676296877165669,0.4550018310546875,0.1744980601515067,0.36075617544850047,1.3423791142259347,238.75,238.23737214333812,237.95686837243494,238.14312648773193,239.12474942650937,,,,,22031,0.0019478205885263833,,,,,,,0.5305023715523018,-0.22667865951405042,-0.2264973690482459,,,,,,,,,,,,-0.8310780977507477,-0.831078097750778,,
41,1,2,237.83999633789062,12,12041,238.2949981689453,237.68812465667725,238.66974759545468,237.78237031228343,0.05762602560719188,-0.4550018310546875,-0.7355056019578683,-0.5492474866608745,0.4323754521165597,237.83999633789062,237.32736848122875,237.04686471032556,237.23312282562256,238.2147457644,,,,,22032,0.14819854538100685,,,,,,,0.2205048129585518,-0.5366762181078004,-0.5364949276419959,,,,,,,,,,,,0.041420414517318704,0.041420414517283954,,
42,1,2,237.4600067138672,12,12042,237.6211885130753,237.74279674679912,238.66974759545468,237.78237031228343,-0.3223635984162456,-0.1611817992081228,-1.170167316103175,-0.2007553646924407,0.7261954839631244,237.4600067138672,237.6211885130753,236.61220299618026,237.581614947591,238.50856579624656,,,,,22033,-0.6443038578782705,,,,,,,1.0005035922554268,0.24332256118907458,0.24350385165487914,,,,,,,,,,,,-0.5010810350676422,-0.5010810350676735,,
42,1,2,237.7823703122834,12,12042,237.6211885130753,237.74279674679912,238.66974759545468,237.78237031228343,-0.00000000000002842170943040401,0.1611817992080944,-0.8478037176869577,0.1216082337237765,1.0485590823793416,237.7823703122834,237.94355211149153,236.93456659459648,237.9039785460072,238.83092939466277,,,,,22034,-2.0718007679734853,,,,,,,-0.2494964077445732,-1.0066774388109254,-1.006496148345121,,,,,,,,,,,,-0.8654504274626618,-0.8654504274626961,,
43,1,2,239.57000732421875,12,12043,239.42000579833984,237.8493776321411,238.66974759545468,237.78237031228343,1.7876370119353169,0.15000152587890625,0.8332524089063895,0.2170088457365864,1.0373788090501534,239.57000732421875,237.93237183816234,238.61562272118982,237.99937915802002,238.8197491213336,,,,,22035,-0.8253696674690332,,,,,,,0.11550145602495804,-0.6416795750413942,-0.6414982845755897,,,,,,,,,,,,-0.1442027544279938,-0.1442027544280276,,
43,1,2,239.27000427246094,12,12043,239.42000579833984,237.8493776321411,238.66974759545468,237.78237031228343,1.4876339601775044,-0.15000152587890625,0.533249357148577,-0.08299420602122609,0.737375757292341,239.27000427246094,237.63236878640453,238.315619669432,237.6993761062622,238.51974606957577,,,,,22036,-1.6680560704026846,,,,,,,0.6355057284858956,-0.12167530258045667,-0.12149401211465216,,,,,,,,,,,,-0.6329560732146149,-0.6329560732146475,,
44,1,2,238.47999572753906,12,12044,238.96499633789063,237.91624927520752,238.66974759545468,237.78237031228343,0.6976254152556294,-0.4850006103515625,-0.32363083083970423,-0.3511216474274761,0.4023766728196847,238.47999572753906,237.29736970193187,237.45873948144373,237.43124866485596,238.18474698510312,,,,,22037,-1.3180528279100088,,,,,,,-0.07450098538129196,-0.8316820164476442,-0.8315007259818397,,,,,,,,,,,,-0.23045782797535708,-0.23045782797539113,,
44,1,2,239.4499969482422,12,12044,238.96499633789063,237.91624927520752,238.66974759545468,237.78237031228343,1.6676266359587544,0.4850006103515625,0.6463703898634208,0.6188795732756489,1.3723778935228097,239.4499969482422,238.267370922635,238.42874070214685,238.40124988555908,239.15474820580624,,,,,22038,-1.6680513020311025,,,,,,,0.8255081698921456,0.06832713882579333,0.0685084292915979,,,,,,,,,,,,-0.4117055391569977,-0.41170553915702757,,
45,1,2,239.0399932861328,12,12045,238.51499938964844,237.68687438964844,238.66974759545468,237.78237031228343,1.2576229738493794,0.524993896484375,0.4657416133131278,0.4294979738493794,1.4123711796556222,239.0399932861328,238.3073642087678,238.24811192559656,238.2118682861328,239.19474149193906,,,,,22039,-1.6799274082933096,,,,,,,0.1755066440132393,-0.5816743870531129,-0.5814930965873084,,,,,,,,,,,,0.13329835183421324,0.13329835183417954,,
45,1,2,237.99000549316406,12,12045,238.51499938964844,237.68687438964844,238.66974759545468,237.78237031228343,0.20763518088062938,-0.524993896484375,-0.5842461796556222,-0.6204898191193706,0.3623833866868722,237.99000549316406,237.25737641579906,237.1981241326278,237.16188049316406,238.1447536989703,,,,,22040,-1.873679697111669,,,,,,,0.5755005404976143,-0.18168049056873792,-0.1814992001029334,,,,,,,,,,,,-0.6504512285490876,-0.6504512285491232,,
46,1,2,239.77999877929687,12,12046,239.46499633789062,237.79374980926514,238.66974759545468,237.78237031228343,1.9976284670134419,0.31500244140625,1.098871686860491,0.3263819383879536,1.2023797245774972,239.77999877929687,238.09737275368968,238.88124199914392,238.1087522506714,238.98475003686093,,,,,22041,-2.2418027516160635,,,,,,,-0.30449671292035446,-1.0616777439867067,-1.0614964535209022,,,,,,,,,,,,1.247048809597885,1.2470488095978571,,
46,1,2,239.14999389648437,12,12046,239.46499633789062,237.79374980926514,238.66974759545468,237.78237031228343,1.3676235842009419,-0.31500244140625,0.4688668040479911,-0.3036229444245464,0.5723748417649972,239.14999389648437,237.46736787087718,238.25123711633142,237.4787473678589,238.35474515404843,,,,,22042,-1.3002863286626365,,,,,,,1.055503897431208,0.29832286636485583,0.2985041568306604,,,,,,,,,,,,2.0095390821198578,2.0095390821198276,,
47,1,2,238.35000610351562,12,12047,238.86000061035156,237.3268756866455,238.66974759545468,237.78237031228343,0.5676357912321919,-0.5099945068359375,0.13575313369887,-0.9654891324738628,0.3773827763353097,238.35000610351562,237.2723758054475,237.9181234459823,236.81688117980957,238.15975308861874,,,,,22043,-0.3130517597947744,,,,,,,0.2205048129585518,-0.5366762181078004,-0.5364949276419959,,,,,,,,,,,,0.6309778120188412,0.6309778120188322,,
47,1,2,239.3699951171875,12,12047,238.86000061035156,237.3268756866455,238.66974759545468,237.78237031228343,1.5876248049040669,0.5099945068359375,1.155742147370745,0.05449988119801219,1.3973717900071847,239.3699951171875,238.29236481911937,238.93811245965418,237.83687019348145,239.17974210229062,,,,,22044,-0.3149285908494619,,,,,,,0.5305023715523018,-0.22667865951405042,-0.2264973690482459,,,,,,,,,,,,1.538299038479721,1.5382990384796935,,
48,1,2,239.77000427246094,12,12048,239.32500457763672,237.79000186920166,238.66974759545468,237.78237031228343,1.9876339601775044,0.44499969482421875,1.0926251200880301,0.4526312517424458,1.332376977995466,239.77000427246094,238.22737000710765,238.87499543237146,238.23500156402588,239.1147472902789,,,,,22045,-0.3605552311692861,,,,,,,0.2355042026069893,-0.5216768284593629,-0.5214955379935584,,,,,,,,,,,,1.0682949567536468,1.068294956753612,,
48,1,2,238.8800048828125,12,12048,239.32500457763672,237.79000186920166,238.66974759545468,237.78237031228343,1.0976345705290669,-0.44499969482421875,0.20262573043959264,-0.4373681379059917,0.44237758834702845,238.8800048828125,237.33737061745921,237.98499604272303,237.34500217437744,238.22474790063046,,,,,22046,0.06257575790542092,,,,,,,0.5155029819038643,-0.24167804916248792,-0.2414967586966834,,,,,,,,,,,,1.373295261929428,1.3732952619293974,,
49,1,2,238.89999389648437,12,12049,239.52999877929687,238.10499954223633,238.66974759545468,237.78237031228343,1.1176235842009419,-0.6300048828125,-0.09238292892320033,-0.307375652859605,0.2573724003587472,238.89999389648437,237.15236542947093,237.68998738336023,237.47499465942383,238.03974271264218,,,,,22047,-0.4055476780687002,,,,,,,0.8105011508491768,0.05332011978282458,0.053501410248629144,,,,,,,,,,,,1.616424038479721,1.6164240384796902,,
49,1,2,240.16000366210937,12,12049,239.52999877929687,238.10499954223633,238.66974759545468,237.78237031228343,2.377633349825942,0.6300048828125,1.1676268367017997,0.952634112765395,1.5173821659837472,240.16000366210937,238.41237519509593,238.94999714898523,238.73500442504883,239.29975247826718,,,,,22048,-0.11367660720688377,,,,,,,-0.05949396633832321,-0.8166749974046754,-0.8164937069388709,,,,,,,,,,,,1.5826754117707367,1.5826754117707031,,
50,1,2,238.8800048828125,12,12050,238.91500091552734,238.1152962127415,238.66974759545468,237.78237031228343,1.0976345705290669,-0.03499603271484375,-0.12266861310024524,0.29792986774322117,0.8523812504564035,238.8800048828125,237.7473742795686,237.6597016991832,238.08030018002665,238.63475156273984,,,,,22049,0.16632694046157326,,,,,,,0.3755035922554268,-0.3816774388109254,-0.3814961483451209,,,,,,,,,,,,1.584539845059311,1.5845398450592814,,
50,1,2,238.9499969482422,12,12050,238.91500091552734,238.1152962127415,238.66974759545468,237.78237031228343,1.1676266359587544,0.03499603271484375,-0.05267654767055774,0.36792193317290867,0.922373315886091,238.9499969482422,237.81736634499828,237.72969376461288,238.15029224545634,238.70474362816952,,,,,22050,0.8710266078470283,,,,,,,0.3755035922554268,-0.3816774388109254,-0.3814961483451209,,,,,,,,,,,,1.4398714170468168,1.4398714170468034,,
1,2,1,236.3000030517578,21,21001,236.30500030517578,237.54937362670898,237.3947003173828,237.78237031228343,-1.4823672605256206,-0.00499725341796875,-0.8617005800505524,-0.2379939389924175,-0.39266724831858824,236.3000030517578,237.77737305886546,236.92066973223288,237.54437637329102,237.38970306396484,,,,,31001,-0.9078322360542472,,,,,,,-0.31933341177396835,0.3383237818921998,0.8694670185239068,,,,,,,,,,,,-0.15170244925221255,-0.15170244925224505,,
1,2,1,236.30999755859375,21,21001,236.30500030517578,237.54937362670898,237.3947003173828,237.78237031228343,-1.4723727536896831,0.00499725341796875,-0.8517060732146149,-0.22799943215648,-0.38267274148265074,236.30999755859375,237.7873675657014,236.93066423906882,237.55437088012695,237.39969757080078,,,,,31002,-1.466104045427926,,,,,,,-1.7593358531802183,-1.1016786595140502,-0.5705354228823432,,,,,,,,,,,,0.2114185834626312,0.21141858346259973,,
2,2,1,236.47000122070312,21,21002,236.5800018310547,237.46264879301626,237.3947003173828,237.78237031228343,-1.3123690915803081,-0.1100006103515625,-0.6049775774125124,-0.4297221296187388,-0.497670605252182,236.47000122070312,237.67236970193187,237.17739273487092,237.3526481826647,237.28469970703125,,,,,31003,-0.8928309390571769,,,,,,,-1.7543385997622496,-1.0966814060960814,-0.5655381694643744,,,,,,,,,,,,0.3407949949006195,0.3407949949005861,,
2,2,1,236.69000244140625,21,21002,236.5800018310547,237.46264879301626,237.3947003173828,237.78237031228343,-1.0923678708771831,0.1100006103515625,-0.38497635670938735,-0.2097209089156138,-0.277669384549057,236.69000244140625,237.892370922635,237.39739395557405,237.57264940336782,237.50470092773438,,,,,31004,-1.3428259799507316,,,,,,,-0.3243306651919371,0.33332652847423105,0.8644697651059381,,,,,,,,,,,,-0.386083171298111,-0.38608317129814546,,
3,2,1,236.85000610351562,21,21003,236.81500244140625,238.0143756866455,237.3947003173828,237.78237031228343,-0.9323642087678081,0.035003662109375,-0.7766995882292633,0.2670090364714497,-0.3526663327912445,236.85000610351562,237.8173739743928,237.00567072405417,238.04937934875488,237.4297039794922,,,,,31005,-0.9528256366279777,,,,,,,0.2006632312924379,0.858320424958606,1.389463661590313,,,,,,,,,,,,0.4657930875519867,0.4657930875519534,,
3,2,1,236.77999877929687,21,21003,236.81500244140625,238.0143756866455,237.3947003173828,237.78237031228343,-1.0023715329865581,-0.035003662109375,-0.8467069124480133,0.1970017122526997,-0.4226736570099945,236.77999877929687,237.74736665017406,236.93566339983542,237.97937202453613,237.35969665527344,,,,,31006,-0.13595399356157145,,,,,,,-2.2793324962466244,-1.6216753025804564,-1.0905320659487494,,,,,,,,,,,,-0.24232821219166567,-0.2423282121916978,,
4,2,1,236.8699951171875,21,21004,236.90999603271484,237.57937622070312,237.3947003173828,237.78237031228343,-0.9123751950959331,-0.04000091552734375,-0.3217111086150055,-0.24299500710765187,-0.42767091042796324,236.8699951171875,237.7423693967561,237.46065920366843,237.53937530517578,237.35469940185547,,,,,31007,0.6877965023490731,,,,,,,-2.454335548004437,-1.796678354338269,-1.265535117706562,,,,,,,,,,,,-0.47233443014820864,-0.472334430148241,,
4,2,1,236.9499969482422,21,21004,236.90999603271484,237.57937622070312,237.3947003173828,237.78237031228343,-0.8323733640412456,0.04000091552734375,-0.24170927756031801,-0.16299317605296437,-0.34766907937327574,236.9499969482422,237.82237122781078,237.54066103472312,237.61937713623047,237.43470123291016,,,,,31008,-1.2247000644233879,,,,,,,0.3756662830502504,1.0333234767164186,1.5644667133481256,,,,,,,,,,,,-0.34762133502837855,-0.3476213350284019,,
5,2,1,236.97000122070312,21,21005,236.77000427246094,237.79937648773193,237.3947003173828,237.78237031228343,-0.8123690915803081,0.1999969482421875,-0.4417052721281891,0.21700312369068797,-0.18767304665843199,236.97000122070312,237.98236726052562,237.34066504015524,237.99937343597412,237.594697265625,,,,,31009,-1.554705710175341,,,,,,,-1.0943349376528746,-0.43667774398670645,0.09446549264500059,,,,,,,,,,,,2.126951635285792,2.1269516352857734,,
5,2,1,236.57000732421875,21,21005,236.77000427246094,237.79937648773193,237.3947003173828,237.78237031228343,-1.2123629880646831,-0.1999969482421875,-0.8416991686125641,-0.18299077279368703,-0.587666943142807,236.57000732421875,237.58237336404125,236.94067114367087,237.59937953948975,237.19470336914063,,,,,31010,-1.8134566257026847,,,,,,,-0.9843343273013121,-0.32667713363514395,0.2044661029965631,,,,,,,,,,,,0.6236725016933633,0.6236725016933561,,
6,2,1,237.39999389648437,21,21006,237.27999877929687,237.80750179290771,237.3947003173828,237.78237031228343,-0.3823764157990581,0.1199951171875,-0.019837901522720358,0.14512659781178172,-0.2676748777131195,237.39999389648437,237.90236542947093,237.7625324107607,237.92749691009521,237.5146954345703,,,,,31011,-0.886579603913134,,,,,,,-0.6693318858950621,-0.011674692228893946,0.5194685444028131,,,,,,,,,,,,0.6819462184156748,0.6819462184156536,,
6,2,1,237.16000366210937,21,21006,237.27999877929687,237.80750179290771,237.3947003173828,237.78237031228343,-0.6223666501740581,-0.1199951171875,-0.25982813589772036,-0.09486363656321828,-0.5076651120881195,237.16000366210937,237.66237519509593,237.5225421763857,237.68750667572021,237.2747052001953,,,,,31012,-0.47720250582963786,,,,,,,-1.4093373790591246,-0.7516801853929565,-0.2205369487612494,,,,,,,,,,,,0.17695087234633888,0.1769508723463286,,
7,2,1,237.55999755859375,21,21007,237.63500213623047,237.69375038146973,237.3947003173828,237.78237031228343,-0.22237275368968312,-0.07500457763671875,0.2539171720246429,-0.1636245084504253,-0.46267457253733824,237.55999755859375,237.70736573464671,238.03628748430808,237.618745803833,237.3196957397461,,,,,31013,0.3464007229436845,,,,,,,-1.0493291393130308,-0.3916719456468627,0.13947129098484434,,,,,,,,,,,,0.6569475535597178,0.6569475535597034,,
7,2,1,237.7100067138672,21,21007,237.63500213623047,237.69375038146973,237.3947003173828,237.78237031228343,-0.07236359841624562,0.07500457763671875,0.4039263272980804,-0.01361535317698781,-0.31266541726390074,237.7100067138672,237.85737488992015,238.1862966395815,237.76875495910645,237.46970489501953,,,,,31014,1.522172837493116,,,,,,,-1.0293401256411558,-0.3716829319749877,0.15946030465671934,,,,,,,,,,,,-0.2511792774949697,-0.2511792774949862,,
8,2,1,237.2899932861328,21,21008,237.0449981689453,238.07125091552734,237.3947003173828,237.78237031228343,-0.4923770261506206,0.2449951171875,-0.39358763449391176,0.5338757204314106,-0.14267487771311949,237.2899932861328,238.02736542947093,237.38878267778952,238.31624603271484,237.6396954345703,,,,,31015,0.3884200146171395,,,,,,,-0.8443349376528746,-0.18667774398670645,0.3444654926450006,,,,,,,,,,,,1.6975712184156748,1.6975712184156522,,
8,2,1,236.8000030517578,21,21008,237.0449981689453,238.07125091552734,237.3947003173828,237.78237031228343,-0.9823672605256206,-0.2449951171875,-0.8835778688689118,0.04388548605641063,-0.6326651120881195,236.8000030517578,237.53737519509593,236.89879244341452,237.82625579833984,237.1497052001953,,,,,31016,2.3134173443290535,,,,,,,-1.234334327301312,-0.576677133635144,-0.04553389700343691,,,,,,,,,,,,0.6500725154127451,0.6500725154127249,,
9,2,1,236.60000610351562,21,21009,236.04000091552734,237.8162498474121,237.3947003173828,237.78237031228343,-1.1823642087678081,0.5600051879882813,-0.8285737489958649,0.5938847231169575,0.17233519308766176,236.60000610351562,238.34237550027171,236.95379656328757,238.3762550354004,237.9547055053711,,,,,31017,2.1615456631156746,,,,,,,-0.2293294444888121,0.42832774917735605,0.9594709858090631,,,,,,,,,,,,0.9400772456373545,0.9400772456373384,,
9,2,1,235.47999572753906,21,21009,236.04000091552734,237.8162498474121,237.3947003173828,237.78237031228343,-2.3023745847443706,-0.5600051879882813,-1.9485841249724274,-0.526125652859605,-0.9476751828889007,235.47999572753906,237.22236512429515,235.833786187311,237.25624465942383,236.83469512939453,,,,,31018,1.9640444805595223,,,,,,,-1.8493398204653746,-1.1916826267992064,-0.6605393901674994,,,,,,,,,,,,0.3713211421217295,0.37132114212171347,,
10,2,1,236.69000244140625,21,21010,236.7750015258789,237.64500045776367,237.3947003173828,237.78237031228343,-1.0923678708771831,-0.08499908447265625,-0.5673280214568024,-0.2223689389924175,-0.47266907937327574,236.69000244140625,237.69737122781078,237.21504229082663,237.56000137329102,237.30970123291016,,,,,31019,1.3571738293144051,,,,,,,-0.9193395152895934,-0.2616823216234252,0.26946091500828184,,,,,,,,,,,,0.16319602768081154,0.16319602768079633,,
10,2,1,236.86000061035156,21,21010,236.7750015258789,237.64500045776367,237.3947003173828,237.78237031228343,-0.9223697019318706,0.08499908447265625,-0.3973298525114899,-0.052370770047105,-0.30267091042796324,236.86000061035156,237.8673693967561,237.38504045977194,237.72999954223633,237.47969940185547,,,,,31020,0.8480657863254493,,,,,,,-1.1593297496645933,-0.5016725559984252,0.029470680633281843,,,,,,,,,,,,0.24757617752212013,0.24757617752210698,,
11,2,1,236.66000366210937,21,21011,237.06500244140625,237.69812679290771,237.3947003173828,237.78237031228343,-1.1223666501740581,-0.404998779296875,-0.6504531358977204,-0.4892422986725933,-0.7926687741974945,236.66000366210937,237.37737153298656,237.1319171763857,237.29312801361084,236.98970153808594,,,,,31021,0.05154791378706136,,,,,,,-1.519337989410687,-0.861680795744519,-0.3305375591128119,,,,,,,,,,,,-0.5426403203753552,-0.5426403203753948,,
11,2,1,237.47000122070313,21,21011,237.06500244140625,237.69812679290771,237.3947003173828,237.78237031228343,-0.3123690915803081,0.404998779296875,0.15954442269602964,0.3207552599211567,0.017328784396255514,237.47000122070313,238.1873690915803,237.94191473497946,238.1031255722046,237.7996990966797,,,,,31022,-0.805325598481005,,,,,,,-0.5593312755434996,0.09832591812266855,0.6294691547543756,,,,,,,,,,,,0.04694694320815529,0.04694694320814104,,
12,2,1,236.6699981689453,21,21012,236.77999877929687,237.7437515258789,237.3947003173828,237.78237031228343,-1.1123721433381206,-0.1100006103515625,-0.6860833620329743,-0.14861939675608937,-0.497670605252182,236.6699981689453,237.67236970193187,237.09628695025046,237.63375091552734,237.28469970703125,,,,,31023,-1.3422060916450675,,,,,,,-1.394337989410687,-0.736680795744519,-0.2055375591128119,,,,,,,,,,,,1.1131986979688975,1.113198697968888,,
12,2,1,236.88999938964844,21,21012,236.77999877929687,237.7437515258789,237.3947003173828,237.78237031228343,-0.8923709226349956,0.1100006103515625,-0.46608214132984926,0.07138182394703563,-0.277669384549057,236.88999938964844,237.892370922635,237.31628817095358,237.85375213623047,237.50470092773438,,,,,31024,-2.4247017810371574,,,,,,,-0.6843312755434996,-0.026674081877331446,0.5044691547543756,,,,,,,,,,,,0.2681993846144053,0.2681993846143912,,
13,2,1,237.49000549316406,21,21013,237.9000015258789,237.79514829710558,237.3947003173828,237.78237031228343,-0.2923648191193706,-0.40999603271484375,0.0825271909590981,-0.397218047892693,-0.7976660276154632,237.49000549316406,237.3723742795686,237.86489750324253,237.38515226439074,236.98470428466797,,,,,31025,-1.2622013995674308,,,,,,,-1.5593312755434996,-0.9016740818773315,-0.3705308452456244,,,,,,,,,,,,0.5713219050611826,0.5713219050611718,,
13,2,1,238.30999755859375,21,21013,237.9000015258789,237.79514829710558,237.3947003173828,237.78237031228343,0.5276272463103169,0.40999603271484375,0.9025192563887856,0.4227740175369945,0.022326037814224264,238.30999755859375,238.19236634499828,238.68488956867222,238.20514432982043,237.80469635009766,,,,,31026,-0.6965781161812004,,,,,,,-0.5193379894106871,0.13831920425548105,0.6694624408871881,,,,,,,,,,,,0.513827741547999,0.5138277415479863,,
14,2,1,237.6199951171875,21,21014,237.29999542236328,238.12437343597412,237.3947003173828,237.78237031228343,-0.16237519509593312,0.31999969482421875,-0.11670832388600161,0.6620028185149067,-0.06767030007640074,237.6199951171875,238.10237000710765,237.66566198839743,238.44437313079834,237.71470001220703,,,,,31027,0.48967352413862386,,,,,,,-1.3143285289614683,-0.6566713352953002,-0.12552809866359316,,,,,,,,,,,,0.34694427292006935,0.34694427292005553,,
14,2,1,236.97999572753906,21,21014,237.29999542236328,238.12437343597412,237.3947003173828,237.78237031228343,-0.8023745847443706,-0.31999969482421875,-0.7567077135344391,0.02200342886646922,-0.7076696897248382,236.97999572753906,237.46237061745921,237.025662598749,237.8043737411499,237.0747006225586,,,,,31028,-1.5540800998237785,,,,,,,-0.7643407359927184,-0.1066835423265502,0.42445969430515684,,,,,,,,,,,,0.10664710650425491,0.10664710650425614,,
15,2,1,237.9199981689453,21,21015,237.7249984741211,237.86812686920166,237.3947003173828,237.78237031228343,0.13762785666187938,0.19499969482421875,0.43954129464427183,0.2807562517424458,-0.19267030007640074,237.9199981689453,237.97737000710765,238.2219116069277,238.06312656402588,237.58970001220703,,,,,31029,-0.3865748355415519,,,,,,,-3.6343358531802186,-2.97667865951405,-2.445535422882343,,,,,,,,,,,,0.5163168315138194,0.5163168315138068,,
15,2,1,237.52999877929687,21,21015,237.7249984741211,237.86812686920166,237.3947003173828,237.78237031228343,-0.2523715329865581,-0.19499969482421875,0.04954190499583433,-0.10924313790599172,-0.5826696897248382,237.52999877929687,237.58737061745921,237.83191221727927,237.67312717437744,237.1997006225586,,,,,31030,-1.5478259036567863,,,,,,,1.5556665882260314,2.2133237818922,2.744467018523907,,,,,,,,,,,,0.7294430140699717,0.729443014069955,,
16,2,1,237.05999755859375,21,21016,236.8699951171875,237.70312404632568,237.3947003173828,237.78237031228343,-0.7223727536896831,0.19000244140625,-0.2554564928313141,0.11075617544850047,-0.19766755349436949,237.05999755859375,237.97237275368968,237.52691381945212,237.89312648773193,237.58470275878906,,,,,31031,-1.0128317782905754,,,,,,,-1.1343358531802183,-0.4766786595140502,0.05446457711765684,,,,,,,,,,,,0.8275722865309092,0.8275722865308955,,
16,2,1,236.67999267578125,21,21016,236.8699951171875,237.70312404632568,237.3947003173828,237.78237031228343,-1.1023776365021831,-0.19000244140625,-0.6354613756438141,-0.26924870736399953,-0.5776724363068695,236.67999267578125,237.59236787087718,237.14690893663962,237.51312160491943,237.20469787597656,,,,,31032,-0.3965798327949699,,,,,,,-0.9443334117739684,-0.2866762181078002,0.24446701852390684,,,,,,,,,,,,0.3600744609083506,0.3600744609083365,,
17,2,1,237.4199981689453,21,21017,237.1449966430664,238.15499877929687,237.3947003173828,237.78237031228343,-0.3623721433381206,0.27500152587890625,-0.347330615450943,0.6476299928923481,-0.11266846902171324,237.4199981689453,238.05737183816234,237.4350396968325,238.43000030517578,237.66970184326172,,,,,31033,-2.164080710175341,,,,,,,-1.5543340221255308,-0.8966768284593627,-0.36553359182765566,,,,,,,,,,,,0.4975733164991709,0.49757331649915715,,
17,2,1,236.8699951171875,21,21017,237.1449966430664,238.15499877929687,237.3947003173828,237.78237031228343,-0.9123751950959331,-0.27500152587890625,-0.8973336672087555,0.09762694113453563,-0.6626715207795257,236.8699951171875,237.50736878640453,236.88503664507468,237.87999725341797,237.1196987915039,,,,,31034,-1.1015797565010246,,,,,,,-0.5243352428286559,0.1333219508375123,0.6644651874692193,,,,,,,,,,,,0.7531990412916514,0.7531990412916361,,
18,2,1,236.97000122070312,21,21018,236.7050018310547,237.7574987411499,237.3947003173828,237.78237031228343,-0.8123690915803081,0.2649993896484375,-0.39982752554615786,0.24012781851490672,-0.12267060525218199,236.97000122070312,238.04736970193187,237.38254278673728,238.02249813079834,237.65969970703125,,,,,31035,0.06484951294874009,,,,,,,-0.9493382945864684,-0.2916811009203002,0.23946213571140684,,,,,,,,,,,,1.2244467143263194,1.2244467143263023,,
18,2,1,236.44000244140625,21,21018,236.7050018310547,237.7574987411499,237.3947003173828,237.78237031228343,-1.3423678708771831,-0.2649993896484375,-0.9298263048430329,-0.2898709607819683,-0.652669384549057,236.44000244140625,237.517370922635,236.8525440074404,237.49249935150146,237.12970092773438,,,,,31036,1.8671750118705575,,,,,,,-1.1293309703677183,-0.4716737767015502,0.05946945993015684,,,,,,,,,,,,0.155699193879542,0.15569919387952927,,
19,2,1,236.97999572753906,21,21019,237.23500061035156,237.78437519073486,237.3947003173828,237.78237031228343,-0.8023745847443706,-0.2550048828125,-0.4167094682951813,-0.25300000436106984,-0.6426748777131195,236.97999572753906,237.52736542947093,237.36566084398825,237.52937030792236,237.1396954345703,,,,,31037,0.8021773388358895,,,,,,,-0.9393361583559996,-0.28167896468983145,0.2494642719418756,,,,,,,,,,,,-0.14180713851791893,-0.14180713851793586,,
19,2,1,237.49000549316406,21,21019,237.23500061035156,237.78437519073486,237.3947003173828,237.78237031228343,-0.2923648191193706,0.2550048828125,0.0933002973298187,0.25700976126393016,-0.13266511208811949,237.49000549316406,238.03737519509593,237.87567060961325,238.03938007354736,237.6497052001953,,,,,31038,0.6121672680351082,,,,,,,-1.139333106598187,-0.48167591293201895,0.04946732369968809,,,,,,,,,,,,0.11694759170669045,0.11694759170667761,,
20,2,1,236.1999969482422,21,21020,236.6199951171875,237.97466930539287,237.3947003173828,237.78237031228343,-1.5823733640412456,-0.4199981689453125,-1.3870023622500582,-0.2276991758358804,-0.807668163845932,236.1999969482422,237.36237214333812,236.39536795003337,237.55467113644755,236.9747021484375,,,,,31039,0.67529573940962,,,,,,,-1.270516126509435,-0.6128589328432668,-0.08171569621155972,,,,,,,,,,,,0.0019478205885263833,0.0019478205885137382,,
20,2,1,237.0399932861328,21,21020,236.6199951171875,237.97466930539287,237.3947003173828,237.78237031228343,-0.7423770261506206,0.4199981689453125,-0.5470060243594332,0.6122971620547446,0.032328174044693014,237.0399932861328,238.20236848122875,237.235364287924,238.39466747433818,237.81469848632813,,,,,31040,1.561545281645948,,,,,,,-0.8081531384447802,-0.15049594477861206,0.380647291853095,,,,,,,,,,,,0.14819854538100685,0.14819854538099367,,
21,2,1,237.32000732421875,21,21021,237.4250030517578,237.85500049591064,237.3947003173828,237.78237031228343,-0.4623629880646831,-0.1049957275390625,-0.14732317679127505,-0.03236554391185109,-0.492665722439682,237.32000732421875,237.67737458474437,237.63504713549216,237.75000476837158,237.28970458984375,,,,,31041,1.2784213116142098,,,,,,,-0.8443349376528746,-0.18667774398670645,0.3444654926450006,,,,,,,,,,,,-0.6443038578782705,-0.6443038578782853,,
21,2,1,237.52999877929687,21,21021,237.4250030517578,237.85500049591064,237.3947003173828,237.78237031228343,-0.2523715329865581,0.1049957275390625,0.06266827828684995,0.1776259111662739,-0.282674267361557,237.52999877929687,237.8873660398225,237.84503859057028,237.9599962234497,237.49969604492188,,,,,31042,0.9487476956134344,,,,,,,-1.234334327301312,-0.576677133635144,-0.04553389700343691,,,,,,,,,,,,-2.0718007679734853,-2.0718007679735004,,
22,2,1,237.5800018310547,21,21022,236.88999938964844,237.86187553405762,237.3947003173828,237.78237031228343,-0.20236848122874562,0.69000244140625,0.1057962918976898,0.7695076631804341,0.3023324465056305,237.5800018310547,238.47237275368968,237.88816660418112,238.55187797546387,238.08470275878906,,,,,31043,1.0321692516776864,,,,,,,0.36566414681978165,1.0233213404859498,1.5544645771176568,,,,,,,,,,,,-0.8253696674690332,-0.8253696674690199,,
22,2,1,236.1999969482422,21,21022,236.88999938964844,237.86187553405762,237.3947003173828,237.78237031228343,-1.5823733640412456,-0.69000244140625,-1.2742085909148102,-0.6104972196320659,-1.0776724363068695,236.1999969482422,237.09236787087718,236.50816172136862,237.17187309265137,236.70469787597656,,,,,31044,1.6102942516776864,,,,,,,-2.444333411773968,-1.7866762181078002,-1.2555329814760932,,,,,,,,,,,,-1.6680560704026846,-1.6680560704027023,,
23,2,1,237,21,21023,236.56500244140625,237.78375053405762,237.3947003173828,237.78237031228343,-0.7823703122834331,0.43499755859375,-0.3960805391569977,0.43637778036793406,0.047327563693130514,237,238.21736787087718,237.38628977312644,238.21874809265137,237.82969787597656,,,,,31045,1.2796715786430184,,,,,,,-0.9293340221255309,-0.2716768284593627,0.25946640817234434,,,,,,,,,,,,-1.3180528279100088,-1.3180528279100179,,
23,2,1,236.1300048828125,21,21023,236.56500244140625,237.78375053405762,237.3947003173828,237.78237031228343,-1.6523654294709331,-0.43499755859375,-1.2660756563444977,-0.43361733681956594,-0.8226675534943695,236.1300048828125,237.34737275368968,236.51629465593894,237.34875297546387,236.95970275878906,,,,,31046,1.6327952434989754,,,,,,,-1.1493352428286558,-0.4916780491624877,0.03946518746921934,,,,,,,,,,,,-1.6680513020311025,-1.6680513020311172,,
24,2,1,236.9600067138672,21,21024,237.18000030517578,237.52624988555908,237.3947003173828,237.78237031228343,-0.8223635984162456,-0.21999359130859375,-0.17857317679127505,-0.47611401803294484,-0.6076635862092132,236.9600067138672,237.56237672097484,237.60379713549216,237.3062562942505,237.17470672607422,,,,,31047,-1.4753275821235832,,,,,,,-1.8993352428286558,-1.2416780491624877,-0.7105348125307807,,,,,,,,,,,,-1.6799274082933096,-1.6799274082933273,,
24,2,1,237.39999389648437,21,21024,237.18000030517578,237.52624988555908,237.3947003173828,237.78237031228343,-0.3823764157990581,0.21999359130859375,0.26141400582591245,-0.03612683541575734,-0.16767640359202574,237.39999389648437,238.00236390359203,238.04378431810935,237.74624347686768,237.6146939086914,,,,,31048,0.7815474560233895,,,,,,,-0.17933402212553085,0.4783231715406373,1.0094664081723443,,,,,,,,,,,,-1.873679697111669,-1.873679697111687,,
25,2,1,235.97000122070312,21,21025,236.80500030517578,237.69375133514404,237.3947003173828,237.78237031228343,-1.8123690915803081,-0.8349990844726563,-1.3360801195402985,-0.9236180616120464,-1.2226690793732757,235.97000122070312,236.94737122781078,236.44629019274313,236.8587522506714,236.55970123291016,,,,,31049,1.0265473415824715,,,,,,,-1.5393346324770933,-0.8816774388109252,-0.35053420217921816,,,,,,,,,,,,-2.2418027516160635,-2.2418027516160772,,
25,2,1,237.63999938964844,21,21025,236.80500030517578,237.69375133514404,237.3947003173828,237.78237031228343,-0.14237092263499562,0.8349990844726563,0.333918049405014,0.7463801073332661,0.44732908957203676,237.63999938964844,238.6173693967561,238.11628836168845,238.5287504196167,238.22969940185547,,,,,31050,0.5212479244952704,,,,,,,-0.5393346324770934,0.1183225611890748,0.6494657978207818,,,,,,,,,,,,-1.3002863286626365,-1.3002863286626325,,
26,2,1,236.2100067138672,21,21026,236.5300064086914,237.7831268310547,237.3947003173828,237.78237031228343,-1.5723635984162456,-0.31999969482421875,-1.1854501222868805,-0.3192431760529644,-0.7076696897248382,236.2100067138672,237.46237061745921,236.59692018999655,237.46312713623047,237.0747006225586,,,,,32001,-0.752252771452504,,,,,,,-0.44433341177396835,0.2133237818921998,0.7444670185239068,,,,,,,,,,,,-0.3130517597947744,-0.3130517597947877,,
26,2,1,236.85000610351562,21,21026,236.5300064086914,237.7831268310547,237.3947003173828,237.78237031228343,-0.9323642087678081,0.31999969482421875,-0.545450732638443,0.3207562135954731,-0.06767030007640074,236.85000610351562,238.10237000710765,237.236919579645,238.1031265258789,237.71470001220703,,,,,32002,0.8644784709316298,,,,,,,-1.6343358531802183,-0.9766786595140502,-0.44553542288234316,,,,,,,,,,,,-0.3149285908494619,-0.31492859084947517,,
27,2,1,237.39999389648437,21,21027,237.26499938964844,237.79687213897705,237.3947003173828,237.78237031228343,-0.3823764157990581,0.1349945068359375,-0.009208247592056296,0.14949633352955516,-0.252675488064682,237.39999389648437,237.91736481911937,237.77316206469138,237.931866645813,237.52969482421875,,,,,32003,1.6027448634351913,,,,,,,-1.2143376842349058,-0.5566804905687377,-0.025537253937030657,,,,,,,,,,,,-0.3605552311692861,-0.3605552311693014,,
27,2,1,237.1300048828125,21,21027,237.26499938964844,237.79687213897705,237.3947003173828,237.78237031228343,-0.6523654294709331,-0.1349945068359375,-0.2791972612639313,-0.12049268014231984,-0.522664501736557,237.1300048828125,237.6473758054475,237.5031730510195,237.6618776321411,237.25970581054688,,,,,32004,1.007745550080699,,,,,,,-0.8643315807192809,-0.2066743870531127,0.32446884957859434,,,,,,,,,,,,0.06257575790542092,0.06257575790540766,,
28,2,1,236.5800018310547,21,21028,236.68499755859375,237.70562362670898,237.3947003173828,237.78237031228343,-1.2023684812287456,-0.1049957275390625,-0.7379518007536774,-0.18174241311351125,-0.492665722439682,236.5800018310547,237.67737458474437,237.04441851152976,237.60062789916992,237.28970458984375,,,,,32005,0.9177501658643905,,,,,,,-1.359334327301312,-0.701677133635144,-0.1705338970034369,,,,,,,,,,,,-0.4055476780687002,-0.4055476780687139,,
28,2,1,236.7899932861328,21,21028,236.68499755859375,237.70562362670898,237.3947003173828,237.78237031228343,-0.9923770261506206,0.1049957275390625,-0.5279603456755524,0.028249041964613752,-0.282674267361557,236.7899932861328,237.8873660398225,237.25440996660788,237.81061935424805,237.49969604492188,,,,,32006,0.539622114106578,,,,,,,-0.7193349376528746,-0.061677743986706446,0.4694654926450006,,,,,,,,,,,,-0.11367660720688377,-0.11367660720689989,,
29,2,1,237.0800018310547,21,21029,237.18499755859375,237.80312538146973,237.3947003173828,237.78237031228343,-0.7023684812287456,-0.1049957275390625,-0.3354535555144196,-0.08424065835276906,-0.492665722439682,237.0800018310547,237.67737458474437,237.446916756769,237.69812965393066,237.28970458984375,,,,,32007,2.3083723048414413,,,,,,,-1.6343358531802183,-0.9766786595140502,-0.44553542288234316,,,,,,,,,,,,0.16632694046157326,0.16632694046155833,,
29,2,1,237.2899932861328,21,21029,237.18499755859375,237.80312538146973,237.3947003173828,237.78237031228343,-0.4923770261506206,0.1049957275390625,-0.12546210043629458,0.12575079672535594,-0.282674267361557,237.2899932861328,237.8873660398225,237.65690821184714,237.9081211090088,237.49969604492188,,,,,32008,1.5808732966627304,,,,,,,-0.44433341177396835,0.2133237818921998,0.7444670185239068,,,,,,,,,,,,0.8710266078470283,0.8710266078470546,,
30,2,1,236.5,21,21030,236.80500030517578,237.6043758392334,237.3947003173828,237.78237031228343,-1.2823703122834331,-0.30500030517578125,-0.716705844332779,-0.48299477822581594,-0.6926703000764007,236.5,237.47737000710765,237.06566446795065,237.29937553405762,237.08970001220703,,,,,32009,1.8058679560865585,,,,,,,-1.0543340221255308,-0.3966768284593627,0.13446640817234434,,,,,,,,,,,,-0.9078322360542472,-0.9078322360542754,,
30,2,1,237.11000061035156,21,21030,236.80500030517578,237.6043758392334,237.3947003173828,237.78237031228343,-0.6723697019318706,0.30500030517578125,-0.10670523398121645,0.12700583212574656,-0.08266968972483824,237.11000061035156,238.08737061745921,237.67566507830222,237.90937614440918,237.6997006225586,,,,,32010,1.0671289424146835,,,,,,,-1.0243352428286558,-0.3666780491624877,0.16446518746921934,,,,,,,,,,,,-1.466104045427926,-1.466104045427946,,
31,2,1,237.10000610351562,21,21031,237.41000366210937,237.66437530517578,237.3947003173828,237.78237031228343,-0.6823642087678081,-0.30999755859375,-0.17669920675953676,-0.4279925657014019,-0.6976675534943695,237.10000610351562,237.47237275368968,237.6056711055239,237.35437774658203,237.08470275878906,,,,,32011,0.8839977244581405,,,,,,,-0.9693349376528746,-0.31167774398670645,0.2194654926450006,,,,,,,,,,,,-0.8928309390571769,-0.8928309390572039,,
31,2,1,237.72000122070312,21,21031,237.41000366210937,237.66437530517578,237.3947003173828,237.78237031228343,-0.06236909158030812,0.30999755859375,0.44329591042796324,0.19200255148609813,-0.07767243630686949,237.72000122070312,238.09236787087718,238.2256662227114,237.97437286376953,237.70469787597656,,,,,32012,0.9933717707838241,,,,,,,-1.109334327301312,-0.45167713363514395,0.07946610299656309,,,,,,,,,,,,-1.3428259799507316,-1.3428259799507682,,
32,2,1,236.44000244140625,21,21032,236.8300018310547,237.8681230545044,237.3947003173828,237.78237031228343,-1.3423678708771831,-0.3899993896484375,-1.040450618197525,-0.3042466474274761,-0.777669384549057,236.44000244140625,237.392370922635,236.7419196940859,237.47812366485596,237.00470092773438,,,,,32013,-0.5530277470248848,,,,,,,-1.2093328014224058,-0.5516756077562377,-0.020532371124530657,,,,,,,,,,,,-0.9528256366279777,-0.9528256366280058,,
32,2,1,237.22000122070312,21,21032,236.8300018310547,237.8681230545044,237.3947003173828,237.78237031228343,-0.5623690915803081,0.3899993896484375,-0.26045183890065005,0.4757521318693989,0.0023293947478180144,237.22000122070312,238.17236970193187,237.52191847338278,238.25812244415283,237.78469970703125,,,,,32014,-0.817250444487172,,,,,,,-0.8693364635317809,-0.2116792698656127,0.31946396676609434,,,,,,,,,,,,-0.13595399356157145,-0.135953993561601,,
33,2,1,237.66000366210937,21,21033,238.6050033569336,237.74562454223633,237.3947003173828,237.78237031228343,-0.12236665017405812,-0.9449996948242188,0.30204911477366636,-0.9817454648713238,-1.3326696897248382,237.66000366210937,236.83737061745921,238.0844194270571,236.8006248474121,236.4497006225586,,,,,32015,-0.0959999104295548,,,,,,,-4.209332801422406,-3.5516756077562377,-3.0205323711245304,,,,,,,,,,,,0.6877965023490731,0.6877965023490377,,
33,2,1,239.5500030517578,21,21033,238.6050033569336,237.74562454223633,237.3947003173828,237.78237031228343,1.7676327394743794,0.9449996948242188,2.192048504422104,0.9082539247771138,0.5573296999235993,239.5500030517578,238.72737000710765,239.97441881670554,238.69062423706055,238.33970001220703,,,,,32016,-2.881001665190297,,,,,,,2.130663536468219,2.7883207301343873,3.3194639667660946,,,,,,,,,,,,-1.2247000644233879,-1.224700064423412,,
34,2,1,239.39999389648437,21,21034,239.25999450683594,237.6381254196167,237.3947003173828,237.78237031228343,1.6176235842009419,0.1399993896484375,2.1495384717682953,-0.004245503018296404,-0.24767060525218199,239.39999389648437,237.92236970193187,239.93190878405173,237.77812480926514,237.53469970703125,,,,,32017,-1.7628767033372696,,,,,,,-0.8743413463442809,-0.2166841526781127,0.31445908395359434,,,,,,,,,,,,-1.554705710175341,-1.5547057101753718,,
34,2,1,239.1199951171875,21,21034,239.25999450683594,237.6381254196167,237.3947003173828,237.78237031228343,1.3376248049040669,-0.1399993896484375,1.8695396924714203,-0.2842442823151714,-0.527669384549057,239.1199951171875,237.642370922635,239.65191000475485,237.49812602996826,237.25470092773438,,,,,32018,-2.0703784962449845,,,,,,,-1.2043279186099058,-0.5466707249437377,-0.015527488312030657,,,,,,,,,,,,-1.8134566257026847,-1.8134566257027174,,
35,2,1,236.61000061035156,21,21035,237.91000366210937,237.66669584499115,237.3947003173828,237.78237031228343,-1.1723697019318706,-1.3000030517578125,-0.6690252397389713,-1.4156775190500923,-1.687673046658432,236.61000061035156,236.48236726052562,237.11334507254446,236.36669279323334,236.094697265625,,,,,32019,-1.3722564717088517,,,,,,,-2.4093373790591244,-1.7516801853929564,-1.2205369487612494,,,,,,,,,,,,-0.886579603913134,-0.8865796039131682,,
35,2,1,239.2100067138672,21,21035,237.91000366210937,237.66669584499115,237.3947003173828,237.78237031228343,1.4276364015837544,1.3000030517578125,1.9309808637766537,1.1843285844655327,0.912333056857193,239.2100067138672,239.08237336404125,239.7133511760601,238.96669889674897,238.69470336914063,,,,,32020,-0.36755089154263487,,,,,,,0.3306681141049379,0.988325307771106,1.519468544402813,,,,,,,,,,,,-0.47720250582963786,-0.47720250582966833,,
36,2,1,238.5500030517578,21,21036,238.89500427246094,237.74437522888184,237.3947003173828,237.78237031228343,0.7676327394743794,-0.345001220703125,1.193297817776596,-0.3829963041047222,-0.7326712156037445,238.5500030517578,237.4373690915803,238.97566813006003,237.3993740081787,237.0496990966797,,,,,32021,-0.9828826924119767,,,,,,,-0.7693379894106871,-0.11168079574451895,0.4194624408871881,,,,,,,,,,,,0.3464007229436845,0.346400722943633,,
36,2,1,239.24000549316406,21,21036,238.89500427246094,237.74437522888184,237.3947003173828,237.78237031228343,1.4576351808806294,0.345001220703125,1.883300259182846,0.3070061373015278,-0.042668774197494486,239.24000549316406,238.12737153298656,239.66567057146628,238.08937644958496,237.73970153808594,,,,,32022,1.8402441004957382,,,,,,,-1.3093312755434996,-0.6516740818773315,-0.12053084524562441,,,,,,,,,,,,1.522172837493116,1.5221728374930839,,
37,2,1,238.55999755859375,21,21037,238.31999969482422,237.6393747329712,237.3947003173828,237.78237031228343,0.7776272463103169,0.23999786376953125,1.308292820523178,0.09700228445728953,-0.14767213113108824,238.55999755859375,238.02236817605296,239.0906631328066,237.87937259674072,237.63469818115234,,,,,32023,1.5633733729566757,,,,,,,-1.4993337169497496,-0.8416765232835815,-0.3105332866518744,,,,,,,,,,,,0.3884200146171395,0.3884200146171011,,
37,2,1,238.0800018310547,21,21037,238.31999969482422,237.6393747329712,237.3947003173828,237.78237031228343,0.2976315187712544,-0.23999786376953125,0.8282970929841156,-0.38299344308177297,-0.6276678586701507,238.0800018310547,237.5423724485139,238.61066740526755,237.39937686920166,237.15470245361328,,,,,32024,1.1308715800489608,,,,,,,-0.5793355480044371,0.07832164566173105,0.6094648822934381,,,,,,,,,,,,2.3134173443290535,2.313417344329032,,
38,2,1,239.25,21,21038,238.9000015258789,237.9143762588501,237.3947003173828,237.78237031228343,1.4676296877165669,0.34999847412109375,1.7232937360505218,0.4820044206877583,-0.037671520779525736,239.25,238.13236878640453,239.50566404833395,238.2643747329712,237.7446987915039,,,,,32025,1.2483737925733749,,,,,,,-0.4643300548403746,0.19332713882579355,0.7244703754575006,,,,,,,,,,,,2.1615456631156746,2.1615456631156413,,
38,2,1,238.5500030517578,21,21038,238.9000015258789,237.9143762588501,237.3947003173828,237.78237031228343,0.7676327394743794,-0.34999847412109375,1.0232967878083343,-0.21799252755442922,-0.7376684690217132,238.5500030517578,237.43237183816234,238.80566710009177,237.564377784729,237.04470184326172,,,,,32026,-0.5559980412278947,,,,,,,-1.614339210113812,-0.956682016447644,-0.4255387798159369,,,,,,,,,,,,1.9640444805595223,1.9640444805594977,,
39,2,1,239.16000366210937,21,21039,239.39500427246094,238.16625022888184,237.3947003173828,237.78237031228343,1.3776333498259419,-0.2350006103515625,1.3814234281281585,0.14887930624684031,-0.622670605252182,239.16000366210937,237.54736970193187,239.1637937404116,237.93124961853027,237.15969970703125,,,,,32027,-2.634753419951039,,,,,,,-1.8993276134341246,-1.2416704197679564,-0.7105271831362494,,,,,,,,,,,,1.3571738293144051,1.3571738293143698,,
39,2,1,239.6300048828125,21,21039,239.39500427246094,238.16625022888184,237.3947003173828,237.78237031228343,1.8476345705290669,0.2350006103515625,1.8514246488312835,0.6188805269499653,-0.15266938454905699,239.6300048828125,238.017370922635,239.63379496111472,238.4012508392334,237.62970092773438,,,,,32028,1.6515024165357772,,,,,,,-0.1793416515200621,0.47831554214610605,1.009458778777813,,,,,,,,,,,,0.8480657863254493,0.8480657863254364,,
40,2,1,237.9600067138672,21,21040,238.79500579833984,237.60000038146973,237.3947003173828,237.78237031228343,0.17763640158375438,-0.8349990844726563,0.7476763272980804,-1.0173690152863628,-1.2226690793732757,237.9600067138672,236.94737122781078,238.5300466395815,236.76500129699707,236.55970123291016,,,,,32029,0.9389951686109725,,,,,,,-0.9393285289614684,-0.2816713352953002,0.24947190133640684,,,,,,,,,,,,0.05154791378706136,0.05154791378703128,,
40,2,1,239.6300048828125,21,21040,238.79500579833984,237.60000038146973,237.3947003173828,237.78237031228343,1.8476345705290669,0.8349990844726563,2.417674496243393,0.6526291536589497,0.44732908957203676,239.6300048828125,238.6173693967561,240.20004480852683,238.43499946594238,238.22969940185547,,,,,32030,1.2077444056715194,,,,,,,-1.1393407359927183,-0.4816835423265502,0.04945969430515684,,,,,,,,,,,,-0.805325598481005,-0.805325598481035,,
41,2,1,239.0399932861328,21,21041,238.88499450683594,237.68812465667725,237.3947003173828,237.78237031228343,1.2576229738493794,0.154998779296875,1.739538624356186,0.06075312369068797,-0.23267121560374449,239.0399932861328,237.9373690915803,239.52190893663962,237.84312343597412,237.5496990966797,,,,,32031,0.8427522639478866,,,,,,,-0.7443288341372496,-0.08667164047108145,0.4444715961606256,,,,,,,,,,,,-1.3422060916450675,-1.3422060916450975,,
41,2,1,238.72999572753906,21,21041,238.88499450683594,237.68812465667725,237.3947003173828,237.78237031228343,0.9476254152556294,-0.154998779296875,1.429541065762436,-0.24924443490306203,-0.5426687741974945,238.72999572753906,237.62737153298656,239.21191137804587,237.53312587738037,237.23970153808594,,,,,32032,0.4239929179395858,,,,,,,-1.334340430816937,-0.676683237150769,-0.1455400005190619,,,,,,,,,,,,-2.4247017810371574,-2.424701781037194,,
42,2,1,239.4199981689453,21,21042,238.7949981689453,237.74279674679912,237.3947003173828,237.78237031228343,1.6376278566618794,0.625,2.0648714170468168,0.5854264345156821,0.23733000509938051,239.4199981689453,238.40737031228343,239.84724172933025,238.36779674679912,238.0197003173828,,,,,32033,0.16149692337171473,,,,,,,-0.7893346324770934,-0.1316774388109252,0.39946579782078184,,,,,,,,,,,,-1.2622013995674308,-1.2622013995674592,,
42,2,1,238.1699981689453,21,21042,238.7949981689453,237.74279674679912,237.3947003173828,237.78237031228343,0.3876278566618794,-0.625,0.8148714170468168,-0.6645735654843179,-1.0126699949006195,238.1699981689453,237.15737031228343,238.59724172933025,237.11779674679912,236.7697003173828,,,,,32034,1.0090015391554061,,,,,,,-1.2893346324770933,-0.6316774388109252,-0.10053420217921816,,,,,,,,,,,,-0.6965781161812004,-0.6965781161812303,,
43,2,1,237.0500030517578,21,21043,237.31000518798828,237.8493776321411,237.3947003173828,237.78237031228343,-0.7323672605256206,-0.26000213623046875,-0.4117045854826813,-0.1929948163727886,-0.6476721311310882,237.0500030517578,237.52236817605296,237.37066572680075,237.58937549591064,237.13469818115234,,,,,32035,0.20661535439531065,,,,,,,-1.0493291393130308,-0.3916719456468627,0.13947129098484434,,,,,,,,,,,,0.48967352413862386,0.4896735241385932,,
43,2,1,237.57000732421875,21,21043,237.31000518798828,237.8493776321411,237.3947003173828,237.78237031228343,-0.21236298806468312,0.26000213623046875,0.1082996869782562,0.3270094560881489,-0.12766785867015074,237.57000732421875,238.0423724485139,237.8906699992617,238.10937976837158,237.65470245361328,,,,,32036,-1.5822565098558243,,,,,,,-1.0293401256411558,-0.3716829319749877,0.15946030465671934,,,,,,,,,,,,-1.5540800998237785,-1.554080099823814,,
44,2,1,237.2899932861328,21,21044,237.73999786376953,237.91624927520752,237.3947003173828,237.78237031228343,-0.4923770261506206,-0.45000457763671875,-0.23858599417408755,-0.31612561471263234,-0.8376745725373382,237.2899932861328,237.33236573464671,237.54378431810935,237.4662446975708,236.9446957397461,,,,,32037,-1.0372459431443986,,,,,,,-1.6543324962466246,-0.9966753025804565,-0.4655320659487494,,,,,,,,,,,,-0.3865748355415519,-0.386574835541583,,
44,2,1,238.19000244140625,21,21044,237.73999786376953,237.91624927520752,237.3947003173828,237.78237031228343,0.4076321291228169,0.45000457763671875,0.66142316109935,0.5838835405608052,0.062334582736099264,238.19000244140625,238.23237488992015,238.44379347338278,238.36625385284424,237.84470489501953,,,,,32038,0.1577537516798202,,,,,,,-0.4243367687075621,0.23332042495860605,0.7644636615903131,,,,,,,,,,,,-1.5478259036567863,-1.547825903656821,,
45,2,1,237.44000244140625,21,21045,237.63999938964844,237.68687438964844,237.3947003173828,237.78237031228343,-0.3423678708771831,-0.1999969482421875,0.14079804665843199,-0.2954928708771831,-0.587666943142807,237.44000244140625,237.58237336404125,237.92316835894187,237.48687744140625,237.19470336914063,,,,,32039,-0.4341318150316056,,,,,,,-1.234334327301312,-0.576677133635144,-0.04553389700343691,,,,,,,,,,,,-1.0128317782905754,-1.012831778290612,,
45,2,1,237.83999633789062,21,21045,237.63999938964844,237.68687438964844,237.3947003173828,237.78237031228343,0.05762602560719188,0.1999969482421875,0.540791943142807,0.10450102560719188,-0.18767304665843199,237.83999633789062,237.98236726052562,238.32316225542624,237.88687133789062,237.594697265625,,,,,32040,-1.5028764744554337,,,,,,,-0.8443349376528746,-0.18667774398670645,0.3444654926450006,,,,,,,,,,,,-0.3965798327949699,-0.39657983279500264,,
46,2,1,236.33999633789063,21,21046,237.0199966430664,237.79374980926514,237.3947003173828,237.78237031228343,-1.4423739743928081,-0.6800003051757813,-1.0660834764738922,-0.6686208081940777,-1.0676703000764007,236.33999633789063,237.10237000710765,236.71628683580954,237.11374950408936,236.71470001220703,,,,,32041,-0.9159976979051407,,,,,,,-0.8543370738833434,-0.1966798802171752,0.33446335641453184,,,,,,,,,,,,-2.164080710175341,-2.164080710175374,,
46,2,1,237.6999969482422,21,21046,237.0199966430664,237.79374980926514,237.3947003173828,237.78237031228343,-0.08237336404124562,0.6800003051757813,0.29391713387767027,0.6913798021574849,0.29233031027516176,237.6999969482422,238.46237061745921,238.0762874461611,238.47375011444092,238.0747006225586,,,,,32042,-1.3156710087301349,,,,,,,-1.2243321910708433,-0.5666749974046752,-0.03553176077296816,,,,,,,,,,,,-1.1015797565010246,-1.1015797565010592,,
47,2,1,237.25,21,21047,237.40499877929687,237.3268756866455,237.3947003173828,237.78237031228343,-0.5323703122834331,-0.154998779296875,0.3107943082551117,-0.6104934049348003,-0.5426687741974945,237.25,237.62737153298656,238.09316462053854,237.17187690734863,237.23970153808594,,,,,32043,-0.8172561665330704,,,,,,,-3.989331580719281,-3.3316743870531127,-2.8005311504214054,,,,,,,,,,,,0.06484951294874009,0.06484951294873521,,
47,2,1,237.55999755859375,21,21047,237.40499877929687,237.3268756866455,237.3947003173828,237.78237031228343,-0.22237275368968312,0.154998779296875,0.6207918668488617,-0.3004958463410503,-0.23267121560374449,237.55999755859375,237.9373690915803,238.4031621791323,237.48187446594238,237.5496990966797,,,,,32044,-0.16912384231432043,,,,,,,1.910662315765094,2.5683195094312623,3.0994627460629696,,,,,,,,,,,,1.8671750118705575,1.8671750118705297,,
48,2,1,237.02000427246094,21,21048,237.16000366210937,237.79000186920166,237.3947003173828,237.78237031228343,-0.7623660398224956,-0.1399993896484375,-0.38232760184010317,-0.13236783273021047,-0.527669384549057,237.02000427246094,237.642370922635,237.40004271044333,237.65000247955322,237.25470092773438,,,,,32045,-1.4047529240403946,,,,,,,-0.9893315807192809,-0.3316743870531127,0.19946884957859434,,,,,,,,,,,,0.8021773388358895,0.8021773388358537,,
48,2,1,237.3000030517578,21,21048,237.16000366210937,237.79000186920166,237.3947003173828,237.78237031228343,-0.4823672605256206,0.1399993896484375,-0.10232882254322817,0.14763094656666453,-0.24767060525218199,237.3000030517578,237.92236970193187,237.6800414897402,237.9300012588501,237.53469970703125,,,,,32046,-1.7366268177781876,,,,,,,-1.0893376842349058,-0.4316804905687377,0.09946274606296934,,,,,,,,,,,,0.6121672680351082,0.6121672680350742,,
49,2,1,237.67999267578125,21,21049,237.2449951171875,238.10499954223633,237.3947003173828,237.78237031228343,-0.10237763650218312,0.43499755859375,-0.03733687155445864,0.757626788546645,0.047327563693130514,237.67999267578125,238.21736787087718,237.74503344072897,238.53999710083008,237.82969787597656,,,,,32047,-0.29475422103746496,,,,,,,-1.6493352428286558,-0.9916780491624877,-0.46053481253078066,,,,,,,,,,,,0.67529573940962,0.6752957394095878,,
49,2,1,236.80999755859375,21,21049,237.2449951171875,238.10499954223633,237.3947003173828,237.78237031228343,-0.9723727536896831,-0.43499755859375,-0.9073319887419586,-0.112368328640855,-0.8226675534943695,236.80999755859375,237.34737275368968,236.87503832354147,237.67000198364258,236.95970275878906,,,,,32048,-0.5628807087693986,,,,,,,-0.42933402212553085,0.2283231715406373,0.7594664081723443,,,,,,,,,,,,1.561545281645948,1.5615452816459217,,
50,2,1,237.3800048828125,21,21050,237.3800048828125,238.1152962127415,237.3947003173828,237.78237031228343,-0.4023654294709331,0,-0.34762133502837855,0.3329259004580649,-0.3876699949006195,237.3800048828125,237.78237031228343,237.43474897725505,238.1152962127415,237.3947003173828,,,,,32049,-0.642877771452504,,,,,,,-0.9843343273013121,-0.32667713363514395,0.2044661029965631,,,,,,,,,,,,1.2784213116142098,1.2784213116141714,,
50,2,1,237.3800048828125,21,21050,237.3800048828125,238.1152962127415,237.3947003173828,237.78237031228343,-0.4023654294709331,0,-0.34762133502837855,0.3329259004580649,-0.3876699949006195,237.3800048828125,237.78237031228343,237.43474897725505,238.1152962127415,237.3947003173828,,,,,32050,1.3080104090082472,,,,,,,-1.0943349376528746,-0.43667774398670645,0.09446549264500059,,,,,,,,,,,,0.9487476956134344,0.9487476956134192,,
1,2,2,241.35000610351562,22,22001,240.81500244140625,237.54937362670898,238.9210474916949,237.78237031228343,3.567635791232192,0.535003662109375,2.661955297395167,0.30200697653492625,1.6736808415208486,241.35000610351562,238.3173739743928,240.4443256096786,238.08437728881836,239.45605115380428,,,,,41001,-1.8811285922554362,,,,,,,0.39226494638033654,-0.04667835433826889,0.4661641010434472,,,,,,,,,,,,1.0321692516776864,1.0321692516776564,,
1,2,2,240.27999877929687,22,22001,240.81500244140625,237.54937362670898,238.9210474916949,237.78237031228343,2.497628467013442,-0.535003662109375,1.591947973176417,-0.7680003476838238,0.6036735173020986,240.27999877929687,237.24736665017406,239.37431828545985,237.0143699645996,238.38604382958553,,,,,41002,-1.5793997912775524,,,,,,,-0.27773322256497596,-0.7166765232835815,-0.2038340679018653,,,,,,,,,,,,1.6102942516776864,1.6102942516776535,,
2,2,2,239.25999450683594,22,22002,239.2249984741211,237.46264879301626,238.9210474916949,237.78237031228343,1.4776241945525044,0.03499603271484375,0.658668534408207,-0.28472548655233254,1.1736732121263174,239.25999450683594,237.81736634499828,238.44103884669164,237.4976448257311,238.95604352440975,,,,,41003,-1.3811266849068033,,,,,,,-0.032730475982944686,-0.47167377670155014,0.04116867868016594,,,,,,,,,,,,1.2796715786430184,1.279671578642987,,
2,2,2,239.19000244140625,22,22002,239.2249984741211,237.46264879301626,238.9210474916949,237.78237031228343,1.4076321291228169,-0.03499603271484375,0.5886764689785196,-0.35471755198202004,1.1036811466966299,239.19000244140625,237.7473742795686,238.37104678126195,237.4276527603014,238.88605145898006,,,,,41004,-0.8461287448433268,,,,,,,0.14726219979830532,-0.29168110092030014,0.2211613544614159,,,,,,,,,,,,1.6327952434989754,1.632795243498944,,
3,2,2,239.50999450683594,22,22003,239.83499908447266,238.0143756866455,238.9210474916949,237.78237031228343,1.7276241945525044,-0.32500457763671875,0.35694164077895607,-0.09299920327464406,0.8136726017747549,239.50999450683594,237.45736573464671,238.1393119530624,237.6893711090088,238.5960429140582,,,,,41005,-1.0661290118721354,,,,,,,0.24726830331393032,-0.19167499740467514,0.32116745797704094,,,,,,,,,,,,-1.4753275821235832,-1.4753275821236194,,
3,2,2,240.16000366210937,22,22003,239.83499908447266,238.0143756866455,238.9210474916949,237.78237031228343,2.377633349825942,0.32500457763671875,1.0069507960523936,0.5570099519987934,1.4636817570481924,240.16000366210937,238.10737488992015,238.78932110833583,238.33938026428223,239.24605206933163,,,,,41006,-0.6192524859932291,,,,,,,-0.13273657949856968,-0.5716798802171752,-0.05883742483545906,,,,,,,,,,,,0.7815474560233895,0.7815474560233576,,
4,2,2,239.16000366210937,22,22004,238.89500427246094,237.57937622070312,238.9210474916949,237.78237031228343,1.3776333498259419,0.2649993896484375,0.4419502619947764,0.06200529806812938,1.4036765690599111,239.16000366210937,238.04736970193187,238.2243205742782,237.84437561035156,239.18604688134334,,,,,41007,-0.21050290560992835,,,,,,,-0.462730781158726,-0.9016740818773315,-0.3888316264956153,,,,,,,,,,,,1.0265473415824715,1.026547341582439,,
4,2,2,238.6300048828125,22,22004,238.89500427246094,237.57937622070312,238.9210474916949,237.78237031228343,0.8476345705290669,-0.2649993896484375,-0.08804851730209862,-0.4679934812287456,0.8736777897630361,238.6300048828125,237.517370922635,237.69432179498133,237.3143768310547,238.65604810204647,,,,,41008,-1.8680022189644205,,,,,,,0.5772625049740865,0.13831920425548105,0.6511616596371972,,,,,,,,,,,,0.5212479244952704,0.521247924495253,,
5,2,2,239.77999877929687,22,22005,239.59500122070312,237.79937648773193,238.9210474916949,237.78237031228343,1.9976284670134419,0.18499755859375,0.8419451121534678,0.20200373404225047,1.3236747380052236,239.77999877929687,237.96736787087718,238.6243154244369,237.98437404632568,239.10604505028866,,,,,41009,-1.3580038974312174,,,,,,,0.18726311532564907,-0.2516801853929564,0.2611622699887597,,,,,,,,,,,,-0.752252771452504,-0.7522527714524996,,
5,2,2,239.41000366210937,22,22005,239.59500122070312,237.79937648773193,238.9210474916949,237.78237031228343,1.6276333498259419,-0.18499755859375,0.4719499949659678,-0.16799138314524953,0.9536796208177236,239.41000366210937,237.59737275368968,238.2543203072494,237.61437892913818,238.73604993310116,,,,,41010,-1.1067526767280924,,,,,,,-0.07273139151028843,-0.511674692228894,0.0011677631528221877,,,,,,,,,,,,0.8644784709316298,0.8644784709316423,,
6,2,2,238.6999969482422,22,22006,238.69499969482422,237.80750179290771,238.9210474916949,237.78237031228343,0.9176266359587544,0.00499725341796875,-0.24618202407700096,0.03012873404225047,1.1436744328294424,238.6999969482422,237.7873675657014,237.53618828820643,237.81249904632568,238.92604474511288,,,,,41011,-1.1048787066963541,,,,,,,0.44226799813814904,0.0033246974195436096,0.5161671528012597,,,,,,,,,,,,1.6027448634351913,1.6027448634351955,,
6,2,2,238.69000244140625,22,22006,238.69499969482422,237.80750179290771,238.9210474916949,237.78237031228343,0.9076321291228169,-0.00499725341796875,-0.25617653091293846,0.02013422720631297,1.1336799259935049,238.69000244140625,237.77737305886546,237.5261937813705,237.80250453948975,238.91605023827694,,,,,41012,-0.9255049655464518,,,,,,,-0.32773627432278846,-0.766679575041394,-0.2538371196596778,,,,,,,,,,,,1.007745550080699,1.0077455500807027,,
7,2,2,240.13999938964844,22,22007,240.52999877929687,237.69375038146973,238.9210474916949,237.78237031228343,2.3576290773650044,-0.3899993896484375,1.3075718287672373,-0.47861932046214406,0.7486777897630361,240.13999938964844,237.392370922635,239.08994214105067,237.3037509918213,238.53104810204647,,,,,41013,0.24809673734796434,,,,,,,-0.10273017080716343,-0.541673471525769,-0.028831016144052812,,,,,,,,,,,,0.9177501658643905,0.9177501658643881,,
7,2,2,240.9199981689453,22,22007,240.52999877929687,237.69375038146973,238.9210474916949,237.78237031228343,3.1376278566618794,0.3899993896484375,2.0875706080641123,0.30137945883473094,1.5286765690599111,240.9199981689453,238.17236970193187,239.86994092034755,238.08374977111816,239.31104688134334,,,,,41014,1.9038722088309896,,,,,,,0.21726189462252407,-0.2216814060960814,0.2911610492856347,,,,,,,,,,,,0.539622114106578,0.5396221141065781,,
8,2,2,240.24000549316406,22,22008,239.86000061035156,238.07125091552734,238.9210474916949,237.78237031228343,2.4576351808806294,0.3800048828125,1.0300773982252451,0.6688854860564106,1.5186820622239736,240.24000549316406,238.16237519509593,238.81244771050868,238.45125579833984,239.3010523745074,,,,,41015,2.155121522185482,,,,,,,0.717261894622524,0.27831859390391855,0.7911610492856347,,,,,,,,,,,,2.3083723048414413,2.3083723048414377,,
8,2,2,239.47999572753906,22,22008,239.86000061035156,238.07125091552734,238.9210474916949,237.78237031228343,1.6976254152556294,-0.3800048828125,0.27006763260024513,-0.09112427956858937,0.7586722965989736,239.47999572753906,237.40236542947093,238.05243794488368,237.69124603271484,238.5410426088824,,,,,41016,1.8201243450614584,,,,,,,-0.6027301708071635,-1.041673471525769,-0.5288310161440528,,,,,,,,,,,,1.5808732966627304,1.5808732966627281,,
9,2,2,239.8800048828125,22,22009,239.89500427246094,237.8162498474121,238.9210474916949,237.78237031228343,2.097634570529067,-0.0149993896484375,0.925077855988917,0.018880145480238752,1.1236777897630361,239.8800048828125,237.767370922635,238.70744816827235,237.80125045776367,238.90604810204647,,,,,41017,2.148248391387142,,,,,,,0.5422664722592429,0.10332317154063736,0.6161656269223534,,,,,,,,,,,,1.8058679560865585,1.8058679560865618,,
9,2,2,239.91000366210937,22,22009,239.89500427246094,237.8162498474121,238.9210474916949,237.78237031228343,2.127633349825942,0.0149993896484375,0.955076635285792,0.04887892477711375,1.1536765690599111,239.91000366210937,237.79736970193187,238.73744694756923,237.83124923706055,238.93604688134334,,,,,41018,1.6307475140067709,,,,,,,-0.4277347484438822,-0.8666780491624877,-0.35383559378077156,,,,,,,,,,,,1.0671289424146835,1.0671289424146848,,
10,2,2,239.1699981689453,22,22010,239.15499877929687,237.64500045776367,238.9210474916949,237.78237031228343,1.3876278566618794,0.0149993896484375,0.386320531770167,-0.12237046487132375,1.1536765690599111,239.1699981689453,237.79736970193187,238.1686908440536,237.6599998474121,238.93604688134334,,,,,41019,0.08387442135540368,,,,,,,0.022262199798305314,-0.41668110092030014,0.09616135446141594,,,,,,,,,,,,0.8839977244581405,0.8839977244581442,,
10,2,2,239.13999938964844,22,22010,239.15499877929687,237.64500045776367,238.9210474916949,237.78237031228343,1.3576290773650044,-0.0149993896484375,0.356321752473292,-0.15236924416819875,1.1236777897630361,239.13999938964844,237.767370922635,238.13869206475673,237.63000106811523,238.90604810204647,,,,,41020,0.9347593593234791,,,,,,,0.09226952401705532,-0.34667377670155014,0.1661686786801659,,,,,,,,,,,,0.9933717707838241,0.9933717707838237,,
11,2,2,239.4199981689453,22,22011,239,237.69812679290771,238.9210474916949,237.78237031228343,1.6376278566618794,0.4199981689453125,0.583194196626124,0.3357546495695942,1.5586753483567861,239.4199981689453,238.20236848122875,238.36556450890956,238.11812496185303,239.34104566064022,,,,,41021,0.5732466747733724,,,,,,,-0.23273505361966343,-0.671678354338269,-0.1588358989565528,,,,,,,,,,,,-0.5530277470248848,-0.5530277470249011,,
11,2,2,238.5800018310547,22,22011,239,237.69812679290771,238.9210474916949,237.78237031228343,0.7976315187712544,-0.4199981689453125,-0.25680214126450096,-0.5042416883210308,0.7186790104661611,238.5800018310547,237.36237214333812,237.52556817101893,237.2781286239624,238.5010493227496,,,,,41022,-1.8236277530220377,,,,,,,0.34726677743502404,-0.09167652328358139,0.4211659320981347,,,,,,,,,,,,-0.817250444487172,-0.8172504444871694,,
12,2,2,239.35000610351562,22,22012,239.1300048828125,237.7437515258789,238.9210474916949,237.78237031228343,1.5676357912321919,0.220001220703125,0.46757739822524513,0.18138243429859813,1.3586784001145986,239.35000610351562,238.00237153298656,238.24994771050868,237.96375274658203,239.14104871239803,,,,,41023,-1.7455027530220377,,,,,,,0.23226891366549282,-0.20667438705311264,0.30616806832860344,,,,,,,,,,,,-0.0959999104295548,-0.09599991042955387,,
12,2,2,238.91000366210937,22,22012,239.1300048828125,237.7437515258789,238.9210474916949,237.78237031228343,1.1276333498259419,-0.220001220703125,0.027574956818995133,-0.2586200071076519,0.9186759587083486,238.91000366210937,237.5623690915803,237.80994526910243,237.52375030517578,238.70104627099178,,,,,41024,-0.4230072925117838,,,,,,,-0.11773718985013218,-0.5566804905687377,-0.04383803518702156,,,,,,,,,,,,-2.881001665190297,-2.8810016651903076,,
13,2,2,237.7823703122834,22,22013,238.39118515614172,237.79514829710558,238.9210474916949,237.78237031228343,-0.00000000000002842170943040401,-0.6088148438583119,-1.1514551642336528,-0.5960368590361611,0.5298623355531618,237.7823703122834,237.17355546842512,236.63091514804978,237.18633345324727,238.3122326478366,,,,,41025,-1.450501723053776,,,,,,,-0.812736884674351,-1.2516801853929564,-0.7388377300112403,,,,,,,,,,,,-1.7628767033372696,-1.7628767033372699,,
13,2,2,239,22,22013,238.39118515614172,237.79514829710558,238.9210474916949,237.78237031228343,1.2176296877165669,0.6088148438582834,0.0661745234829425,0.6215928286804342,1.747492023269757,239,238.39118515614172,237.84854483576638,238.40396314096387,239.5298623355532,,,,,41026,-0.45488576388629554,,,,,,,0.9272686084897115,0.48832530777110605,1.0011677631528222,,,,,,,,,,,,-2.0703784962449845,-2.070378496244989,,
14,2,2,238.89999389648437,22,22014,239.30999755859375,238.12437343597412,238.9210474916949,237.78237031228343,1.1176235842009419,-0.410003662109375,-0.3630567189012197,-0.06800053841868703,0.7286735173020986,238.89999389648437,237.37236665017406,237.4193135933822,237.71436977386475,238.51104382958553,,,,,41027,-0.8386261889961588,,,,,,,-0.4777301708071635,-0.916673471525769,-0.4038310161440528,,,,,,,,,,,,-1.3722564717088517,-1.3722564717088468,,
14,2,2,239.72000122070312,22,22014,239.30999755859375,238.12437343597412,238.9210474916949,237.78237031228343,1.9376309084196919,0.410003662109375,0.4569506053175303,0.752006785800063,1.5486808415208486,239.72000122070312,238.1923739743928,238.23932091760096,238.5343770980835,239.33105115380428,,,,,41028,-1.3723776767280924,,,,,,,0.592261894622524,0.15331859390391855,0.6661610492856347,,,,,,,,,,,,-0.36755089154263487,-0.36755089154261583,,
15,2,2,239.74000549316406,22,22015,240.12000274658203,237.86812686920166,238.9210474916949,237.78237031228343,1.9576351808806294,-0.37999725341796875,0.7332014445509287,-0.2942406964997417,0.7586799259935049,239.74000549316406,237.40237305886546,238.51557175683436,237.4881296157837,238.54105023827694,,,,,41029,-0.7998812625435221,,,,,,,0.5072628101498679,0.06831950943126236,0.5811619648129784,,,,,,,,,,,,-0.9828826924119767,-0.9828826924119771,,
15,2,2,240.5,22,22015,240.12000274658203,237.86812686920166,238.9210474916949,237.78237031228343,2.717629687716567,0.37999725341796875,1.4931959513868662,0.4657538103361958,1.5186744328294424,240.5,238.1623675657014,239.2755662636703,238.24812412261963,239.30104474511288,,,,,41030,-0.7461283633736002,,,,,,,-0.3927310863345072,-0.8316743870531127,-0.31883193167139656,,,,,,,,,,,,1.8402441004957382,1.8402441004957368,,
16,2,2,239.6699981689453,22,22016,239.11000061035156,237.70312404632568,238.9210474916949,237.78237031228343,1.8876278566618794,0.55999755859375,0.8281969432081553,0.48075129263600047,1.6986747380052236,239.6699981689453,238.34236787087718,238.6105672554916,238.26312160491943,239.48104505028866,,,,,41031,-1.0061324069527018,,,,,,,0.4972683033139303,0.05832500259532486,0.5711674579770409,,,,,,,,,,,,1.5633733729566757,1.5633733729566757,,
16,2,2,238.5500030517578,22,22016,239.11000061035156,237.70312404632568,238.9210474916949,237.78237031228343,0.7676327394743794,-0.55999755859375,-0.2917981739793447,-0.6392438245514995,0.5786796208177236,238.5500030517578,237.22237275368968,237.4905721383041,237.14312648773193,238.36104993310116,,,,,41032,-1.6648743579414713,,,,,,,-0.3827365794985697,-0.8216798802171752,-0.30883742483545906,,,,,,,,,,,,1.1308715800489608,1.1308715800489677,,
17,2,2,240.08999633789062,22,22017,239.86499786376953,238.15499877929687,238.9210474916949,237.78237031228343,2.307626025607192,0.22499847412109375,0.7963203791822764,0.5976269411345356,1.3636756535325674,240.08999633789062,238.00736878640453,238.5786906914657,238.37999725341797,239.146045965816,,,,,41033,-0.3773825595405924,,,,,,,0.2572628101498678,-0.18168049056873764,0.33116196481297844,,,,,,,,,,,,1.2483737925733749,1.248373792573376,,
17,2,2,239.63999938964844,22,22017,239.86499786376953,238.15499877929687,238.9210474916949,237.78237031228343,1.8576290773650044,-0.22499847412109375,0.3463234309400889,0.14762999289234813,0.9136787052903799,239.63999938964844,237.55737183816234,238.12869374322352,237.93000030517578,238.6960490175738,,,,,41034,-1.0448773334053385,,,,,,,-0.14273108633450718,-0.5816743870531127,-0.06883193167139656,,,,,,,,,,,,-0.5559980412278947,-0.5559980412278941,,
18,2,2,239.4600067138672,22,22018,239.41000366210937,237.7574987411499,238.9210474916949,237.78237031228343,1.6776364015837544,0.0500030517578125,0.5638307933058115,0.02513148062428172,1.1886802311692861,239.4600067138672,237.83237336404125,238.34620110558924,237.80750179290771,238.97105054345272,,,,,41035,0.21154827393505116,,,,,,,-0.12773932608060093,-0.5666826267992065,-0.05384017141749031,,,,,,,,,,,,-2.634753419951039,-2.6347534199510307,,
18,2,2,239.36000061035156,22,22018,239.41000366210937,237.7574987411499,238.9210474916949,237.78237031228343,1.5776302980681294,-0.0500030517578125,0.46382468979018654,-0.07487462289134328,1.0886741276536611,239.36000061035156,237.73236726052562,238.24619500207362,237.7074956893921,238.8710444399371,,,,,41036,1.213870721099056,,,,,,,0.24227104989596157,-0.1966722508226439,0.3161702045590722,,,,,,,,,,,,1.6515024165357772,1.6515024165357737,,
19,2,2,239.11000061035156,22,22019,239.2699966430664,237.78437519073486,238.9210474916949,237.78237031228343,1.3276302980681294,-0.15999603271484375,0.1869482402052256,-0.1579911542634136,0.9786811466966299,239.11000061035156,237.6223742795686,237.96931855248866,237.62437915802002,238.76105145898006,,,,,41037,1.048866944548763,,,,,,,-0.8477329173891948,-1.2866762181078002,-0.7738337627260841,,,,,,,,,,,,0.9389951686109725,0.938995168610976,,
19,2,2,239.42999267578125,22,22019,239.2699966430664,237.78437519073486,238.9210474916949,237.78237031228343,1.6476223634978169,0.15999603271484375,0.5069403056349131,0.1620009111662739,1.2986732121263174,239.42999267578125,237.94236634499828,238.28931061791835,237.9443712234497,239.08104352440975,,,,,41038,0.7538687756034506,,,,,,,0.9622646412045552,0.5233213404859498,1.036163795867666,,,,,,,,,,,,1.2077444056715194,1.2077444056715227,,
20,2,2,239.25999450683594,22,22020,239.2199935913086,237.97466930539287,238.9210474916949,237.78237031228343,1.4776241945525044,0.04000091552734375,0.14664802203159866,0.23229990863677585,1.1786780949388174,239.25999450683594,237.82237122781078,237.92901833431503,238.0146702209202,238.96104840722225,,,,,41039,1.4669987728568685,,,,,,,0.9910776540081512,0.5521343532895457,1.0649768086712619,,,,,,,,,,,,0.8427522639478866,0.8427522639478888,,
20,2,2,239.17999267578125,22,22020,239.2199935913086,237.97466930539287,238.9210474916949,237.78237031228343,1.3976223634978169,-0.04000091552734375,0.06664619097691116,0.15229807758208835,1.0986762638841299,239.17999267578125,237.7423693967561,237.84901650326034,237.93466838986552,238.88104657616756,,,,,41040,1.5182416012260092,,,,,,,-0.8765459301928191,-1.3154892309114246,-0.8026467755297084,,,,,,,,,,,,0.4239929179395858,0.42399291793958716,,
21,2,2,239.17999267578125,22,22021,239.50999450683594,237.85500049591064,238.9210474916949,237.78237031228343,1.3976223634978169,-0.3300018310546875,0.18631500045913185,-0.2573716474274761,0.8086753483567861,239.17999267578125,237.45236848122875,237.96868531274256,237.52499866485596,238.59104566064022,,,,,41041,0.9501215984794271,,,,,,,1.4222713550717427,0.9833280543531373,1.4961705097348534,,,,,,,,,,,,0.16149692337171473,0.16149692337171523,,
21,2,2,239.83999633789062,22,22021,239.50999450683594,237.85500049591064,238.9210474916949,237.78237031228343,2.057626025607192,0.3300018310546875,0.8463186625685069,0.4026320146818989,1.4686790104661611,239.83999633789062,238.11237214333812,238.62868897485194,238.18500232696533,239.2510493227496,,,,,41042,0.895449508357558,,,,,,,-1.3077396312563823,-1.7466829319749877,-1.2338404765932716,,,,,,,,,,,,1.0090015391554061,1.0090015391554008,,
22,2,2,239.67999267578125,22,22022,239.72999572753906,237.86187553405762,238.9210474916949,237.78237031228343,1.8976223634978169,-0.0500030517578125,0.6794399623121592,0.029502170016371565,1.0886741276536611,239.67999267578125,237.73236726052562,238.4618102745956,237.8118724822998,238.8710444399371,,,,,41043,1.138874726531185,,,,,,,0.8722683033139302,0.4333250025953248,0.9461674579770409,,,,,,,,,,,,0.20661535439531065,0.2066153543953375,,
22,2,2,239.77999877929687,22,22022,239.72999572753906,237.86187553405762,238.9210474916949,237.78237031228343,1.9976284670134419,0.0500030517578125,0.7794460658277842,0.12950827353199656,1.1886802311692861,239.77999877929687,237.83237336404125,238.56181637811122,237.91187858581543,238.97105054345272,,,,,41044,1.2869994213554037,,,,,,,-0.7577365794985698,-1.1966798802171752,-0.6838374248354591,,,,,,,,,,,,-1.5822565098558243,-1.5822565098558317,,
23,2,2,239.99000549316406,22,22023,239.75,237.78375053405762,238.9210474916949,237.78237031228343,2.2076351808806294,0.2400054931640625,1.0675777796949717,0.24138571493824656,1.3786826725755361,239.99000549316406,238.0223758054475,238.8499480919784,238.02375602722168,239.16105298485897,,,,,41045,1.5163743069144857,,,,,,,-0.23773230703763218,-0.6766756077562377,-0.16383315237452156,,,,,,,,,,,,-1.0372459431443986,-1.037245943144399,,
23,2,2,239.50999450683594,22,22023,239.75,237.78375053405762,238.9210474916949,237.78237031228343,1.7276241945525044,-0.2400054931640625,0.5875667933668467,-0.23862527138987844,0.8986716862474111,239.50999450683594,237.54236481911937,238.36993710565028,237.54374504089355,238.68104199853084,,,,,41046,1.334501939055599,,,,,,,0.3522640308529928,-0.08667926986561264,0.42616318551610344,,,,,,,,,,,,0.1577537516798202,0.15775375167981984,,
24,2,2,238.63999938964844,22,22024,239.0250015258789,237.52624988555908,238.9210474916949,237.78237031228343,0.8576290773650044,-0.38500213623046875,-0.024927675322118148,-0.6411225629548198,0.7536750431810049,238.63999938964844,237.39736817605296,237.75744263696131,237.1412477493286,238.53604535546444,,,,,41047,0.9363705685111654,,,,,,,-0.37273444326810096,-0.8116777439867065,-0.2988352886049903,,,,,,,,,,,,-0.4341318150316056,-0.43413181503160647,,
24,2,2,239.41000366210937,22,22024,239.0250015258789,237.52624988555908,238.9210474916949,237.78237031228343,1.6276333498259419,0.38500213623046875,0.7450765971388194,0.12888170950611766,1.5236793156419424,239.41000366210937,238.1673724485139,238.52744690942225,237.91125202178955,239.30604962792538,,,,,41048,0.5732428600761068,,,,,,,0.48726616708346154,0.04832286636485611,0.5611653217465722,,,,,,,,,,,,-1.5028764744554337,-1.5028764744554353,,
25,2,2,239.3000030517578,22,22025,239.3300018310547,237.69375133514404,238.9210474916949,237.78237031228343,1.5176327394743794,-0.029998779296875,0.4675745372022959,-0.11861775643626515,1.1086784001145986,239.3000030517578,237.75237153298656,238.24994484948573,237.66375255584717,238.89104871239803,,,,,41049,0.8832451870414388,,,,,,,-0.2827304759829447,-0.7216737767015502,-0.20883132131983406,,,,,,,,,,,,-0.9159976979051407,-0.9159976979051416,,
25,2,2,239.36000061035156,22,22025,239.3300018310547,237.69375133514404,238.9210474916949,237.78237031228343,1.5776302980681294,0.029998779296875,0.5275720957960459,-0.058620197842515154,1.1686759587083486,239.36000061035156,237.8123690915803,238.30994240807948,237.72375011444092,238.95104627099178,,,,,41050,0.4679497372393939,,,,,,,0.3972621997983053,-0.04168110092030014,0.47116135446141594,,,,,,,,,,,,-1.3156710087301349,-1.31567100873012,,
26,2,2,238.74000549316406,22,22026,239.6750030517578,237.7831268310547,238.9210474916949,237.78237031228343,0.9576351808806294,-0.93499755859375,-0.18179851730209862,-0.9342410398224956,0.20367962081772362,238.74000549316406,236.84737275368968,237.60057179498133,236.84812927246094,237.98604993310116,,,,,42001,3.3928480891432002,,,,,,,0.10226403085299282,-0.33667926986561264,0.1761631855161034,,,,,,,,,,,,-0.8172561665330704,-0.8172561665330738,,
26,2,2,240.61000061035156,22,22026,239.6750030517578,237.7831268310547,238.9210474916949,237.78237031228343,2.8276302980681294,0.93499755859375,1.6881965998854014,0.9357540773650044,2.0736747380052236,240.61000061035156,238.71736787087718,239.47056691216883,238.71812438964844,239.85604505028866,,,,,42002,1.1995741435390528,,,,,,,0.012267692962367814,-0.42667560775623764,0.08616684762547844,,,,,,,,,,,,-0.16912384231432043,-0.16912384231431768,,
27,2,2,240.33999633789063,22,22027,240.15999603271484,237.79687213897705,238.9210474916949,237.78237031228343,2.557626025607192,0.18000030517578125,1.4044470195021006,0.1945021318693989,1.3186774845872549,240.33999633789063,237.96237061745921,239.18681733178553,237.97687244415283,239.1010477968707,,,,,42003,1.0528460292066768,,,,,,,0.5422664722592429,0.10332317154063736,0.6161656269223534,,,,,,,,,,,,-1.4047529240403946,-1.4047529240403935,,
27,2,2,239.97999572753906,22,22027,240.15999603271484,237.79687213897705,238.9210474916949,237.78237031228343,2.1976254152556294,-0.18000030517578125,1.044446409150538,-0.1654984784821636,0.9586768742356924,239.97999572753906,237.60237000710765,238.82681672143397,237.61687183380127,238.74104718651913,,,,,42004,0.7278509883131221,,,,,,,-0.4277347484438822,-0.8666780491624877,-0.35383559378077156,,,,,,,,,,,,-1.7366268177781876,-1.736626817778187,,
28,2,2,239.0399932861328,22,22028,239,237.70562362670898,238.9210474916949,237.78237031228343,1.2576229738493794,0.0399932861328125,0.1956924800123545,-0.03675339944163625,1.1786704655442861,239.0399932861328,237.82236359841625,237.9780627922958,237.7456169128418,238.96104077782772,,,,,42005,0.797844007417126,,,,,,,-0.002731696686069686,-0.44167499740467514,0.07116745797704094,,,,,,,,,,,,-0.29475422103746496,-0.29475422103746235,,
28,2,2,238.9600067138672,22,22028,239,237.70562362670898,238.9210474916949,237.78237031228343,1.1776364015837544,-0.0399932861328125,0.11570590774672951,-0.11673997170726125,1.0986838932786611,238.9600067138672,237.74237702615062,237.89807622003016,237.66563034057617,238.8810542055621,,,,,42006,0.5447235850538448,,,,,,,0.11726342050143032,-0.32167988021717514,0.1911625751645409,,,,,,,,,,,,-0.5628807087693986,-0.562880708769397,,
29,2,2,238.67999267578125,22,22029,238.79999542236328,237.80312538146973,238.9210474916949,237.78237031228343,0.8976223634978169,-0.12000274658203125,-0.2618098850999502,-0.09924767739573781,1.0186744328294424,238.67999267578125,237.6623675657014,237.52056042718348,237.6831226348877,238.80104474511288,,,,,42007,1.9134722499098018,,,,,,,-0.5027316966860698,-0.9416749974046752,-0.42883254202295906,,,,,,,,,,,,-0.642877771452504,-0.6428777714525029,,
29,2,2,238.9199981689453,22,22029,238.79999542236328,237.80312538146973,238.9210474916949,237.78237031228343,1.1376278566618794,0.12000274658203125,-0.02180439193588768,0.1407578157683247,1.2586799259935049,238.9199981689453,237.90237305886546,237.76056592034755,237.92312812805176,239.04105023827694,,,,,42008,1.7109747676099971,,,,,,,0.6172634205014302,0.1783201197828248,0.6911625751645409,,,,,,,,,,,,1.3080104090082472,1.308010409008257,,
30,2,2,239.39999389648437,22,22030,238.86000061035156,237.6043758392334,238.9210474916949,237.78237031228343,1.6176235842009419,0.5399932861328125,0.656940877839503,0.3619988130827778,1.6786704655442861,239.39999389648437,238.32236359841625,238.43931119012294,238.1443691253662,239.46104077782772,,,,,42009,1.5309782771314815,,,,,,,-0.19773139151028843,-0.636674692228894,-0.12383223684717781,,,,,,,,,,,,-1.8811285922554362,-1.8811285922554581,,
30,2,2,238.32000732421875,22,22030,238.86000061035156,237.6043758392334,238.9210474916949,237.78237031228343,0.5376370119353169,-0.5399932861328125,-0.42304569442612205,-0.7179877591828472,0.5986838932786611,238.32000732421875,237.24237702615062,237.3593246178573,237.0643825531006,238.3810542055621,,,,,42010,1.067217901154919,,,,,,,0.31226311532564904,-0.1266801853929564,0.3861622699887597,,,,,,,,,,,,-1.5793997912775524,-1.5793997912775621,,
31,2,2,239.2899932861328,22,22031,238.80500030517578,237.66437530517578,238.9210474916949,237.78237031228343,1.5076229738493794,0.48499298095703125,0.48694080154555763,0.3669979738493794,1.6236701603685049,239.2899932861328,238.26736329324046,238.269311113829,238.1493682861328,239.40604047265194,,,,,42011,1.0590973643507198,,,,,,,0.3722683033139303,-0.06667499740467514,0.44616745797704094,,,,,,,,,,,,-1.3811266849068033,-1.3811266849068171,,
31,2,2,238.32000732421875,22,22031,238.80500030517578,237.66437530517578,238.9210474916949,237.78237031228343,0.5376370119353169,-0.48499298095703125,-0.48304516036850487,-0.6029879880646831,0.6536841984544424,238.32000732421875,237.2973773313264,237.29932515191493,237.17938232421875,238.43605451073788,,,,,42012,0.6584769038404659,,,,,,,-0.2577365794985697,-0.6966798802171752,-0.18383742483545906,,,,,,,,,,,,-0.8461287448433268,-0.8461287448433412,,
32,2,2,238.8300018310547,22,22032,239.15499877929687,237.8681230545044,238.9210474916949,237.78237031228343,1.0476315187712544,-0.3249969482421875,-0.17679840286118065,-0.2392442060212261,0.8136802311692861,238.8300018310547,237.45737336404125,237.60557190942225,237.5431261062622,238.59605054345272,,,,,42013,-0.8179229191440243,,,,,,,0.597266777435024,0.15832347671641855,0.6711659320981347,,,,,,,,,,,,-1.0661290118721354,-1.0661290118721494,,
32,2,2,239.47999572753906,22,22032,239.15499877929687,237.8681230545044,238.9210474916949,237.78237031228343,1.6976254152556294,0.3249969482421875,0.47319549362319435,0.4107496904631489,1.4636741276536611,239.47999572753906,238.10736726052562,238.25556580590663,238.19312000274658,239.2460444399371,,,,,42014,-1.3621520252977177,,,,,,,-0.4827350536196635,-0.921678354338269,-0.4088358989565528,,,,,,,,,,,,-0.6192524859932291,-0.619252485993244,,
33,2,2,238.8300018310547,22,22033,238.23999786376953,237.74562454223633,238.9210474916949,237.78237031228343,1.0476315187712544,0.5900039672851563,-0.05429989059311424,0.5532581972380513,1.7286811466966299,238.8300018310547,238.3723742795686,237.72807042169032,238.33562850952148,239.51105145898006,,,,,42015,-1.4159030171190068,,,,,,,0.42226372567721154,-0.01667957504139389,0.4961628803403222,,,,,,,,,,,,-0.21050290560992835,-0.21050290560994395,,
33,2,2,237.64999389648437,22,22033,238.23999786376953,237.74562454223633,238.9210474916949,237.78237031228343,-0.13237641579905812,-0.5900039672851563,-1.2343078251634267,-0.6267497373322613,0.5486732121263174,237.64999389648437,237.19236634499828,236.54806248712,237.15562057495117,238.33104352440975,,,,,42016,-1.6509017201219365,,,,,,,-0.30773200186185096,-0.7466753025804565,-0.2338328471987403,,,,,,,,,,,,-1.8680022189644205,-1.8680022189644347,,
34,2,2,236.6699981689453,22,22034,236.7050018310547,237.6381254196167,238.9210474916949,237.78237031228343,-1.1123721433381206,-0.035003662109375,-2.1068044300828603,-0.1792485547761089,1.1036735173020986,236.6699981689453,237.74736665017406,235.67556588220057,237.60312175750732,238.88604382958553,,,,,42017,-2.697777673796253,,,,,,,-0.652733222564976,-1.0916765232835814,-0.5788340679018653,,,,,,,,,,,,-1.3580038974312174,-1.3580038974312343,,
34,2,2,236.74000549316406,22,22034,236.7050018310547,237.6381254196167,238.9210474916949,237.78237031228343,-1.0423648191193706,0.035003662109375,-2.0367971058641103,-0.1092412305573589,1.1736808415208486,236.74000549316406,237.8173739743928,235.74557320641932,237.67312908172607,238.95605115380428,,,,,42018,-1.6902770252977177,,,,,,,0.7672649463803365,0.32832164566173105,0.8411641010434472,,,,,,,,,,,,-1.1067526767280924,-1.1067526767281075,,
35,2,2,238.5800018310547,22,22035,237.9800033569336,237.66669584499115,238.9210474916949,237.78237031228343,0.7976315187712544,0.5999984741210938,-0.22537119334793942,0.48432400682881394,1.7386756535325674,238.5800018310547,238.38236878640453,237.5569991189355,238.26669431911225,239.521045965816,,,,,42019,-0.7171534748826787,,,,,,,-1.4377292552798198,-1.8766725559984252,-1.363830100616709,,,,,,,,,,,,-1.1048787066963541,-1.1048787066963686,,
35,2,2,237.3800048828125,22,22035,237.9800033569336,237.66669584499115,238.9210474916949,237.78237031228343,-0.4023654294709331,-0.5999984741210938,-1.425368141590127,-0.7156729414133736,0.5386787052903799,237.3800048828125,237.18237183816234,236.3570021706933,237.06669737087006,238.3210490175738,,,,,42020,-0.7874448429586494,,,,,,,1.5522609790951802,1.1133176783765748,1.626160133758291,,,,,,,,,,,,-0.9255049655464518,-0.9255049655464648,,
36,2,2,237.02999877929687,22,22036,237.21499633789062,237.74437522888184,238.9210474916949,237.78237031228343,-0.7523715329865581,-0.18499755859375,-1.8530536289964346,-0.22299264199534719,0.9536796208177236,237.02999877929687,237.59737275368968,235.929316683287,237.5593776702881,238.73604993310116,,,,,42021,0.21722610275404008,,,,,,,-0.057739631256382186,-0.49668293197498764,0.016159523406728438,,,,,,,,,,,,0.24809673734796434,0.24809673734792995,,
36,2,2,237.39999389648437,22,22036,237.21499633789062,237.74437522888184,238.9210474916949,237.78237031228343,-0.3823764157990581,0.18499755859375,-1.4830585118089346,0.14700247519215281,1.3236747380052236,237.39999389648437,237.96736787087718,236.2993118004745,237.9293727874756,239.10604505028866,,,,,42022,1.8653498439039424,,,,,,,0.17227135507174282,-0.26667194564686264,0.2461705097348534,,,,,,,,,,,,1.9038722088309896,1.9038722088309745,,
37,2,2,237.77000427246094,22,22037,237.45999908447266,237.6393747329712,238.9210474916949,237.78237031228343,-0.012366039822495623,0.31000518798828125,-1.0080476399217275,0.16700960867603953,1.4486823673997549,237.77000427246094,238.09237550027171,236.7743226723617,237.94937992095947,239.2310526796832,,,,,42023,1.0134745387281612,,,,,,,-0.09773291738919468,-0.5366762181078002,-0.023833762726084062,,,,,,,,,,,,2.155121522185482,2.155121522185464,,
37,2,2,237.14999389648437,22,22037,237.45999908447266,237.6393747329712,238.9210474916949,237.78237031228343,-0.6323764157990581,-0.31000518798828125,-1.62805801589829,-0.45300076730052297,0.8286719914231924,237.14999389648437,237.47236512429515,236.15431229638514,237.3293695449829,238.61104230370663,,,,,42024,0.4159718302931026,,,,,,,0.21226464120455532,-0.22667865951405014,0.28616379586766594,,,,,,,,,,,,1.8201243450614584,1.820124345061447,,
38,2,2,236.75,22,22038,237.38500213623047,237.9143762588501,238.9210474916949,237.78237031228343,-1.0323703122834331,-0.6350021362304688,-2.3030534382615713,-0.5029961896638042,0.5036750431810049,236.75,237.14736817605296,235.47931687402186,237.27937412261963,238.28604535546444,,,,,42025,1.0684700755323604,,,,,,,0.30226860848971154,-0.1366746922288939,0.3761677631528222,,,,,,,,,,,,2.148248391387142,2.148248391387132,,
38,2,2,238.02000427246094,22,22038,237.38500213623047,237.9143762588501,238.9210474916949,237.78237031228343,0.23763396017750438,0.6350021362304688,-1.0330491658006338,0.7670080827971333,1.7736793156419424,238.02000427246094,238.4173724485139,236.7493211464828,238.54937839508057,239.55604962792538,,,,,42026,1.0090933589185909,,,,,,,-0.18773688467435093,-0.6266801853929565,-0.11383773001124031,,,,,,,,,,,,1.6307475140067709,1.6307475140067553,,
39,2,2,237.9199981689453,22,22039,237.625,238.16625022888184,238.9210474916949,237.78237031228343,0.13762785666187938,0.2949981689453125,-1.384929239347997,0.6788780855437153,1.4336753483567861,237.9199981689453,238.07736848122875,236.39744107293544,238.46124839782715,239.21604566064022,,,,,42027,1.6903477458204463,,,,,,,0.037261589446742814,-0.40168171127186264,0.11116074410985344,,,,,,,,,,,,0.08387442135540368,0.08387442135538728,,
39,2,2,237.3300018310547,22,22039,237.625,238.16625022888184,238.9210474916949,237.78237031228343,-0.4523684812287456,-0.2949981689453125,-1.974925577238622,0.08888174765309032,0.8436790104661611,237.3300018310547,237.48737214333812,235.8074447350448,237.87125205993652,238.6260493227496,,,,,42028,1.1515913752760127,,,,,,,0.07727013436861782,-0.36167316634998764,0.1511692890317284,,,,,,,,,,,,0.9347593593234791,0.9347593593234826,,
40,2,2,236.80999755859375,22,22040,236.86499786376953,237.60000038146973,238.9210474916949,237.78237031228343,-0.9723727536896831,-0.05500030517578125,-1.9286800022874502,-0.2373702359894878,1.0836768742356924,236.80999755859375,237.72737000710765,235.85369030999598,237.54500007629395,238.86604718651913,,,,,42029,0.14410121719495805,,,,,,,-0.6077350536196635,-1.046678354338269,-0.5338358989565528,,,,,,,,,,,,0.5732466747733724,0.5732466747733588,,
40,2,2,236.9199981689453,22,22040,236.86499786376953,237.60000038146973,238.9210474916949,237.78237031228343,-0.8623721433381206,0.05500030517578125,-1.8186793919358877,-0.1273696256379253,1.1936774845872549,236.9199981689453,237.83737061745921,235.96369092034755,237.6550006866455,238.9760477968707,,,,,42030,0.5128489283765987,,,,,,,0.722266777435024,0.28332347671641855,0.7961659320981347,,,,,,,,,,,,-1.8236277530220377,-1.8236277530220515,,
41,2,2,236.72999572753906,22,22041,236.58499908447266,237.68812465667725,238.9210474916949,237.78237031228343,-1.0523745847443706,0.14499664306640625,-2.096806108549657,0.05075098746021922,1.2836738224778799,236.72999572753906,237.92736695534984,235.68556420373378,237.83312129974365,239.0660441347613,,,,,42031,0.4278479365553096,,,,,,,-0.38773383291653846,-0.826677133635144,-0.3138346782534278,,,,,,,,,,,,-1.7455027530220377,-1.7455027530220517,,
41,2,2,236.44000244140625,22,22041,236.58499908447266,237.68812465667725,238.9210474916949,237.78237031228343,-1.3423678708771831,-0.14499664306640625,-2.3867993946824697,-0.23924229867259328,0.9936805363450674,236.44000244140625,237.63737366921703,235.39557091760096,237.54312801361084,238.7760508486285,,,,,42032,1.544099882050915,,,,,,,0.5022655567318991,0.06332225601329361,0.5761647113950097,,,,,,,,,,,,-0.4230072925117838,-0.4230072925117973,,
42,2,2,237.3800048828125,22,22042,237.58118759754797,237.74279674679912,238.9210474916949,237.78237031228343,-0.4023654294709331,-0.20118271473546656,-1.5014690433980888,-0.24075628021978446,0.937494464676007,237.3800048828125,237.58118759754797,236.28090126888534,237.54161403206365,238.71986477695944,,,,,42033,1.6466017512525752,,,,,,,0.5322643360287741,0.09332103531016861,0.6061634906918847,,,,,,,,,,,,-1.450501723053776,-1.4505017230537947,,
42,2,2,237.7823703122834,22,22042,237.58118759754797,237.74279674679912,238.9210474916949,237.78237031228343,-0.00000000000002842170943040401,0.20118271473543814,-1.0991036139271841,0.16160914925112024,1.3398598941469118,237.7823703122834,237.98355302701887,236.68326669835625,237.94397946153455,239.12223020643034,,,,,42034,0.6390953807081417,,,,,,,-0.41773261221341346,-0.856675912932019,-0.3438334575503028,,,,,,,,,,,,-0.45488576388629554,-0.4548857638863127,,
43,2,2,238.86000061035156,22,22043,238.6750030517578,237.8493776321411,238.9210474916949,237.78237031228343,1.0776302980681294,0.18499755859375,-0.1280542012010244,0.25200487845143016,1.3236747380052236,238.86000061035156,237.96736787087718,237.6543161110824,238.03437519073486,239.10604505028866,,,,,42035,-0.40828592123945384,,,,,,,-0.21773566397122593,-0.6566789646898315,-0.1438365093081153,,,,,,,,,,,,-0.8386261889961588,-0.8386261889961744,,
43,2,2,238.49000549316406,22,22043,238.6750030517578,237.8493776321411,238.9210474916949,237.78237031228343,0.7076351808806294,-0.18499755859375,-0.4980493183885244,-0.11799023873606984,0.9536796208177236,238.49000549316406,237.59737275368968,237.2843209938949,237.66438007354736,238.73604993310116,,,,,42036,-1.8921498509202763,,,,,,,0.33226738778658654,-0.10667591293201889,0.4061665424496972,,,,,,,,,,,,-1.3723776767280924,-1.3723776767281035,,
44,2,2,238.22000122070312,22,22044,238.73999786376953,237.91624927520752,238.9210474916949,237.78237031228343,0.4376309084196919,-0.5199966430664063,-0.8349252339158682,-0.38611768014231984,0.6186805363450674,238.22000122070312,237.26237366921703,236.94744507836756,237.3962526321411,238.4010508486285,,,,,42037,-1.2621554585252568,,,,,,,-0.752739326080601,-1.1916826267992064,-0.6788401714174903,,,,,,,,,,,,-0.7998812625435221,-0.7998812625435378,,
44,2,2,239.25999450683594,22,22044,238.73999786376953,237.91624927520752,238.9210474916949,237.78237031228343,1.4776241945525044,0.5199966430664063,0.20506805221694435,0.6538756059904927,1.6586738224778799,239.25999450683594,238.30236695534984,237.98743836450038,238.43624591827393,239.4410441347613,,,,,42038,-1.2921542378221318,,,,,,,0.8672710498959615,0.42832774917735605,0.9411702045590722,,,,,,,,,,,,-0.7461283633736002,-0.7461283633736134,,
45,2,2,238.83999633789063,22,22045,238.46499633789062,237.68687438964844,238.9210474916949,237.78237031228343,1.0576260256071919,0.375,0.014444768830713883,0.2795040773650044,1.5136771794114736,238.83999633789063,238.15737031228343,237.79681508111415,238.06187438964844,239.2960474916949,,,,,42039,-1.3740300389085576,,,,,,,0.817267998138149,0.37832469741954355,0.8911671528012597,,,,,,,,,,,,-1.0061324069527018,-1.0061324069527127,,
45,2,2,238.08999633789062,22,22045,238.46499633789062,237.68687438964844,238.9210474916949,237.78237031228343,0.3076260256071919,-0.375,-0.7355552311692861,-0.4704959226349956,0.7636771794114736,238.08999633789062,237.40737031228343,237.04681508111415,237.31187438964844,238.5460474916949,,,,,42040,-1.5477780552659794,,,,,,,-0.7027362743227885,-1.141679575041394,-0.6288371196596778,,,,,,,,,,,,-1.6648743579414713,-1.6648743579414866,,
46,2,2,239.32000732421875,22,22046,238.99500274658203,237.79374980926514,238.9210474916949,237.78237031228343,1.5376370119353169,0.32500457763671875,0.38758033554213966,0.33638407461842235,1.4636817570481924,239.32000732421875,238.10737488992015,238.16995064782557,238.11875438690186,239.24605206933163,,,,,42041,-1.2459029408250615,,,,,,,0.47226677743502404,0.03332347671641861,0.5461659320981347,,,,,,,,,,,,-0.3773825595405924,-0.3773825595406074,,
46,2,2,238.6699981689453,22,22046,238.99500274658203,237.79374980926514,238.9210474916949,237.78237031228343,0.8876278566618794,-0.32500457763671875,-0.26242881973129784,-0.31362508065501515,0.8136726017747549,238.6699981689453,237.45736573464671,237.51994149255214,237.46874523162842,238.5960429140582,,,,,42042,-0.8405759464742744,,,,,,,-0.35773505361966346,-0.796678354338269,-0.2838358989565528,,,,,,,,,,,,-1.0448773334053385,-1.0448773334053505,,
47,2,2,237.6300048828125,22,22047,238.06000518798828,237.3268756866455,238.9210474916949,237.78237031228343,-0.15236542947093312,-0.43000030517578125,-0.8355479832444814,-0.8854949308137066,0.7086768742356924,237.6300048828125,237.35237000710765,236.94682232903895,236.89687538146973,238.49104718651913,,,,,42043,-1.4821528645311162,,,,,,,-0.052727119049350936,-0.4916704197679564,0.021172035613759688,,,,,,,,,,,,0.21154827393505116,0.21154827393506279,,
47,2,2,238.49000549316406,22,22047,238.06000518798828,237.3268756866455,238.9210474916949,237.78237031228343,0.7076351808806294,0.43000030517578125,0.02445262710708107,-0.02549432046214406,1.5686774845872549,238.49000549316406,238.21237061745921,237.8068229393905,237.7568759918213,239.3510477968707,,,,,42044,-1.07403366287096,,,,,,,0.16725884286471157,-0.2716844578538939,0.24115799752782216,,,,,,,,,,,,1.213870721099056,1.2138707210990423,,
48,2,2,239.44000244140625,22,22048,238.81500244140625,237.79000186920166,238.9210474916949,237.78237031228343,1.6576321291228169,0.625,0.5113233927931162,0.632631556918227,1.7636771794114736,239.44000244140625,238.40737031228343,238.29369370507655,238.41500186920166,239.5460474916949,,,,,42045,-1.6596459599290654,,,,,,,0.5072628101498679,0.06831950943126236,0.5811619648129784,,,,,,,,,,,,1.048866944548763,1.0488669445487513,,
48,2,2,238.19000244140625,22,22048,238.81500244140625,237.79000186920166,238.9210474916949,237.78237031228343,0.4076321291228169,-0.625,-0.7386766072068838,-0.617368443081773,0.5136771794114736,238.19000244140625,237.15737031228343,237.04369370507655,237.16500186920166,238.2960474916949,,,,,42046,-1.5465277882371709,,,,,,,-0.3927310863345072,-0.8316743870531127,-0.31883193167139656,,,,,,,,,,,,0.7538687756034506,0.7538687756034389,,
49,2,2,238.32000732421875,22,22049,239.41000366210937,238.10499954223633,238.9210474916949,237.78237031228343,0.5376370119353169,-1.089996337890625,-0.9236693974290517,-0.76736710793773,0.04868084152084862,238.32000732421875,236.6923739743928,236.85870091485438,237.0150032043457,237.83105115380428,,,,,42047,-0.609652444914417,,,,,,,-0.6577304759829448,-1.0966737767015502,-0.5838313213198341,,,,,,,,,,,,1.4669987728568685,1.4669987728568537,,
49,2,2,240.5,22,22049,239.41000366210937,238.10499954223633,238.9210474916949,237.78237031228343,2.717629687716567,1.089996337890625,1.2563232783521983,1.41262556784352,2.2286735173020986,240.5,238.87236665017406,239.03869359063563,239.19499588012695,240.01104382958553,,,,,42048,-0.767778322294788,,,,,,,0.7722621997983052,0.3333188990796998,0.8461613544614159,,,,,,,,,,,,1.5182416012260092,1.5182416012259983,,
50,2,2,240.1199951171875,22,22050,240.125,238.1152962127415,238.9210474916949,237.78237031228343,2.337624804904067,-0.0050048828125,0.8660217250345283,0.3279210176455649,1.1336722965989736,240.1199951171875,237.77736542947093,238.64839203731796,238.110291329929,238.9160426088824,,,,,42049,-1.3277787419114873,,,,,,,2.3072658619076805,1.868322561189075,2.381165016570791,,,,,,,,,,,,0.9501215984794271,0.950121598479417,,
50,2,2,240.1300048828125,22,22050,240.125,238.1152962127415,238.9210474916949,237.78237031228343,2.347634570529067,0.0050048828125,0.8760314906595283,0.3379307832705649,1.1436820622239736,240.1300048828125,237.78737519509593,238.65840180294296,238.120301095554,238.9260523745074,,,,,42050,0.4681106592523889,,,,,,,-2.1927341380923195,-2.631677438810925,-2.118834983429209,,,,,,,,,,,,0.895449508357558,0.8954495083575618,,
1,3,1,236.08999633789063,31,31001,235.3699951171875,237.54937362670898,236.5108240388162,237.78237031228343,-1.6923739743928081,0.720001220703125,-0.18783101535112223,0.48700453512867625,-0.5515450527641121,236.08999633789063,238.50237153298656,237.5945392969323,238.2693748474121,237.23082525951932,,,,,,,,,,,,,1.1065651783139288,0.8816774388108968,0.39913466604642267,,,,,,,,,,,,1.138874726531185,1.1388747265311678,,
1,3,1,234.64999389648437,31,31001,235.3699951171875,237.54937362670898,236.5108240388162,237.78237031228343,-3.132376415799058,-0.720001220703125,-1.6278334567573722,-0.9529979062775738,-1.9915474941703621,234.64999389648437,237.0623690915803,236.15453685552606,236.82937240600586,235.79082281811307,,,,,,,,,,,,,0.10656517831392887,-0.11832256118910323,-0.6008653339535773,,,,,,,,,,,,1.2869994213554037,1.2869994213553917,,
2,3,1,234.00999450683594,31,31002,234.7249984741211,237.46264879301626,236.5108240388162,237.78237031228343,-3.7723758054474956,-0.7150039672851563,-2.181108012713082,-1.0347254865523325,-1.9865502407523934,234.00999450683594,237.06736634499828,235.60126229957035,236.7476448257311,235.79582007153104,,,,,,,,,,,,,-0.39843970449857125,-0.6233274440016033,-1.1058702167660774,,,,,,,,,,,,1.5163743069144857,1.5163743069144693,,
2,3,1,235.44000244140625,31,31002,234.7249984741211,237.46264879301626,236.5108240388162,237.78237031228343,-2.342367870877183,0.7150039672851563,-0.7511000781427697,0.39528244801797996,-0.5565423061820809,235.44000244140625,238.4973742795686,237.03127023414066,238.1776527603014,237.22582800610135,,,,,,,,,,,,,1.6115700611264288,1.3866823216233968,0.9041395488589227,,,,,,,,,,,,1.334501939055599,1.33450193905558,,
3,3,1,237.08999633789062,31,31003,235.8499984741211,238.0143756866455,236.5108240388162,237.78237031228343,-0.6923739743928081,1.2399978637695312,0.34716692471235433,1.472003238131606,-0.03154840969770589,237.08999633789062,239.02236817605296,238.1295372369958,239.25437355041504,237.75082190258573,,,,,,,,,,,,,0.34156578866549137,0.11667804916245927,-0.36586472360201483,,,,,,,,,,,,0.9363705685111654,0.9363705685111516,,
3,3,1,234.61000061035156,31,31003,235.8499984741211,238.0143756866455,236.5108240388162,237.78237031228343,-3.1723697019318706,-1.2399978637695312,-2.132828802826708,-1.0079924894074566,-2.5115441372367684,234.61000061035156,236.5423724485139,235.64954150945672,236.77437782287598,235.27082617504666,,,,,,,,,,,,,0.8715645679623664,0.6466768284593343,0.16413405569486017,,,,,,,,,,,,0.5732428600761068,0.5732428600760904,,
4,3,1,233.5500030517578,31,31004,234.96500396728516,237.57937622070312,236.5108240388162,237.78237031228343,-4.232367260525621,-1.4150009155273437,-2.7578268954780754,-1.6179950071076519,-2.686547188994581,233.5500030517578,236.3673693967561,235.02454341680536,236.16437530517578,235.09582312328885,,,,,,,,,,,,,0.3465630420834601,0.12167530258042802,-0.3608674701840461,,,,,,,,,,,,0.8832451870414388,0.883245187041424,,
4,3,1,236.3800048828125,31,31004,234.96500396728516,237.57937622070312,236.5108240388162,237.78237031228343,-1.4023654294709331,1.4150009155273437,0.07217493557661214,1.2120068239470356,0.1434546420601066,236.3800048828125,239.19737122781078,237.85454524786005,238.99437713623047,237.92582495434354,,,,,,,,,,,,,0.8665673145443976,0.6416795750413655,0.15913680227689142,,,,,,,,,,,,0.4679497372393939,0.46794973723938704,,
5,3,1,235.52000427246094,31,31005,235.57500457763672,237.79937648773193,236.5108240388162,237.78237031228343,-2.2623660398224956,-0.05500030517578125,-1.007825941803759,-0.03799412972728078,-1.3265465786430184,235.52000427246094,237.72737000710765,236.77454437047967,237.74437618255615,236.45582373364041,,,,,,,,,,,,,0.38155907479830387,0.15667133529527177,-0.32587143746920233,,,,,,,,,,,,3.3928480891432002,3.3928480891431962,,
5,3,1,235.6300048828125,31,31005,235.57500457763672,237.79937648773193,236.5108240388162,237.78237031228343,-2.152365429470933,0.05500030517578125,-0.8978253314521965,0.07200648062428172,-1.216545968291456,235.6300048828125,237.83737061745921,236.88454498083124,237.85437679290771,236.56582434399198,,,,,,,,,,,,,0.8315712818295539,0.6066835423265218,0.12414076956204767,,,,,,,,,,,,1.1995741435390528,1.1995741435390634,,
6,3,1,236.77000427246094,31,31006,236.4000015258789,237.80750179290771,236.5108240388162,237.78237031228343,-1.0123660398224956,0.37000274658203125,0.2340487530204598,0.39513422720631297,-0.9015435268852059,236.77000427246094,238.15237305886546,238.0164190653039,238.17750453948975,236.88082678539823,,,,,,,,,,,,,0.5015694507748664,0.2766817112718343,-0.20586106149263983,,,,,,,,,,,,1.0528460292066768,1.0528460292066741,,
6,3,1,236.02999877929687,31,31006,236.4000015258789,237.80750179290771,236.5108240388162,237.78237031228343,-1.7523715329865581,-0.37000274658203125,-0.5059567401436027,-0.34487126595774953,-1.6415490200492684,236.02999877929687,237.4123675657014,237.27641357213983,237.43749904632568,236.14082129223416,,,,,,,,,,,,,0.7115609058529914,0.4866731663499593,0.00413039358548517,,,,,,,,,,,,0.7278509883131221,0.7278509883131243,,
7,3,1,237.10000610351562,31,31007,237.11000061035156,237.69375038146973,236.5108240388162,237.78237031228343,-0.6823642087678081,-0.0099945068359375,0.6778019955131356,-0.09861443764964406,-1.2815407803031746,237.10000610351562,237.7723758054475,238.46017230779657,237.6837558746338,236.50082953198026,,,,,,,,,,,,,3.9865624317318975,3.7616746922288655,3.2791319194643913,,,,,,,,,,,,0.797844007417126,0.7978440074171269,,
7,3,1,237.1199951171875,31,31007,237.11000061035156,237.69375038146973,236.5108240388162,237.78237031228343,-0.6623751950959331,0.0099945068359375,0.6977910091850106,-0.07862542397776906,-1.2615517666312996,237.1199951171875,237.79236481911937,238.48016132146844,237.70374488830566,236.52081854565213,,,,,,,,,,,,,-2.77343207510404,-2.998319814607072,-3.480862587371546,,,,,,,,,,,,0.5447235850538448,0.5447235850538481,,
8,3,1,235.77000427246094,31,31008,235.57500457763672,238.07125091552734,236.5108240388162,237.78237031228343,-2.0123660398224956,0.19499969482421875,-1.029700369599169,0.4838802980681294,-1.0765465786430184,235.77000427246094,237.97737000710765,236.75266994268426,238.26625061035156,236.70582373364041,,,,,,,,,,,,,-0.22343665274075863,-0.4483243922437907,-0.9308671650082648,,,,,,,,,,,,1.9134722499098018,1.9134722499098067,,
8,3,1,235.3800048828125,31,31008,235.57500457763672,238.07125091552734,236.5108240388162,237.78237031228343,-2.402365429470933,-0.19499969482421875,-1.4196997592476066,0.09388090841969188,-1.466545968291456,235.3800048828125,237.58737061745921,236.36267055303583,237.87625122070312,236.31582434399198,,,,,,,,,,,,,1.4365670093686163,1.2116792698655843,0.7291364971011102,,,,,,,,,,,,1.7109747676099971,1.7109747676099936,,
9,3,1,235.8000030517578,31,31009,234.98999786376953,237.8162498474121,236.5108240388162,237.78237031228343,-1.9823672605256206,0.8100051879882813,-0.7447005221870597,0.8438847231169575,-0.4615410854789559,235.8000030517578,238.59237550027171,237.03766979009637,238.6262550354004,237.32082922680448,,,,,,,,,,,,,1.2465645679623663,1.0216768284593343,0.5391340556948602,,,,,,,,,,,,1.5309782771314815,1.53097827713148,,
9,3,1,234.17999267578125,31,31009,234.98999786376953,237.8162498474121,236.5108240388162,237.78237031228343,-3.602377636502183,-0.8100051879882813,-2.3647108981636222,-0.776125652859605,-2.0815514614555184,234.17999267578125,236.97236512429515,235.4176594141198,237.00624465942383,235.70081885082791,,,,,,,,,,,,,-0.033434211334508634,-0.2583219508375407,-0.7408647236020148,,,,,,,,,,,,1.067217901154919,1.0672179011549152,,
10,3,1,234.67999267578125,31,31010,234.55999755859375,237.64500045776367,236.5108240388162,237.78237031228343,-3.102377636502183,0.1199951171875,-1.6934615085151847,-0.017374737332261248,-1.1515511562797371,234.67999267578125,237.90236542947093,236.08890880376825,237.76499557495117,236.6308191560037,,,,,,,,,,,,,0.5765663990170539,0.3516786595140218,-0.13086411325045233,,,,,,,,,,,,1.0590973643507198,1.0590973643507176,,
10,3,1,234.44000244140625,31,31010,234.55999755859375,237.64500045776367,236.5108240388162,237.78237031228343,-3.342367870877183,-0.1199951171875,-1.9334517428901847,-0.25736497170726125,-1.3915413906547371,234.44000244140625,237.66237519509593,235.84891856939325,237.52500534057617,236.3908289216287,,,,,,,,,,,,,0.6365639576108039,0.4116762181077718,-0.07086655465670233,,,,,,,,,,,,0.6584769038404659,0.6584769038404631,,
11,3,1,235.05999755859375,31,31011,235.54000091552734,237.69812679290771,236.5108240388162,237.78237031228343,-2.722372753689683,-0.48000335693359375,-1.3665829608467277,-0.564246876309312,-1.751549630400831,235.05999755859375,237.30236695534984,236.4157873514367,237.21812343597412,236.0308206818826,,,,,,,,,,,,,0.5565621265561164,0.3316743870530843,-0.15086838571138983,,,,,,,,,,,,-0.8179229191440243,-0.8179229191440481,,
11,3,1,236.02000427246094,31,31011,235.54000091552734,237.69812679290771,236.5108240388162,237.78237031228343,-1.7623660398224956,0.48000335693359375,-0.4065762469795402,0.39575983755787547,-0.7915429165336434,236.02000427246094,238.26237366921703,237.3757940653039,238.1781301498413,236.9908273957498,,,,,,,,,,,,,0.6565682300717414,0.4316804905687093,-0.05086228219576483,,,,,,,,,,,,-1.3621520252977177,-1.3621520252977195,,
12,3,1,235.63999938964844,31,31012,235.99500274658203,237.7437515258789,236.5108240388162,237.78237031228343,-2.1423709226349956,-0.35500335693359375,-0.8322058627632316,-0.3936221433381206,-1.626549630400831,235.63999938964844,237.42736695534984,236.9501644495202,237.3887481689453,236.1558206818826,,,,,,,,,,,,,0.4865624317318976,0.2616746922288655,-0.22086808053560858,,,,,,,,,,,,-1.4159030171190068,-1.4159030171190055,,
12,3,1,236.35000610351562,31,31012,235.99500274658203,237.7437515258789,236.5108240388162,237.78237031228343,-1.4323642087678081,0.35500335693359375,-0.12219914889604411,0.3163845705290669,-0.9165429165336434,236.35000610351562,238.13737366921703,237.6601711633874,238.0987548828125,236.8658273957498,,,,,,,,,,,,,0.7265679248959601,0.501680185392928,0.01913741262845392,,,,,,,,,,,,-1.6509017201219365,-1.6509017201219336,,
13,3,1,236.35000610351562,31,31013,236.87000274658203,237.79514829710558,236.5108240388162,237.78237031228343,-1.4323642087678081,-0.5199966430664063,-0.17359592012272174,-0.5072186582442555,-1.7915429165336434,236.35000610351562,237.26237366921703,237.6087743921607,237.27515165403918,235.9908273957498,,,,,,,,,,,,,0.30656212655611637,0.08167438705308427,-0.40086838571138983,,,,,,,,,,,,-2.697777673796253,-2.697777673796252,,
13,3,1,237.38999938964844,31,31013,236.87000274658203,237.79514829710558,236.5108240388162,237.78237031228343,-0.3923709226349956,0.5199966430664063,0.8663973660100908,0.532774627888557,-0.7515496304008309,237.38999938964844,238.30236695534984,238.64876767829352,238.315144940172,237.0308206818826,,,,,,,,,,,,,0.9065682300717414,0.6816804905687093,0.19913771780423517,,,,,,,,,,,,-1.6902770252977177,-1.6902770252977182,,
14,3,1,238.10000610351562,31,31014,238.375,238.12437343597412,236.5108240388162,237.78237031228343,0.3176357912321919,-0.274993896484375,1.247178941008741,0.06700922720631297,-1.5465401699516121,238.10000610351562,237.50737641579906,239.02954925329217,237.84937953948975,236.23583014233182,,,,,,,,,,,,,0.4315697559506476,0.20668201644761552,-0.2758607563168586,,,,,,,,,,,,-0.7171534748826787,-0.7171534748826791,,
14,3,1,238.64999389648437,31,31014,238.375,238.12437343597412,236.5108240388162,237.78237031228343,0.8676235842009419,0.274993896484375,1.797166733977491,0.616997020175063,-0.9965523769828621,238.64999389648437,238.0573642087678,239.57953704626092,238.3993673324585,236.78581793530057,,,,,,,,,,,,,0.7815606006772101,0.556672861174178,0.07413008840970392,,,,,,,,,,,,-0.7874448429586494,-0.7874448429586314,,
15,3,1,234.38999938964844,31,31015,236.98500061035156,237.86812686920166,236.5108240388162,237.78237031228343,-3.3923709226349956,-2.595001220703125,-2.2065812060859855,-2.509244663784898,-3.866547494170362,234.38999938964844,235.1873690915803,235.57578910619745,235.27312564849854,233.91582281811307,,,,,,,,,,,,,0.3515679248959601,0.12668018539292802,-0.3558625873715461,,,,,,,,,,,,0.21722610275404008,0.2172261027540372,,
15,3,1,239.5800018310547,31,31015,236.98500061035156,237.86812686920166,236.5108240388162,237.78237031228343,1.7976315187712544,2.595001220703125,2.9834212353202645,2.680757777621352,1.3234549472358879,239.5800018310547,240.37737153298656,240.7657915476037,240.46312808990479,239.10582525951932,,,,,,,,,,,,,0.8615624317318976,0.6366746922288655,0.15413191946439142,,,,,,,,,,,,1.8653498439039424,1.8653498439039402,,
16,3,1,238.64999389648437,31,31016,238.7449951171875,237.70312404632568,236.5108240388162,237.78237031228343,0.8676235842009419,-0.095001220703125,2.2184161236259285,-0.17424748666087453,-1.3665474941703621,238.64999389648437,237.6873690915803,240.00078643590936,237.60812282562256,236.41582281811307,,,,,,,,,,,,,0.7665688404233039,0.5416811009202718,0.05913832815579767,,,,,,,,,,,,1.0134745387281612,1.0134745387281585,,
16,3,1,238.83999633789063,31,31016,238.7449951171875,237.70312404632568,236.5108240388162,237.78237031228343,1.0576260256071919,0.095001220703125,2.4084185650321785,0.01575495474537547,-1.1765450527641121,238.83999633789063,237.87737153298656,240.1907888773156,237.7981252670288,236.60582525951932,,,,,,,,,,,,,0.44656151620455387,0.22167377670152177,-0.26086899606295233,,,,,,,,,,,,0.4159718302931026,0.4159718302931014,,
17,3,1,238.52999877929687,31,31017,239.0449981689453,238.15499877929687,236.5108240388162,237.78237031228343,0.7476284670134419,-0.5149993896484375,1.6465462734672371,-0.14237092263499562,-1.7865456631156746,238.52999877929687,237.267370922635,239.42891658575067,237.63999938964844,235.99582464916776,,,,,,,,,,,,,0.7465645679623664,0.5216768284593343,0.03913405569486017,,,,,,,,,,,,1.0684700755323604,1.0684700755323588,,
17,3,1,239.55999755859375,31,31017,239.0449981689453,238.15499877929687,236.5108240388162,237.78237031228343,1.7776272463103169,0.5149993896484375,2.676545052764112,0.8876278566618794,-0.7565468838187996,239.55999755859375,238.29736970193187,240.45891536504755,238.6699981689453,237.02582342846463,,,,,,,,,,,,,0.46656578866549137,0.24167804916245927,-0.24086472360201483,,,,,,,,,,,,1.0090933589185909,1.0090933589185902,,
18,3,1,238.5399932861328,31,31018,238.4499969482422,237.7574987411499,236.5108240388162,237.78237031228343,0.7576229738493794,0.089996337890625,2.0540408184501473,0.06512476675709422,-1.1815499355766121,238.5399932861328,237.87236665017406,239.83641113073358,237.84749507904053,236.60082037670682,,,,,,,,,,,,,0.6565682300717414,0.4316804905687093,-0.05086228219576483,,,,,,,,,,,,1.6903477458204463,1.690347745820442,,
18,3,1,238.36000061035156,31,31018,238.4499969482422,237.7574987411499,236.5108240388162,237.78237031228343,0.5776302980681294,-0.089996337890625,1.8740481426688973,-0.11486790902415578,-1.3615426113578621,238.36000061035156,237.6923739743928,239.65641845495233,237.66750240325928,236.42082770092557,,,,,,,,,,,,,0.5565621265561164,0.3316743870530843,-0.15086838571138983,,,,,,,,,,,,1.1515913752760127,1.1515913752760116,,
19,3,1,237.97000122070312,31,31019,237.87000274658203,237.78437519073486,236.5108240388162,237.78237031228343,0.18763090841969188,0.09999847412109375,1.4571723034354989,0.10200335257252391,-1.1715477993461434,237.97000122070312,237.88236878640453,239.23954261571893,237.88437366485596,236.6108225129373,,,,,,,,,,,,,0.7815682300717414,0.5566804905687093,0.07413771780423517,,,,,,,,,,,,0.14410121719495805,0.14410121719495572,,
19,3,1,237.77000427246094,31,31019,237.87000274658203,237.78437519073486,236.5108240388162,237.78237031228343,-0.012366039822495623,-0.09999847412109375,1.2571753551933114,-0.09799359566966359,-1.371544747588331,237.77000427246094,237.68237183816234,239.03954566747674,237.68437671661377,236.4108255646951,,,,,,,,,,,,,0.43156212655611637,0.20667438705308427,-0.27586838571138983,,,,,,,,,,,,0.5128489283765987,0.5128489283765958,,
20,3,1,237.32000732421875,31,31020,237.5511888182511,237.97466930539287,236.5108240388162,237.78237031228343,-0.4623629880646831,-0.23118149403234156,0.6168842922931219,-0.03888250092290946,-1.5027277674995787,237.32000732421875,237.5511888182511,238.39925460457656,237.74348781136052,236.27964254478385,,,,,,,,,,,,,0.4565636524350226,0.23167591293199052,-0.2508668598324836,,,,,,,,,,,,0.4278479365553096,0.4278479365553074,,
20,3,1,237.7823703122834,31,31020,237.5511888182511,237.97466930539287,236.5108240388162,237.78237031228343,-0.00000000000002842170943040401,0.23118149403231314,1.0792472803577766,0.42348048714174524,-1.040364779434924,237.7823703122834,238.01355180631575,238.8616175926412,238.20585079942518,236.7420055328485,,,,,,,,,,,,,0.7565667041928351,0.531678964689803,0.04913619192532892,,,,,,,,,,,,1.544099882050915,1.5440998820509146,,
21,3,1,236.8300018310547,31,31021,236.63500213623047,237.85500049591064,236.5108240388162,237.78237031228343,-0.9523684812287456,0.19499969482421875,0.2465476086112801,0.26762987845143016,-1.0765465786430184,236.8300018310547,237.97737000710765,238.0289179208947,238.05000019073486,236.70582373364041,,,,,,,,,,,,,0.7665612110287726,0.5416734715257405,0.05913069876126642,,,,,,,,,,,,1.6466017512525752,1.6466017512525735,,
21,3,1,236.44000244140625,31,31021,236.63500213623047,237.85500049591064,236.5108240388162,237.78237031228343,-1.3423678708771831,-0.19499969482421875,-0.1434517810371574,-0.12236951119700734,-1.466545968291456,236.44000244140625,237.58737061745921,237.63891853124628,237.66000080108643,236.31582434399198,,,,,,,,,,,,,0.4465691455990851,0.22168140609605302,-0.2608613666684211,,,,,,,,,,,,0.6390953807081417,0.6390953807081421,,
22,3,1,237.19000244140625,31,31022,235.78500366210937,237.86187553405762,236.5108240388162,237.78237031228343,-0.5923678708771831,1.404998779296875,0.59967318081587,1.484504001071059,0.13345250582963786,237.19000244140625,239.1873690915803,238.3820434930993,239.2668743133545,237.91582281811307,,,,,,,,,,,,,0.8715645679623664,0.6466768284593343,0.16413405569486017,,,,,,,,,,,,-0.40828592123945384,-0.40828592123942775,,
22,3,1,234.3800048828125,31,31022,235.78500366210937,237.86187553405762,236.5108240388162,237.78237031228343,-3.402365429470933,-1.404998779296875,-2.21032437777788,-1.325493557522691,-2.676545052764112,234.3800048828125,236.37737153298656,235.57204593450555,236.45687675476074,235.10582525951932,,,,,,,,,,,,,0.34156578866549137,0.11667804916245927,-0.36586472360201483,,,,,,,,,,,,-1.8921498509202763,-1.8921498509202757,,
23,3,1,235.27999877929687,31,31023,235.1699981689453,237.78375053405762,236.5108240388162,237.78237031228343,-2.502371532986558,0.1100006103515625,-1.232205481293505,0.11138083212574656,-1.1615456631156746,235.27999877929687,237.892370922635,236.55016483098993,237.89375114440918,236.62082464916776,,,,,,,,,,,,,0.5565697559506476,0.3316820164476155,-0.15086075631685858,,,,,,,,,,,,-1.2621554585252568,-1.262155458525257,,
23,3,1,235.05999755859375,31,31023,235.1699981689453,237.78375053405762,236.5108240388162,237.78237031228343,-2.722372753689683,-0.1100006103515625,-1.45220670199663,-0.10862038857737844,-1.3815468838187996,235.05999755859375,237.67236970193187,236.3301636102868,237.67374992370605,236.40082342846463,,,,,,,,,,,,,0.6565606006772101,0.431672861174178,-0.05086991159029608,,,,,,,,,,,,-1.2921542378221318,-1.2921542378221327,,
24,3,1,232.97000122070312,31,31024,233.8300018310547,237.52624988555908,236.5108240388162,237.78237031228343,-4.812369091580308,-0.8600006103515625,-3.28470239138872,-1.1161210370759136,-2.1315468838187996,232.97000122070312,236.92236970193187,234.4976679208947,236.66624927520752,235.65082342846463,,,,,,,,,,,,,0.46156090585299137,0.23667316634995927,-0.24586960641451483,,,,,,,,,,,,-1.3740300389085576,-1.374030038908557,,
24,3,1,234.69000244140625,31,31024,233.8300018310547,237.52624988555908,236.5108240388162,237.78237031228343,-3.092367870877183,0.8600006103515625,-1.5647011706855949,0.6038801836272114,-0.41154566311567464,234.69000244140625,238.642370922635,236.21766914159784,238.38625049591064,237.37082464916776,,,,,,,,,,,,,0.7515694507748664,0.5266817112718343,0.04413893850736017,,,,,,,,,,,,-1.5477780552659794,-1.5477780552659808,,
25,3,1,234.66000366210937,31,31025,235.16000366210937,237.69375133514404,236.5108240388162,237.78237031228343,-3.122366650174058,-0.5,-1.7622013995674308,-0.5886189771393902,-1.7715462734672371,234.66000366210937,237.28237031228343,236.020168912716,237.19375133514404,236.0108240388162,,,,,,,,,,,,,1.196569145599085,0.971681406096053,0.4891386333315789,,,,,,,,,,,,-1.2459029408250615,-1.2459029408250615,,
25,3,1,235.66000366210937,31,31025,235.16000366210937,237.69375133514404,236.5108240388162,237.78237031228343,-2.122366650174058,0.5,-0.7622013995674308,0.41138102286060985,-0.7715462734672371,235.66000366210937,238.28237031228343,237.020168912716,238.19375133514404,237.0108240388162,,,,,,,,,,,,,0.016561211028772616,-0.20832652847425948,-0.6908693012387336,,,,,,,,,,,,-0.8405759464742744,-0.8405759464742584,,
26,3,1,236.41000366210937,31,31026,235.81500244140625,237.7831268310547,236.5108240388162,237.78237031228343,-1.3723666501740581,0.595001220703125,-0.10157689547807536,0.5957577394743794,-0.6765450527641121,236.41000366210937,238.37737153298656,237.68079341680536,238.3781280517578,237.10582525951932,,,,,,,,,,,,,0.22656792489596012,0.0016801853929280242,-0.4808625873715461,,,,,,,,,,,,-1.4821528645311162,-1.4821528645311175,,
26,3,1,235.22000122070312,31,31026,235.81500244140625,237.7831268310547,236.5108240388162,237.78237031228343,-2.562369091580308,-0.595001220703125,-1.2915793368843254,-0.5942447019318706,-1.8665474941703621,235.22000122070312,237.1873690915803,236.4907909753991,237.18812561035156,235.91582281811307,,,,,,,,,,,,,0.9865624317318976,0.7616746922288655,0.2791319194643914,,,,,,,,,,,,-1.07403366287096,-1.0740336628709641,,
27,3,1,236.83999633789062,31,31027,237.01499938964844,237.79687213897705,236.5108240388162,237.78237031228343,-0.9423739743928081,-0.1750030517578125,0.31467047238081136,-0.16050122506419484,-1.4465493252250496,236.83999633789062,237.60736726052562,238.09704078466424,237.62186908721924,236.33582098705838,,,,,,,,,,,,,1.1665627369076788,0.9416749974046468,0.45913222464017267,,,,,,,,,,,,-1.6596459599290654,-1.6596459599290652,,
27,3,1,237.19000244140625,31,31027,237.01499938964844,237.79687213897705,236.5108240388162,237.78237031228343,-0.5923678708771831,0.1750030517578125,0.6646765758964364,0.18950487845143016,-1.0965432217094246,237.19000244140625,237.95737336404125,238.44704688817987,237.97187519073486,236.685827090574,,,,,,,,,,,,,0.046567619720178866,-0.17832011978285323,-0.6608628925473273,,,,,,,,,,,,-1.5465277882371709,-1.5465277882371697,,
28,3,1,234.55999755859375,31,31028,234.87999725341797,237.70562362670898,236.5108240388162,237.78237031228343,-3.222372753689683,-0.31999969482421875,-1.8740797946479972,-0.3967463803986675,-1.591545968291456,234.55999755859375,237.46237061745921,235.90829051763544,237.38562393188477,236.19082434399198,,,,,,,,,,,,,0.6765648731381476,0.4516771336351155,-0.03086563912935858,,,,,,,,,,,,-0.609652444914417,-0.6096524449144176,,
28,3,1,235.1999969482422,31,31028,234.87999725341797,237.70562362670898,236.5108240388162,237.78237031228343,-2.5823733640412456,0.31999969482421875,-1.2340804049995597,0.24325300924977,-0.9515465786430184,235.1999969482422,238.10237000710765,236.54828990728387,238.0256233215332,236.83082373364041,,,,,,,,,,,,,0.5365654834897101,0.311677743986678,-0.17086502877779608,,,,,,,,,,,,-0.767778322294788,-0.7677783222947889,,
29,3,1,235.5500030517578,31,31029,236.14500427246094,237.80312538146973,236.5108240388162,237.78237031228343,-2.2323672605256206,-0.595001220703125,-0.9815760562446769,-0.5742461515168316,-1.8665474941703621,235.5500030517578,237.1873690915803,236.80079425603876,237.2081241607666,235.91582281811307,,,,,,,,,,,,,0.7615639576108039,0.5366762181077718,0.05413344534329767,,,,,,,,,,,,-1.3277787419114873,-1.3277787419114877,,
29,3,1,236.74000549316406,31,31029,236.14500427246094,237.80312538146973,236.5108240388162,237.78237031228343,-1.0423648191193706,0.595001220703125,0.20842638516157308,0.6157562898894184,-0.6765450527641121,236.74000549316406,238.37737153298656,237.990796697445,238.39812660217285,237.10582525951932,,,,,,,,,,,,,0.45156639901705387,0.22667865951402177,-0.25586411325045233,,,,,,,,,,,,0.4681106592523889,0.46811065925241313,,
30,3,1,234.77000427246094,31,31030,234.78500366210937,237.6043758392334,236.5108240388162,237.78237031228343,-3.0123660398224956,-0.0149993896484375,-1.5628252933052238,-0.19299386269847219,-1.2865456631156746,234.77000427246094,237.767370922635,236.2195450189782,237.58937644958496,236.49582464916776,,,,,,,,,,,,,1.22156304208346,0.996675302580428,0.5141325298159539,,,,,,,,,,,,,,,
30,3,1,234.8000030517578,31,31030,234.78500366210937,237.6043758392334,236.5108240388162,237.78237031228343,-2.9823672605256206,0.0149993896484375,-1.5328265140083488,-0.16299508340159719,-1.2565468838187996,234.8000030517578,237.79736970193187,236.24954379827508,237.61937522888184,236.52582342846463,,,,,,,,,,,,,-0.008432685455602385,-0.23332042495863448,-0.7158631977231086,,,,,,,,,,,,,,,
31,3,1,235.4499969482422,31,31031,235.37999725341797,237.66437530517578,236.5108240388162,237.78237031228343,-2.3323733640412456,0.06999969482421875,-0.9428320834663566,-0.04799531228343312,-1.2015465786430184,235.4499969482422,237.85237000710765,236.83953822881708,237.734375,236.58082373364041,,,,,,,,,,,,,0.7715584644467414,0.5466707249437093,0.06412795217923517,,,,,,,,,,,,,,,
31,3,1,235.30999755859375,31,31031,235.37999725341797,237.66437530517578,236.5108240388162,237.78237031228343,-2.472372753689683,-0.06999969482421875,-1.082831473114794,-0.18799470193187062,-1.341545968291456,235.30999755859375,237.71237061745921,236.69953883916864,237.59437561035156,236.44082434399198,,,,,,,,,,,,,0.44157189218111637,0.21668415267808427,-0.26585862008638983,,,,,,,,,,,,,,,
32,3,1,236.02999877929687,31,31032,236.1999969482422,237.8681230545044,236.5108240388162,237.78237031228343,-1.7523715329865581,-0.1699981689453125,-0.5665780017402824,-0.08424542672435109,-1.4415444424125496,236.02999877929687,237.61237214333812,237.21579231054315,237.69812488555908,236.34082586987088,,,,,,,,,,,,,0.12156456796236637,-0.10332317154066573,-0.5858659443051398,,,,,,,,,,,,,,,
32,3,1,236.3699951171875,31,31032,236.1999969482422,237.8681230545044,236.5108240388162,237.78237031228343,-1.4123751950959331,0.1699981689453125,-0.2265816638496574,0.2557509111662739,-1.1015481045219246,236.3699951171875,237.95236848122875,237.55578864843378,238.0381212234497,236.6808222077615,,,,,,,,,,,,,1.0915657886654913,0.8666780491624593,0.38413527639798517,,,,,,,,,,,,,,,
33,3,1,231.13999938964844,31,31033,234.30999755859375,237.74562454223633,236.5108240388162,237.78237031228343,-6.642370922634996,-3.1699981689453125,-5.3340788791206535,-3.2067439389924175,-4.44154444241255,231.13999938964844,234.61237214333812,232.44829143316278,234.57562637329102,233.34082586987088,,,,,,,,,,,,,0.9115654834897101,0.686677743986678,0.20413497122220392,,,,,,,,,,,,,,,
33,3,1,237.47999572753906,31,31033,234.30999755859375,237.74562454223633,236.5108240388162,237.78237031228343,-0.3023745847443706,3.1699981689453125,1.0059174587699715,3.1332523988982075,1.8984518954780754,237.47999572753906,240.95236848122875,238.7882877710534,240.91562271118164,239.6808222077615,,,,,,,,,,,,,0.3015648731381476,0.07667713363511552,-0.4058656391293586,,,,,,,,,,,,,,,
34,3,1,235.42999267578125,31,31034,235.26499938964844,237.6381254196167,236.5108240388162,237.78237031228343,-2.352377636502183,0.1649932861328125,-0.9365864703682121,0.020748393466078596,-1.1065529873344246,235.42999267578125,237.94736359841625,236.84578384191522,237.8031187057495,236.675817324949,,,,,,,,,,,,,0.18655937997408512,-0.038328359528946976,-0.5208711322934211,,,,,,,,,,,,,,,
34,3,1,235.10000610351562,31,31034,235.26499938964844,237.6381254196167,236.5108240388162,237.78237031228343,-2.682364208767808,-0.1649932861328125,-1.266573042633837,-0.3092381787995464,-1.4365395596000496,235.10000610351562,237.61737702615062,236.5157972696496,237.4731321334839,236.34583075268338,,,,,,,,,,,,,1.0265709766537725,0.8016832371507405,0.3191404643862664,,,,,,,,,,,,,,,
35,3,1,235.08999633789062,31,31035,236.45999908447266,237.66669584499115,236.5108240388162,237.78237031228343,-2.692373974392808,-1.3700027465820313,-1.3051532336332912,-1.485677213874311,-2.6415490200492684,235.08999633789062,236.4123675657014,236.47721707865014,236.29669309840912,235.14082129223416,,,,,,,,,,,,,0.2627497241040545,0.037861984601022414,-0.4446807881634517,,,,,,,,,,,,,,,
35,3,1,237.8300018310547,31,31035,236.45999908447266,237.66669584499115,236.5108240388162,237.78237031228343,0.04763151877125438,1.3700027465820313,1.4348522595307713,1.2543282792897514,0.09845647311479411,237.8300018310547,239.15237305886546,239.2172225718142,239.03669859157318,237.88082678539823,,,,,,,,,,,,,0.9503806325237748,0.7254928930207427,0.2429501202562686,,,,,,,,,,,,,,,
36,3,1,238.61000061035156,31,31036,238.34000396728516,237.74437522888184,236.5108240388162,237.78237031228343,0.8276302980681294,0.26999664306640625,2.1371716549369637,0.23200155966480906,-1.001549630400831,238.61000061035156,238.05236695534984,239.9195419672204,238.01437187194824,236.7808206818826,,,,,,,,,,,,,0.4165703663022101,0.19168262679917802,-0.2908601459652961,,,,,,,,,,,,,,,
36,3,1,238.07000732421875,31,31036,238.34000396728516,237.74437522888184,236.5108240388162,237.78237031228343,0.2876370119353169,-0.26999664306640625,1.5971783688041512,-0.30799172646800344,-1.5415429165336434,238.07000732421875,237.51237366921703,239.37954868108758,237.47437858581543,236.2408273957498,,,,,,,,,,,,,0.7965599903256476,0.5716722508226155,0.08912947805814142,,,,,,,,,,,,,,,
37,3,1,236.7100067138672,31,31037,237.17000579833984,237.6393747329712,236.5108240388162,237.78237031228343,-1.0723635984162456,-0.45999908447265625,0.34217825436323324,-0.602994663784898,-1.7315453579398934,236.7100067138672,237.32237122781078,238.12454856664667,237.17937564849854,236.05082495434354,,,,,,,,,,,,,0.5865685352475226,0.3616807957444905,-0.12086197701998358,,,,,,,,,,,,,,,
37,3,1,237.6300048828125,31,31037,237.17000579833984,237.6393747329712,236.5108240388162,237.78237031228343,-0.15236542947093312,0.45999908447265625,1.2621764233085457,0.31700350516041453,-0.8115471889945809,237.6300048828125,238.2423693967561,239.04454673559198,238.09937381744385,236.97082312328885,,,,,,,,,,,,,0.6265618213803351,0.401674081877303,-0.08086869088717108,,,,,,,,,,,,,,,
38,3,1,237.8300018310547,31,31038,237.25499725341797,237.9143762588501,236.5108240388162,237.78237031228343,0.04763151877125438,0.5750045776367188,1.187171845671827,0.7070105242033833,-0.6965416958305184,237.8300018310547,238.35737488992015,238.96954215795526,238.48938083648682,237.08582861645291,,,,,,,,,,,,,0.8565651783139289,0.6316774388108968,0.14913466604642267,,,,,,,,,,,,,,,
38,3,1,236.67999267578125,31,31038,237.25499725341797,237.9143762588501,236.5108240388162,237.78237031228343,-1.1023776365021831,-0.5750045776367188,0.037162690398389486,-0.4429986310700542,-1.846550851103956,236.67999267578125,237.20736573464671,237.81953300268182,237.33937168121338,235.93581946117948,,,,,,,,,,,,,0.35656517831392887,0.13167743881089677,-0.35086533395357733,,,,,,,,,,,,,,,
39,3,1,236.7100067138672,31,31039,237.56999969482422,238.16625022888184,236.5108240388162,237.78237031228343,-1.0723635984162456,-0.8599929809570313,-0.1846972415474113,-0.47611306435862844,-2.1315392544242684,236.7100067138672,236.9223773313264,237.59767307073602,237.3062572479248,235.65083105785916,,,,,,,,,,,,,1.7065636524350225,1.4816759129319905,0.9991331401675164,,,,,,,,,,,,,,,
39,3,1,238.42999267578125,31,31039,237.56999969482422,238.16625022888184,236.5108240388162,237.78237031228343,0.6476223634978169,0.8599929809570313,1.5352887203666512,1.243872897555434,-0.4115532925102059,238.42999267578125,238.64236329324046,239.31765903265008,239.02624320983887,237.37081701977323,,,,,,,,,,,,,-0.493433295807165,-0.7183210353101971,-1.2008638080746712,,,,,,,,,,,,,,,
40,3,1,237.99000549316406,31,31040,237.88999938964844,237.60000038146973,236.5108240388162,237.78237031228343,0.20763518088062938,0.100006103515625,1.661551385161573,-0.08236382729808156,-1.1715401699516121,237.99000549316406,237.88237641579906,239.443921697445,237.70000648498535,236.61083014233182,,,,,,,,,,,,,0.18656700936861637,-0.038320730134415726,-0.5208635028988898,,,,,,,,,,,,,,,
40,3,1,237.7899932861328,31,31040,237.88999938964844,237.60000038146973,236.5108240388162,237.78237031228343,0.0076229738493793775,-0.100006103515625,1.461539178130323,-0.28237603432933156,-1.3715523769828621,237.7899932861328,237.6823642087678,239.24390949041376,237.4999942779541,236.41081793530057,,,,,,,,,,,,,1.0265633472592413,0.8016756077562093,0.31913283499173517,,,,,,,,,,,,,,,
41,3,1,237.99000549316406,31,31041,237.69499969482422,237.68812465667725,236.5108240388162,237.78237031228343,0.20763518088062938,0.29500579833984375,1.5734271099540535,0.20076014273365672,-0.9765404751273934,237.99000549316406,238.07737611062328,239.3557974222375,237.9831304550171,236.80582983715604,,,,,,,,,,,,,1.0615670093686163,0.8366792698655843,0.35413649710111017,,,,,,,,,,,,,,,
41,3,1,237.39999389648437,31,31041,237.69499969482422,237.68812465667725,236.5108240388162,237.78237031228343,-0.3823764157990581,-0.29500579833984375,0.983415513274366,-0.3892514539460308,-1.566552071807081,237.39999389648437,237.4873645139436,238.7657858255578,237.3931188583374,236.21581824047635,,,,,,,,,,,,,0.15156334725924137,-0.07332439224379073,-0.5558671650082648,,,,,,,,,,,,,,,
42,3,1,237.6699981689453,31,31042,237.4199981689453,237.74279674679912,236.5108240388162,237.78237031228343,-0.11237214333812062,0.25,1.1987476956134344,0.2104264345156821,-1.0215462734672371,237.6699981689453,238.03237031228343,238.98111800789687,237.99279674679912,236.7608240388162,,,,,,,,,,,,,0.44538337910580605,0.22049563960277396,-0.26204713316170014,,,,,,,,,,,,,,,
42,3,1,237.1699981689453,31,31042,237.4199981689453,237.74279674679912,236.5108240388162,237.78237031228343,-0.6123721433381206,-0.25,0.6987476956134344,-0.2895735654843179,-1.5215462734672371,237.1699981689453,237.53237031228343,238.48111800789687,237.49279674679912,236.2608240388162,,,,,,,,,,,,,0.7677469775220233,0.5428592380189912,0.06031646525451706,,,,,,,,,,,,,,,
43,3,1,237.60000610351562,31,31043,237.61000061035156,237.8493776321411,236.5108240388162,237.78237031228343,-0.18236420876780812,-0.0099945068359375,1.0221747448417489,0.05701281302174266,-1.2815407803031746,237.60000610351562,237.7723758054475,238.80454505712518,237.83938312530518,236.50082953198026,,,,,,,,,,,,,0.7565667041928351,0.531678964689803,0.04913619192532892,,,,,,,,,,,,,,,
43,3,1,237.6199951171875,31,31043,237.61000061035156,237.8493776321411,236.5108240388162,237.78237031228343,-0.16237519509593312,0.0099945068359375,1.0421637585136239,0.07700182669361766,-1.2615517666312996,237.6199951171875,237.79236481911937,238.82453407079706,237.85937213897705,236.52081854565213,,,,,,,,,,,,,0.4565636524350226,0.23167591293199052,-0.2508668598324836,,,,,,,,,,,,,,,
44,3,1,237.63999938964844,31,31044,238.25499725341797,237.91624927520752,236.5108240388162,237.78237031228343,-0.14237092263499562,-0.6149978637695313,0.9952963879081551,-0.48111890084544484,-1.8865441372367684,237.63999938964844,237.1673724485139,238.7776667001916,237.301251411438,235.89582617504666,,,,,,,,,,,,,0.12156456796236637,-0.10332317154066573,-0.5858659443051398,,,,,,,,,,,,,,,
44,3,1,238.8699951171875,31,31044,238.25499725341797,237.91624927520752,236.5108240388162,237.78237031228343,1.0876248049040669,0.6149978637695313,2.2252921154472176,0.7488768266936177,-0.6565484096977059,238.8699951171875,238.39736817605296,240.00766242773065,238.53124713897705,237.12582190258573,,,,,,,,,,,,,1.0915657886654913,0.8666780491624593,0.38413527639798517,,,,,,,,,,,,,,,
45,3,1,237.5,31,31045,237.69499969482422,237.68687438964844,236.5108240388162,237.78237031228343,-0.2823703122834331,-0.19499969482421875,1.0846718838187996,-0.2904956174592144,-1.466545968291456,237.5,237.58737061745921,238.86704219610223,237.49187469482422,236.31582434399198,,,,,,,,,,,,,1.1315590747983038,0.9066713352952718,0.42412856253079767,,,,,,,,,,,,,,,
45,3,1,237.88999938964844,31,31045,237.69499969482422,237.68687438964844,236.5108240388162,237.78237031228343,0.10762907736500438,0.19499969482421875,1.4746712734672371,0.09950377218922313,-1.0765465786430184,237.88999938964844,237.97737000710765,239.25704158575067,237.88187408447266,236.70582373364041,,,,,,,,,,,,,0.08157128182955387,-0.14331645767347823,-0.6258592304379523,,,,,,,,,,,,,,,
46,3,1,238.33999633789062,31,31046,238.15499877929687,237.79374980926514,236.5108240388162,237.78237031228343,0.5576260256071919,0.18499755859375,1.8177928020927254,0.1963770555754536,-1.0865487148734871,238.33999633789062,237.96736787087718,239.60016311437616,237.9787473678589,236.69582159740995,,,,,,,,,,,,,0.9215676197201789,0.6966798802171468,0.21413710745267267,,,,,,,,,,,,,,,
46,3,1,237.97000122070312,31,31046,238.15499877929687,237.79374980926514,236.5108240388162,237.78237031228343,0.18763090841969188,-0.18499755859375,1.4477976849052254,-0.1736180616120464,-1.4565438320609871,237.97000122070312,237.59737275368968,239.23016799718866,237.6087522506714,236.32582648022245,,,,,,,,,,,,,0.29156273690767887,0.06667499740464677,-0.41586777535982733,,,,,,,,,,,,,,,
47,3,1,231.6300048828125,31,31047,234.5800018310547,237.3268756866455,236.5108240388162,237.78237031228343,-6.152365429470933,-2.9499969482421875,-4.425324530365771,-3.405491573880113,-4.221543221709425,231.6300048828125,234.83237336404125,233.35704578191766,234.37687873840332,233.560827090574,,,,,,,,,,,,,0.09657067147799137,-0.12831706802504073,-0.6108598407895148,,,,,,,,,,,,,,,
47,3,1,237.52999877929687,31,31047,234.5800018310547,237.3268756866455,236.5108240388162,237.78237031228343,-0.2523715329865581,2.9499969482421875,1.4746693661186043,2.494502322604262,1.6784506747749504,237.52999877929687,240.73236726052562,239.25703967840204,240.2768726348877,239.46082098705838,,,,,,,,,,,,,1.1165596851498663,0.8916719456468343,0.40912917288236017,,,,,,,,,,,,,,,
48,3,1,237.35000610351562,31,31048,237.3000030517578,237.79000186920166,236.5108240388162,237.78237031228343,-0.4323642087678081,0.0500030517578125,0.831550507781202,0.057634608676039534,-1.2215432217094246,237.35000610351562,237.83237336404125,238.61392082006464,237.84000492095947,236.560827090574,,,,,,,,,,,,,1.0515648731381475,0.8266771336351155,0.3441343608706414,,,,,,,,,,,,,,,
48,3,1,237.25,31,31048,237.3000030517578,237.79000186920166,236.5108240388162,237.78237031228343,-0.5323703122834331,-0.0500030517578125,0.731544404265577,-0.042371494839585466,-1.3215493252250496,237.25,237.73236726052562,238.513914716549,237.73999881744385,236.46082098705838,,,,,,,,,,,,,0.16156548348971012,-0.06332225601332198,-0.5458650287777961,,,,,,,,,,,,,,,
49,3,1,237.25,31,31049,237.86000061035156,238.10499954223633,236.5108240388162,237.78237031228343,-0.5323703122834331,-0.6100006103515625,0.416546731230909,-0.2873713803986675,-1.8815468838187996,237.25,237.17236970193187,238.19891704351434,237.49499893188477,235.90082342846463,,,,,,,,,,,,,-0.023439704498571134,-0.24832744400160323,-0.7308702167660773,,,,,,,,,,,,,,,
49,3,1,238.47000122070312,31,31049,237.86000061035156,238.10499954223633,236.5108240388162,237.78237031228343,0.6876309084196919,0.6100006103515625,1.636547951934034,0.9326298403044575,-0.6615456631156746,238.47000122070312,238.392370922635,239.41891826421747,238.7150001525879,237.12082464916776,,,,,,,,,,,,,1.2365700611264288,1.0116823216233968,0.5291395488589227,,,,,,,,,,,,,,,
50,3,1,237.4199981689453,31,31050,237.36499786376953,238.1152962127415,236.5108240388162,237.78237031228343,-0.3623721433381206,0.05500030517578125,0.5762482296710516,0.38792620563384617,-1.216545968291456,237.4199981689453,237.83737061745921,238.35861854195448,238.17029651791728,236.56582434399198,,,,,,,,,,,,,0.5715691455990851,0.346681406096053,-0.13586136666842108,,,,,,,,,,,,,,,
50,3,1,237.30999755859375,31,31050,237.36499786376953,238.1152962127415,236.5108240388162,237.78237031228343,-0.4723727536896831,-0.05500030517578125,0.4662476193194891,0.27792559528228367,-1.3265465786430184,237.30999755859375,237.72737000710765,238.24861793160292,238.06029590756572,236.45582373364041,,,,,,,,,,,,,0.6415612110287726,0.4166734715257405,-0.06586930123873358,,,,,,,,,,,,,,,
1,3,2,232.3000030517578,32,32001,235.98999786376953,237.54937362670898,236.97524732079648,237.78237031228343,-5.482367260525621,-3.6899948120117187,-4.442247583464223,-3.9229914975861675,-4.497117803498668,232.3000030517578,234.09237550027171,233.3401227288192,233.85937881469727,233.28525250878477,,,,,,,,,,,,,0.9105072543648025,0.9166811009202719,0.9164998104545256,,,,,,,,,,,,,,,
1,3,2,239.67999267578125,32,32001,235.98999786376953,237.54937362670898,236.97524732079648,237.78237031228343,1.8976223634978169,3.6899948120117187,2.9377420405592147,3.45699812643727,2.8828718205247696,239.67999267578125,241.47236512429515,240.72011235284265,241.2393684387207,240.6652421328082,,,,,,,,,,,,,-0.15950006985394755,-0.15332622329847811,-0.1535075137642244,,,,,,,,,,,,,,,
2,3,2,237.22000122070312,32,32002,237.52000427246094,237.46264879301626,236.97524732079648,237.78237031228343,-0.5623690915803081,-0.3000030517578125,0.5644754191738173,-0.6197245710249888,-1.1071260432447616,237.22000122070312,237.48236726052562,238.34684573145725,237.16264574125844,236.67524426903867,,,,,,,,,,,,,0.4104996249702712,0.41667347152574064,0.4164921810599943,,,,,,,,,,,,,,,
2,3,2,237.82000732421875,32,32002,237.52000427246094,237.46264879301626,236.97524732079648,237.78237031228343,0.03763701193531688,0.3000030517578125,1.1644815226894423,-0.01971846750936379,-0.5071199397291366,237.82000732421875,238.08237336404125,238.94685183497288,237.76265184477407,237.2752503725543,,,,,,,,,,,,,0.3405075595405837,0.34668140609605314,0.3465001156303068,,,,,,,,,,,,,,,
3,3,2,238.64999389648437,32,32003,238.80999755859375,238.0143756866455,236.97524732079648,237.78237031228343,0.8676235842009419,-0.160003662109375,1.4427412013258163,0.07200171225269969,-0.9671266535963241,238.64999389648437,237.62236665017406,239.22511151360925,237.85437202453613,236.8152436586871,,,,,,,,,,,,,0.050499014618708704,0.056672861174178135,0.05649157070843186,,,,,,,,,,,,,,,
3,3,2,238.97000122070312,32,32003,238.80999755859375,238.0143756866455,236.97524732079648,237.78237031228343,1.1876309084196919,0.160003662109375,1.7627485255445663,0.3920090364714497,-0.6471193293775741,238.97000122070312,237.9423739743928,239.545118837828,238.17437934875488,237.13525098290586,,,,,,,,,,,,,0.7005081698921463,0.7066820164476156,0.7065007259818693,,,,,,,,,,,,,,,
4,3,2,237.64999389648437,32,32004,237.77999877929687,237.57937622070312,236.97524732079648,237.78237031228343,-0.13237641579905812,-0.1300048828125,0.8777406672681991,-0.3329989743928081,-0.9371278742994491,237.64999389648437,237.65236542947093,238.66011097955163,237.44937133789062,236.84524243798398,,,,,,,,,,,,,0.640502981903865,0.6466768284593344,0.646495537993588,,,,,,,,,,,,,,,
4,3,2,237.91000366210937,32,32004,237.77999877929687,237.57937622070312,236.97524732079648,237.78237031228343,0.12763334982594188,0.1300048828125,1.137750432893199,-0.07298920876780812,-0.6771181086744491,237.91000366210937,237.91237519509593,238.92012074517663,237.70938110351562,237.10525220360898,,,,,,,,,,,,,0.11050420260698995,0.11667804916245939,0.11649675869671311,,,,,,,,,,,,,,,
5,3,2,237.8000030517578,32,32005,237.91000366210937,237.79937648773193,236.97524732079648,237.78237031228343,0.017632739474379377,-0.1100006103515625,0.807749555512828,-0.09299443490306203,-0.9171236018385116,237.8000030517578,237.67236970193187,238.59011986779626,237.68937587738037,236.86524671044492,,,,,,,,,,,,,0.5605011508491775,0.5666749974046469,0.5664937069389006,,,,,,,,,,,,,,,
5,3,2,238.02000427246094,32,32005,237.91000366210937,237.79937648773193,236.97524732079648,237.78237031228343,0.23763396017750438,0.1100006103515625,1.027750776215953,0.12700678580006297,-0.6971223811353866,238.02000427246094,237.892370922635,238.8101210884994,237.9093770980835,237.08524793114805,,,,,,,,,,,,,0.19050603366167745,0.19667988021714689,0.19649858975140055,,,,,,,,,,,,,,,
6,3,2,237.22000122070312,32,32006,237.54000091552734,237.80750179290771,236.97524732079648,237.78237031228343,-0.5623690915803081,-0.31999969482421875,0.21962241928235926,-0.29486821419993703,-1.1271226863111679,237.22000122070312,237.46237061745921,238.0019927315658,237.4875020980835,236.65524762597227,,,,,,,,,,,,,0.3805008456733962,0.38667469222886564,0.3864934017631193,,,,,,,,,,,,,,,
6,3,2,237.86000061035156,32,32006,237.54000091552734,237.80750179290771,236.97524732079648,237.78237031228343,0.07763029806812938,0.31999969482421875,0.8596218089307968,0.34513117544850047,-0.48712329666273035,237.86000061035156,238.10237000710765,238.64199212121423,238.12750148773193,237.2952470156207,,,,,,,,,,,,,0.3705063388374587,0.37668018539292814,0.3764988949271818,,,,,,,,,,,,,,,
7,3,2,238.33999633789062,32,32007,239.19499969482422,237.69375038146973,236.97524732079648,237.78237031228343,0.5576260256071919,-0.8550033569335938,1.4533689479078475,-0.9436232877473003,-1.6621263484205429,238.33999633789062,236.92736695534984,239.23573926019128,236.83874702453613,236.1202439638629,,,,,,,,,,,,,-0.014495797393010046,-0.008321950837540615,-0.00850324130328689,,,,,,,,,,,,,,,
7,3,2,240.0500030517578,32,32007,239.19499969482422,237.69375038146973,236.97524732079648,237.78237031228343,2.2676327394743794,0.8550033569335938,3.163375661775035,0.7663834261198872,0.047880365446644646,240.0500030517578,238.63737366921703,240.94574597405847,238.54875373840332,237.83025067773008,,,,,,,,,,,,,0.765502981903865,0.7716768284593344,0.771495537993588,,,,,,,,,,,,,,,
8,3,2,239.4199981689453,32,32008,238.84500122070312,238.07125091552734,236.97524732079648,237.78237031228343,1.6376278566618794,0.5749969482421875,2.155870244904918,0.8638775514860981,-0.2321260432447616,239.4199981689453,238.35736726052562,239.93824055718835,238.64624786376953,237.55024426903867,,,,,,,,,,,,,0.7555084750679275,0.7616823216233969,0.7615010311576506,,,,,,,,,,,,,,,
8,3,2,238.27000427246094,32,32008,238.84500122070312,238.07125091552734,236.97524732079648,237.78237031228343,0.4876339601775044,-0.5749969482421875,1.0058763484205429,-0.2861163449982769,-1.3821199397291366,238.27000427246094,237.20737336404125,238.78824666070398,237.49625396728516,236.4002503725543,,,,,,,,,,,,,-0.004501290557072546,0.0016725559983968852,0.0014912655326506097,,,,,,,,,,,,,,,
9,3,2,238.5399932861328,32,32009,238.81499481201172,237.8162498474121,236.97524732079648,237.78237031228343,0.7576229738493794,-0.27500152587890625,1.5308664302076522,-0.24112199075023,-1.0821245173658554,238.5399932861328,237.50736878640453,239.31323674249109,237.5412483215332,236.70024579491758,,,,,,,,,,,,,0.36050420260698995,0.3666780491624594,0.36649675869671305,,,,,,,,,,,,,,,
9,3,2,239.08999633789063,32,32009,238.81499481201172,237.8162498474121,236.97524732079648,237.78237031228343,1.3076260256071919,0.27500152587890625,2.0808694819654647,0.3088810610075825,-0.5321214656080429,239.08999633789063,238.05737183816234,239.8632397942489,238.09125137329102,237.2502488466754,,,,,,,,,,,,,0.39050298190386495,0.3966768284593344,0.39649553799358805,,,,,,,,,,,,,,,
10,3,2,237.85000610351562,32,32010,237.9050064086914,237.64500045776367,236.97524732079648,237.78237031228343,0.06763579123219188,-0.05500030517578125,1.0121286372389022,-0.1923701596955425,-0.8621232966627304,237.85000610351562,237.72737000710765,238.79449894952234,237.5900001525879,236.9202470156207,,,,,,,,,,,,,0.39050298190386495,0.3966768284593344,0.39649553799358805,,,,,,,,,,,,,,,
10,3,2,237.9600067138672,32,32010,237.9050064086914,237.64500045776367,236.97524732079648,237.78237031228343,0.17763640158375438,0.05500030517578125,1.1221292475904647,-0.08236954934398,-0.7521226863111679,237.9600067138672,237.83737061745921,238.9044995598739,237.70000076293945,237.03024762597227,,,,,,,,,,,,,0.36050420260698995,0.3666780491624594,0.36649675869671305,,,,,,,,,,,,,,,
11,3,2,237.9600067138672,32,32011,237.7750015258789,237.69812679290771,236.97524732079648,237.78237031228343,0.17763640158375438,0.18500518798828125,1.0690029124464218,0.10076166861256297,-0.6221178034986679,237.9600067138672,237.96737550027171,238.85137322472985,237.883131980896,237.16025250878477,,,,,,,,,,,,,0.79550176120074,0.8016756077562094,0.801494317290463,,,,,,,,,,,,,,,
11,3,2,237.58999633789063,32,32011,237.7750015258789,237.69812679290771,236.97524732079648,237.78237031228343,-0.19237397439280812,-0.18500518798828125,0.6989925364698593,-0.26924870736399953,-0.9921281794752304,237.58999633789063,237.59736512429515,238.4813628487533,237.51312160491943,236.7902421328082,,,,,,,,,,,,,-0.044494576689885046,-0.038320730134415615,-0.03850202060016189,,,,,,,,,,,,,,,
12,3,2,237.77000427246094,32,32012,237.93000030517578,237.7437515258789,236.97524732079648,237.78237031228343,-0.012366039822495623,-0.15999603271484375,0.8333757380689804,-0.19861481911937062,-0.9671190242017929,237.77000427246094,237.6223742795686,238.6157460503524,237.58375549316406,236.81525128808164,,,,,,,,,,,,,0.5955048129585525,0.6016786595140219,0.6014973690482756,,,,,,,,,,,,,,,
12,3,2,238.08999633789062,32,32012,237.93000030517578,237.7437515258789,236.97524732079648,237.78237031228343,0.3076260256071919,0.15999603271484375,1.1533678034986679,0.12137724631031688,-0.6471269587721054,238.08999633789062,237.94236634499828,238.9357381157821,237.90374755859375,237.13524335351133,,,,,,,,,,,,,0.15550237155230245,0.16167621810777189,0.16149492764202555,,,,,,,,,,,,,,,
13,3,2,237.5,32,32013,236.43499755859375,237.79514829710558,236.97524732079648,237.78237031228343,-0.2823703122834331,1.06500244140625,0.5119746943813652,1.0777804262284008,0.2578794499193009,237.5,238.84737275368968,238.2943450066648,238.86015073851183,238.04024976220273,,,,,,,,,,,,,-0.2333112516028844,-0.22713740504741498,-0.22731869551316125,,,,,,,,,,,,,,,
13,3,2,235.3699951171875,32,32013,236.43499755859375,237.79514829710558,236.97524732079648,237.78237031228343,-2.412375195095933,-1.06500244140625,-1.6180301884311348,-1.0522244565840992,-1.872125432893199,235.3699951171875,236.71736787087718,236.1643401238523,236.73014585569933,235.91024487939023,,,,,,,,,,,,,0.984318436113711,0.9904922826691803,0.990310992203434,,,,,,,,,,,,,,,
14,3,2,236.14999389648437,32,32014,236.5,238.12437343597412,236.97524732079648,237.78237031228343,-1.6323764157990581,-0.350006103515625,-1.167256548002797,-0.008002979824937029,-1.157129095002574,236.14999389648437,237.4323642087678,236.61511376428064,237.7743673324585,236.62524121728086,,,,,,,,,,,,,-0.034500069853947546,-0.028326223298478115,-0.02850751376422439,,,,,,,,,,,,,,,
14,3,2,236.85000610351562,32,32014,236.5,238.12437343597412,236.97524732079648,237.78237031228343,-0.9323642087678081,0.350006103515625,-0.467244340971547,0.692009227206313,-0.4571168879713241,236.85000610351562,238.13237641579906,237.3151259713119,238.47437953948975,237.3252534243121,,,,,,,,,,,,,0.7855072543648025,0.7916811009202719,0.7914998104545256,,,,,,,,,,,,,,,
15,3,2,237.49000549316406,32,32015,236.96500396728516,237.86812686920166,236.97524732079648,237.78237031228343,-0.2923648191193706,0.5250015258789063,0.42900161544935145,0.6107580827971333,-0.28212146560804285,237.49000549316406,238.30737183816234,238.21137192773278,238.39312839508057,237.5002488466754,,,,,,,,,,,,,-0.004493661162541296,0.0016801853929281352,0.0014988949271818597,,,,,,,,,,,,,,,
15,3,2,236.44000244140625,32,32015,236.96500396728516,237.86812686920166,236.97524732079648,237.78237031228343,-1.3423678708771831,-0.5250015258789063,-0.621001436308461,-0.4392449689606792,-1.3321245173658554,236.44000244140625,237.25736878640453,237.16136887597497,237.34312534332275,236.45024579491758,,,,,,,,,,,,,0.7555008456733963,0.7616746922288656,0.7614934017631193,,,,,,,,,,,,,,,
16,3,2,231.8300018310547,32,32016,234.01499938964844,237.70312404632568,236.97524732079648,237.78237031228343,-5.952368481228746,-2.18499755859375,-5.065999223784047,-2.2642438245514995,-2.992120550080699,231.8300018310547,235.59737275368968,232.7163710884994,235.51812648773193,234.79024976220273,,,,,,,,,,,,,0.9355011508491775,0.9416749974046469,0.9414937069389006,,,,,,,,,,,,,,,
16,3,2,236.1999969482422,32,32016,234.01499938964844,237.70312404632568,236.97524732079648,237.78237031228343,-1.5823733640412456,2.18499755859375,-0.696004106596547,2.1057512926360005,1.377874567106801,236.1999969482422,239.96736787087718,237.0863662056869,239.88812160491943,239.16024487939023,,,,,,,,,,,,,-0.18449396633832255,-0.17832011978285311,-0.1785014102485994,,,,,,,,,,,,,,,
17,3,2,235.24000549316406,32,32017,235.58499908447266,238.15499877929687,236.97524732079648,237.78237031228343,-2.5423648191193706,-0.34499359130859375,-2.1078702946458634,0.027634875704848127,-1.1521165827955429,235.24000549316406,237.43737672097484,235.67450001763757,237.81000518798828,236.6302537294879,,,,,,,,,,,,,0.6005020663765213,0.6066759129319906,0.6064946224662443,,,,,,,,,,,,,,,
17,3,2,235.92999267578125,32,32017,235.58499908447266,238.15499877929687,236.97524732079648,237.78237031228343,-1.8523776365021831,0.34499359130859375,-1.417883112028676,0.7176220583220356,-0.46212940017835535,235.92999267578125,238.12736390359203,236.36448720025476,238.49999237060547,237.32024091210508,,,,,,,,,,,,,0.1505051181343337,0.15667896468980314,0.1564976742240568,,,,,,,,,,,,,,,
18,3,2,234.86000061035156,32,32018,234.87999725341797,237.7574987411499,236.97524732079648,237.78237031228343,-2.9223697019318706,-0.01999664306640625,-2.0903751393113907,-0.04486821419993703,-0.8271196345533554,234.86000061035156,237.76237366921703,235.69199517297204,237.7375020980835,236.95525067773008,,,,,,,,,,,,,0.42550664401323995,0.4316804905687094,0.43149920010296305,,,,,,,,,,,,,,,
18,3,2,234.89999389648437,32,32018,234.87999725341797,237.7574987411499,236.97524732079648,237.78237031228343,-2.882376415799058,0.01999664306640625,-2.0503818531785782,-0.004874928067124529,-0.7871263484205429,234.89999389648437,237.80236695534984,235.73198845910485,237.7774953842163,236.9952439638629,,,,,,,,,,,,,0.32550054049761495,0.3316743870530844,0.33149309658733805,,,,,,,,,,,,,,,
19,3,2,235.67999267578125,32,32019,235.60499572753906,237.78437519073486,236.97524732079648,237.78237031228343,-2.102377636502183,0.0749969482421875,-1.2972595234666642,0.07700182669361766,-0.7321260432447616,235.67999267578125,237.85736726052562,236.48511078881677,237.85937213897705,237.05024426903867,,,,,,,,,,,,,0.2155075595405837,0.22168140609605314,0.2215001156303068,,,,,,,,,,,,,,,
19,3,2,235.52999877929687,32,32019,235.60499572753906,237.78437519073486,236.97524732079648,237.78237031228343,-2.252371532986558,-0.0749969482421875,-1.4472534199510392,-0.07299206979075734,-0.8821199397291366,235.52999877929687,237.70737336404125,236.3351168923324,237.70937824249268,236.9002503725543,,,,,,,,,,,,,0.5354996249702713,0.5416734715257406,0.5414921810599943,,,,,,,,,,,,,,,
20,3,2,235.89999389648437,32,32020,236.79999542236328,237.97466930539287,236.97524732079648,237.78237031228343,-1.8823764157990581,-0.9000015258789063,-1.2675524174215411,-0.7077025327694742,-1.7071245173658554,235.89999389648437,236.88236878640453,236.5148178948619,237.07466777951396,236.07524579491758,,,,,,,,,,,,,0.4155045077827712,0.42167835433824064,0.4214970638724943,,,,,,,,,,,,,,,
20,3,2,237.6999969482422,32,32020,236.79999542236328,237.97466930539287,236.97524732079648,237.78237031228343,-0.08237336404124562,0.9000015258789063,0.5324506343362714,1.0923005189883384,0.09287853439195715,237.6999969482422,238.68237183816234,238.3148209466197,238.87467083127177,237.8752488466754,,,,,,,,,,,,,0.3355026767280837,0.34167652328355314,0.3414952328178068,,,,,,,,,,,,,,,
21,3,2,237.75999450683594,32,32021,236.06499481201172,237.85500049591064,236.97524732079648,237.78237031228343,-0.022375805447495623,1.6949996948242187,0.7121170024122421,1.7676298784514302,0.8878767033372697,237.75999450683594,239.47737000710765,238.49448731469568,239.55000019073486,238.6702470156207,,,,,,,,,,,,,0.045501761200739954,0.051675607756209385,0.05149431729046311,,,,,,,,,,,,,,,
21,3,2,234.3699951171875,32,32021,236.06499481201172,237.85500049591064,236.97524732079648,237.78237031228343,-3.412375195095933,-1.6949996948242187,-2.6778823872361954,-1.6223695111970073,-2.502122686311168,234.3699951171875,236.08737061745921,235.10448792504724,236.16000080108643,235.28024762597227,,,,,,,,,,,,,0.705505423310115,0.7116792698655844,0.711497979399838,,,,,,,,,,,,,,,
22,3,2,239.11000061035156,32,32022,238.8949966430664,237.86187553405762,236.97524732079648,237.78237031228343,1.3276302980681294,0.21500396728515625,2.0552480677808944,0.2945091890593403,-0.5921190242017929,239.11000061035156,237.9973742795686,239.83761838006433,238.07687950134277,237.19025128808164,,,,,,,,,,,,,0.32550054049761495,0.3316743870530844,0.33149309658733805,,,,,,,,,,,,,,,
22,3,2,238.67999267578125,32,32022,238.8949966430664,237.86187553405762,236.97524732079648,237.78237031228343,0.8976223634978169,-0.21500396728515625,1.625240133210582,-0.13549874551097219,-1.0221269587721054,238.67999267578125,237.56736634499828,239.40761044549402,237.64687156677246,236.76024335351133,,,,,,,,,,,,,0.42550664401323995,0.4316804905687094,0.43149920010296305,,,,,,,,,,,,,,,
23,3,2,239.02000427246094,32,32023,238.54000091552734,237.78375053405762,236.97524732079648,237.78237031228343,1.2376339601775044,0.48000335693359375,2.0433767298902694,0.4813835787077778,-0.32711963455335535,239.02000427246094,238.26237366921703,239.8257470421737,238.2637538909912,237.45525067773008,,,,,,,,,,,,,0.61550908541949,0.6216829319749594,0.621501641509213,,,,,,,,,,,,,,,
23,3,2,238.05999755859375,32,32023,238.54000091552734,237.78375053405762,236.97524732079648,237.78237031228343,0.2776272463103169,-0.48000335693359375,1.083370016023082,-0.4786231351594097,-1.2871263484205429,238.05999755859375,237.30236695534984,238.86574032830652,237.30374717712402,236.4952439638629,,,,,,,,,,,,,0.13549809909136495,0.14167194564683439,0.14149065518108805,,,,,,,,,,,,,,,
24,3,2,238.08999633789062,32,32024,237.8499984741211,237.52624988555908,236.97524732079648,237.78237031228343,0.3076260256071919,0.23999786376953125,1.370869443818492,-0.01612256295481984,-0.5671251277174179,238.08999633789062,238.02236817605296,239.15323975610193,237.7662477493286,237.21524518456602,,,,,,,,,,,,,-0.009498543975041296,-0.003324697419571865,-0.0035059878853181403,,,,,,,,,,,,,,,
24,3,2,237.61000061035156,32,32024,237.8499984741211,237.52624988555908,236.97524732079648,237.78237031228343,-0.17236970193187062,-0.23999786376953125,0.8908737162794296,-0.49611829049388234,-1.0471208552564804,237.61000061035156,237.5423724485139,238.67324402856286,237.28625202178955,236.73524945702695,,,,,,,,,,,,,0.7605057284858963,0.7666795750413656,0.7664982845756193,,,,,,,,,,,,,,,
25,3,2,238.3800048828125,32,32025,238.13500213623047,237.69375133514404,236.97524732079648,237.78237031228343,0.5976345705290669,0.24500274658203125,1.4933765391554061,0.1563837694426411,-0.5621202449049179,238.3800048828125,238.02737305886546,239.27574685143884,237.93875408172607,237.22025006737852,,,,,,,,,,,,,0.34550481295855245,0.3516786595140219,0.35149736904827555,,,,,,,,,,,,,,,
25,3,2,237.88999938964844,32,32025,238.13500213623047,237.69375133514404,236.97524732079648,237.78237031228343,0.10762907736500438,-0.24500274658203125,1.0033710459913436,-0.3336217237214214,-1.0521257380689804,237.88999938964844,237.5373675657014,238.78574135827478,237.448748588562,236.73024457421445,,,,,,,,,,,,,0.40550237155230245,0.4116762181077719,0.41149492764202555,,,,,,,,,,,,,,,
26,3,2,237.60000610351562,32,32026,236.42000579833984,237.7831268310547,236.97524732079648,237.78237031228343,-0.18236420876780812,1.1800003051757813,0.6240022639478866,1.1807568239470356,0.37287731368883215,237.60000610351562,238.96237061745921,238.40637257623132,238.96312713623047,238.15524762597227,,,,,,,,,,,,,-0.5594939663383225,-0.5533201197828531,-0.5535014102485993,,,,,,,,,,,,,,,
26,3,2,235.24000549316406,32,32026,236.42000579833984,237.7831268310547,236.97524732079648,237.78237031228343,-2.5423648191193706,-1.1800003051757813,-1.735998346403676,-1.1792437864045269,-1.9871232966627304,235.24000549316406,236.60237000710765,236.04637196587976,236.6031265258789,235.7952470156207,,,,,,,,,,,,,1.3105011508491775,1.3166749974046468,1.3164937069389007,,,,,,,,,,,,,,,
27,3,2,230.30999755859375,32,32027,234.35499572753906,237.79687213897705,236.97524732079648,237.78237031228343,-7.472372753689683,-4.0449981689453125,-6.679751588896352,-4.030496342251695,-4.852121160432262,230.30999755859375,233.73737214333812,231.10261872338708,233.75187397003174,232.93024915185117,,,,,,,,,,,,,0.5555038974312088,0.5616777439866781,0.5614964535209318,,,,,,,,,,,,,,,
27,3,2,238.39999389648437,32,32027,234.35499572753906,237.79687213897705,236.97524732079648,237.78237031228343,0.6176235842009419,4.0449981689453125,1.4102447489942733,4.05949999563893,3.2378751774583634,238.39999389648437,241.82736848122875,239.1926150612777,241.84187030792236,241.0202454897418,,,,,,,,,,,,,0.1955032870796462,0.20167713363511564,0.2014958431693693,,,,,,,,,,,,,,,
28,3,2,238.72000122070312,32,32028,238.5500030517578,237.70562362670898,236.97524732079648,237.78237031228343,0.9376309084196919,0.1699981689453125,1.8215005854810897,0.09325148337086375,-0.6371248225416366,238.72000122070312,237.95236848122875,239.60387089776452,237.8756217956543,237.1452454897418,,,,,,,,,,,,,0.41549687838823995,0.4216707249437094,0.42148943447796305,,,,,,,,,,,,,,,
28,3,2,238.3800048828125,32,32028,238.5500030517578,237.70562362670898,236.97524732079648,237.78237031228343,0.5976345705290669,-0.1699981689453125,1.4815042475904647,-0.24674485451976125,-0.9771211604322616,238.3800048828125,237.61237214333812,239.2638745598739,237.53562545776367,236.80524915185117,,,,,,,,,,,,,0.33551030612261495,0.3416841526780844,0.34150286221233805,,,,,,,,,,,,,,,
29,3,2,237.92999267578125,32,32029,237.93499755859375,237.80312538146973,236.97524732079648,237.78237031228343,0.14762236349781688,-0.0050048828125,0.9339902857984725,0.01575018637379344,-0.8121278742994491,237.92999267578125,237.77736542947093,238.7163605980819,237.79812049865723,236.97024243798398,,,,,,,,,,,,,0.2555008456733962,0.26167469222886564,0.2614934017631193,,,,,,,,,,,,,,,
29,3,2,237.94000244140625,32,32029,237.93499755859375,237.80312538146973,236.97524732079648,237.78237031228343,0.15763212912281688,0.0050048828125,0.9440000514234725,0.02575995199879344,-0.8021181086744491,237.94000244140625,237.78737519509593,238.7263703637069,237.80813026428223,236.98025220360898,,,,,,,,,,,,,0.4955063388374587,0.5016801853929281,0.5014988949271818,,,,,,,,,,,,,,,
30,3,2,238.1699981689453,32,32030,238.00499725341797,237.6043758392334,236.97524732079648,237.78237031228343,0.3876278566618794,0.16500091552734375,1.3727453211988632,-0.012993557522690935,-0.6421220759596054,238.1699981689453,237.94737122781078,239.1551156334823,237.76937675476074,237.14024823632383,,,,,,,,,,,,,0.91549687838824,0.9216707249437094,0.921489434477963,,,,,,,,,,,,,,,
30,3,2,237.83999633789062,32,32030,238.00499725341797,237.6043758392334,236.97524732079648,237.78237031228343,0.05762602560719188,-0.16500091552734375,1.0427434901441757,-0.34299538857737844,-0.9721239070142929,237.83999633789062,237.6173693967561,238.8251138024276,237.43937492370605,236.81024640526914,,,,,,,,,,,,,-0.16448969387738505,-0.15831584732191561,-0.1584971377876619,,,,,,,,,,,,,,,
31,3,2,237.99000549316406,32,32031,237.70000457763672,237.66437530517578,236.97524732079648,237.78237031228343,0.20763518088062938,0.29000091552734375,1.1327531794752304,0.17200590841969188,-0.5171220759596054,237.99000549316406,238.07237122781078,238.91512349175866,237.95437622070312,237.26524823632383,,,,,,,,,,,,,0.8604965732124588,0.8666704197679281,0.8664891293021818,,,,,,,,,,,,,,,
31,3,2,237.41000366210937,32,32031,237.70000457763672,237.66437530517578,236.97524732079648,237.78237031228343,-0.3723666501740581,-0.29000091552734375,0.5527513484205429,-0.4079959226349956,-1.0971239070142929,237.41000366210937,237.4923693967561,238.33512166070398,237.37437438964844,236.68524640526914,,,,,,,,,,,,,-0.1094893887016038,-0.10331554214613436,-0.10349683261188064,,,,,,,,,,,,,,,
32,3,2,237.0399932861328,32,32032,237.48499298095703,237.8681230545044,236.97524732079648,237.78237031228343,-0.7423770261506206,-0.44499969482421875,-0.021006776884632927,-0.35924695260325734,-1.2521226863111679,237.0399932861328,237.33737061745921,237.7613635353988,237.42312335968018,236.53024762597227,,,,,,,,,,,,,0.050506644013239954,0.056680490568709385,0.05649920010296311,,,,,,,,,,,,,,,
32,3,2,237.92999267578125,32,32032,237.48499298095703,237.8681230545044,236.97524732079648,237.78237031228343,0.14762236349781688,0.44499969482421875,0.8689926127638046,0.5307524370451802,-0.36212329666273035,237.92999267578125,238.22737000710765,238.65136292504724,238.3131227493286,237.4202470156207,,,,,,,,,,,,,0.700500540497615,0.7066743870530844,0.706493096587338,,,,,,,,,,,,,,,
33,3,2,236.8699951171875,32,32033,237.0999984741211,237.74562454223633,236.97524732079648,237.78237031228343,-0.9123751950959331,-0.23000335693359375,-0.06850643356187902,-0.26674912698069875,-1.0371263484205429,236.8699951171875,237.55236695534984,237.71386387872155,237.51562118530273,236.7452439638629,,,,,,,,,,,,,0.9655075595405838,0.9716814060960531,0.9715001156303068,,,,,,,,,,,,,,,
33,3,2,237.3300018310547,32,32033,237.0999984741211,237.74562454223633,236.97524732079648,237.78237031228343,-0.4523684812287456,0.23000335693359375,0.3915002803053085,0.19325758688648875,-0.5771196345533554,237.3300018310547,238.01237366921703,238.17387059258874,237.97562789916992,237.20525067773008,,,,,,,,,,,,,-0.2145003750297288,-0.20832652847425936,-0.20850781894000564,,,,,,,,,,,,,,,
34,3,2,237.8300018310547,32,32034,237.84000396728516,237.6381254196167,236.97524732079648,237.78237031228343,0.04763151877125438,-0.01000213623046875,0.9989994029249374,-0.15424702889720265,-0.8171251277174179,237.8300018310547,237.77236817605296,238.78136971520837,237.62812328338623,236.96524518456602,,,,,,,,,,,,,0.34049993014605245,0.3466737767015219,0.34649248623577555,,,,,,,,,,,,,,,
34,3,2,237.85000610351562,32,32034,237.84000396728516,237.6381254196167,236.97524732079648,237.78237031228343,0.06763579123219188,0.01000213623046875,1.0190036753858749,-0.13424275643626515,-0.7971208552564804,237.85000610351562,237.7923724485139,238.8013739876693,237.64812755584717,236.98524945702695,,,,,,,,,,,,,0.41050725436480245,0.4166811009202719,0.41649981045452555,,,,,,,,,,,,,,,
35,3,2,237.7823703122834,32,32035,237.06618820789953,237.66669584499115,236.97524732079648,237.78237031228343,-0.00000000000002842170943040401,0.7161821043838756,0.9227974587792005,0.6005076370915958,-0.09094088710307346,237.7823703122834,238.4985524166673,238.70516777106263,238.38287794937503,237.69142942518036,,,,,,,,,,,,,0.9755020663765213,0.9816759129319906,0.9814946224662443,,,,,,,,,,,,,,,
35,3,2,236.35000610351562,32,32035,237.06618820789953,237.66669584499115,236.97524732079648,237.78237031228343,-1.4323642087678081,-0.7161821043839041,-0.5095667499885792,-0.8318565716761839,-1.5233050958708532,236.35000610351562,237.06618820789953,237.27280356229485,236.95051374060725,236.25906521641258,,,,,,,,,,,,,-0.2244948818656663,-0.21832103531019686,-0.21850232577594314,,,,,,,,,,,,,,,
36,3,2,234.58999633789063,32,32036,235.35499572753906,237.74437522888184,236.97524732079648,237.78237031228343,-3.192373974392808,-0.7649993896484375,-2.347255899504262,-0.8029944730500347,-1.5721223811353866,234.58999633789063,237.017370922635,235.43511441277917,236.9793758392334,236.21024793114805,,,,,,,,,,,,,0.19050603366167745,0.19667988021714689,0.19649858975140055,,,,,,,,,,,,,,,
36,3,2,236.1199951171875,32,32036,235.35499572753906,237.74437522888184,236.97524732079648,237.78237031228343,-1.6623751950959331,0.7649993896484375,-0.8172571202073868,0.7270043062468403,-0.042123601838511604,236.1199951171875,238.54736970193187,236.96511319207605,238.50937461853027,237.74024671044492,,,,,,,,,,,,,0.5605011508491775,0.5666749974046469,0.5664937069389006,,,,,,,,,,,,,,,
37,3,2,236.49000549316406,32,32037,235.79500579833984,237.6393747329712,236.97524732079648,237.78237031228343,-1.2923648191193706,0.6949996948242188,-0.3422462483201798,0.552004115511977,-0.11212329666273035,236.49000549316406,238.47737000710765,237.44012406396325,238.3343744277954,237.6702470156207,,,,,,,,,,,,,0.6855087802437088,0.6916826267991781,0.6915013363334318,,,,,,,,,,,,,,,
37,3,2,235.10000610351562,32,32037,235.79500579833984,237.6393747329712,236.97524732079648,237.78237031228343,-2.682364208767808,-0.6949996948242188,-1.7322456379686173,-0.8379952741364605,-1.5021226863111679,235.10000610351562,237.08737061745921,236.05012467431482,236.94437503814697,236.28024762597227,,,,,,,,,,,,,0.0654984042671462,0.07167225082261564,0.07149096035686936,,,,,,,,,,,,,,,
38,3,2,236.7100067138672,32,32038,237.26500701904297,237.9143762588501,236.97524732079648,237.78237031228343,-1.0723635984162456,-0.5550003051757813,-0.39724655349596105,-0.4229943586091167,-1.3621232966627304,236.7100067138672,237.22737000710765,237.38512375878747,237.35937595367432,236.4202470156207,,,,,,,,,,,,,-0.2594985439750413,-0.25332469741957186,-0.25350598788531814,,,,,,,,,,,,,,,
38,3,2,237.82000732421875,32,32038,237.26500701904297,237.9143762588501,236.97524732079648,237.78237031228343,0.03763701193531688,0.5550003051757813,0.7127540568556015,0.6870062517424458,-0.25212268631116785,237.82000732421875,238.33737061745921,238.49512436913903,238.46937656402588,237.53024762597227,,,,,,,,,,,,,1.0105057284858963,1.0166795750413655,1.0164982845756194,,,,,,,,,,,,,,,
39,3,2,237.2899932861328,32,32039,236.92499542236328,238.16625022888184,236.97524732079648,237.78237031228343,-0.4923770261506206,0.36499786376953125,-0.06913395126207433,0.7488777803679341,-0.44212512771741785,237.2899932861328,238.14736817605296,237.71323636102136,238.53124809265137,237.34024518456602,,,,,,,,,,,,,0.67050176120074,0.6766756077562094,0.676494317290463,,,,,,,,,,,,,,,
39,3,2,236.55999755859375,32,32039,236.92499542236328,238.16625022888184,236.97524732079648,237.78237031228343,-1.2223727536896831,-0.36499786376953125,-0.7991296788011368,0.018882052828871565,-1.1721208552564804,236.55999755859375,237.4173724485139,236.9832406334823,237.8012523651123,236.61024945702695,,,,,,,,,,,,,0.08050542331011495,0.08667926986558439,0.08649797939983811,,,,,,,,,,,,,,,
40,3,2,234.77000427246094,32,32040,235.29000091552734,237.60000038146973,236.97524732079648,237.78237031228343,-3.0123660398224956,-0.5199966430664063,-2.02287311752184,-0.7023665738801128,-1.3271196345533554,234.77000427246094,237.26237366921703,235.7594971947616,237.08000373840332,236.45525067773008,,,,,,,,,,,,,0.3205032870796462,0.32667713363511564,0.3264958431693693,,,,,,,,,,,,,,,
40,3,2,235.80999755859375,32,32040,235.29000091552734,237.60000038146973,236.97524732079648,237.78237031228343,-1.9723727536896831,0.5199966430664063,-0.9828798313890275,0.3376267122526997,-0.28712634842054285,235.80999755859375,238.30236695534984,236.7994904808944,238.11999702453613,237.4952439638629,,,,,,,,,,,,,0.4305038974312087,0.43667774398667814,0.4364964535209318,,,,,,,,,,,,,,,
41,3,2,236.49000549316406,32,32041,235.96500396728516,237.68812465667725,236.97524732079648,237.78237031228343,-1.2923648191193706,0.5250015258789063,-0.3909961720262345,0.4307558702727192,-0.28212146560804285,236.49000549316406,238.30737183816234,237.3913741402572,238.21312618255615,237.5002488466754,,,,,,,,,,,,,0.5205002353218338,0.5266740818773031,0.5264927914115568,,,,,,,,,,,,,,,
41,3,2,235.44000244140625,32,32041,235.96500396728516,237.68812465667725,236.97524732079648,237.78237031228343,-2.342367870877183,-0.5250015258789063,-1.440999223784047,-0.6192471814850933,-1.3321245173658554,235.44000244140625,237.25736878640453,236.3413710884994,237.16312313079834,236.45024579491758,,,,,,,,,,,,,0.2305069491890212,0.23668079574449064,0.2364995052787443,,,,,,,,,,,,,,,
42,3,2,234.86000061035156,32,32042,235.62000274658203,237.74279674679912,236.97524732079648,237.78237031228343,-2.9223697019318706,-0.7600021362304688,-2.0756731449606036,-0.7995757017147867,-1.5671251277174179,234.86000061035156,237.02236817605296,235.70669716732283,236.98279461056865,236.21524518456602,,,,,,,,,,,,,0.1743208775199609,0.18049472407543032,0.180313433609684,,,,,,,,,,,,,,,
42,3,2,236.3800048828125,32,32042,235.62000274658203,237.74279674679912,236.97524732079648,237.78237031228343,-1.4023654294709331,0.7600021362304688,-0.5556688724996661,0.7204285707461509,-0.047120855256480354,236.3800048828125,238.5423724485139,237.22670143978377,238.50279888302958,237.73524945702695,,,,,,,,,,,,,0.5766863069908657,0.582860153546335,0.5826788630805887,,,,,,,,,,,,,,,
43,3,2,235.72999572753906,32,32043,236.2249984741211,237.8493776321411,236.97524732079648,237.78237031228343,-2.0523745847443706,-0.49500274658203125,-1.3122589131151017,-0.4279954267243511,-1.3021257380689804,235.72999572753906,237.2873675657014,236.47011139916833,237.35437488555908,236.48024457421445,,,,,,,,,,,,,0.5605011508491775,0.5666749974046469,0.5664937069389006,,,,,,,,,,,,,,,
43,3,2,236.72000122070312,32,32043,236.2249984741211,237.8493776321411,236.97524732079648,237.78237031228343,-1.0623690915803081,0.49500274658203125,-0.3222534199510392,0.5620100664397114,-0.31212024490491785,236.72000122070312,238.27737305886546,237.4601168923324,238.34438037872314,237.47025006737852,,,,,,,,,,,,,0.19050603366167745,0.19667988021714689,0.19649858975140055,,,,,,,,,,,,,,,
44,3,2,236.85000610351562,32,32044,236.94000244140625,237.91624927520752,236.97524732079648,237.78237031228343,-0.9323642087678081,-0.089996337890625,-0.2591201802049454,0.04388262503346141,-0.8971193293775741,236.85000610351562,237.6923739743928,237.5232501320785,237.8262529373169,236.88525098290586,,,,,,,,,,,,,-0.1444930508109788,-0.13831920425550936,-0.13850049472125564,,,,,,,,,,,,,,,
44,3,2,237.02999877929687,32,32044,236.94000244140625,237.91624927520752,236.97524732079648,237.78237031228343,-0.7523715329865581,0.089996337890625,-0.07912750442369543,0.2238753008147114,-0.7171266535963241,237.02999877929687,237.87236665017406,237.70324280785974,238.00624561309814,237.0652436586871,,,,,,,,,,,,,0.8955002353218338,0.9016740818773031,0.9014927914115568,,,,,,,,,,,,,,,
45,3,2,236.52999877929687,32,32045,235.4749984741211,237.68687438964844,236.97524732079648,237.78237031228343,-1.2523715329865581,1.0550003051757812,-0.3497526188646134,0.9595043825407856,0.24787731368883215,236.52999877929687,238.83737061745921,237.43261769341882,238.74187469482422,238.03024762597227,,,,,,,,,,,,,0.7505035922554275,0.7566774388108969,0.7564961483451506,,,,,,,,,,,,,,,
45,3,2,234.4199981689453,32,32045,235.4749984741211,237.68687438964844,236.97524732079648,237.78237031228343,-3.3623721433381206,-1.0550003051757812,-2.459753229216176,-1.1504962278107769,-1.8621232966627304,234.4199981689453,236.72737000710765,235.32261708306726,236.63187408447266,235.9202470156207,,,,,,,,,,,,,0.0005035922554274541,0.006677438810896885,0.00649614834515061,,,,,,,,,,,,,,,
46,3,2,234.55999755859375,32,32046,235.25,237.79374980926514,236.97524732079648,237.78237031228343,-3.222372753689683,-0.69000244140625,-2.4266292591844376,-0.6786229444245464,-1.497125432893199,234.55999755859375,237.09236787087718,235.355741053099,237.1037473678589,236.28524487939023,,,,,,,,,,,,,0.7005081698921463,0.7066820164476156,0.7065007259818693,,,,,,,,,,,,,,,
46,3,2,235.94000244140625,32,32046,235.25,237.79374980926514,236.97524732079648,237.78237031228343,-1.8423678708771831,0.69000244140625,-1.0466243763719376,0.7013819383879536,-0.1171205500806991,235.94000244140625,238.47237275368968,236.7357459359115,238.4837522506714,237.66524976220273,,,,,,,,,,,,,0.050499014618708704,0.056672861174178135,0.05649157070843186,,,,,,,,,,,,,,,
47,3,2,236.69000244140625,32,32047,236.2249984741211,237.3268756866455,236.97524732079648,237.78237031228343,-1.0923678708771831,0.46500396728515625,0.1702497462476913,0.00950934164723094,-0.34211902420179285,236.69000244140625,238.2473742795686,237.95262005853112,237.79187965393066,237.44025128808164,,,,,,,,,,,,,-0.054496712920353796,-0.048322866364884365,-0.04850415683063064,,,,,,,,,,,,,,,
47,3,2,235.75999450683594,32,32047,236.2249984741211,237.3268756866455,236.97524732079648,237.78237031228343,-2.0223758054474956,-0.46500396728515625,-0.7597581883226212,-0.9204985929230816,-1.2721269587721054,235.75999450683594,237.31736634499828,237.0226121239608,236.86187171936035,236.51024335351133,,,,,,,,,,,,,0.8055038974312088,0.8116777439866781,0.8114964535209318,,,,,,,,,,,,,,,
48,3,2,235.77999877929687,32,32048,236.4199981689453,237.79000186920166,236.97524732079648,237.78237031228343,-2.002371532986558,-0.6399993896484375,-1.202880098417836,-0.6323678327302105,-1.4471223811353866,235.77999877929687,237.142370922635,236.5794902138656,237.15000247955322,236.33524793114805,,,,,,,,,,,,,1.0005035922554275,1.0066774388108968,1.0064961483451507,,,,,,,,,,,,,,,
48,3,2,237.05999755859375,32,32048,236.4199981689453,237.79000186920166,236.97524732079648,237.78237031228343,-0.7223727536896831,0.6399993896484375,0.07711868087903895,0.6476309465666645,-0.1671236018385116,237.05999755859375,238.42236970193187,237.85948899316247,238.4300012588501,237.61524671044492,,,,,,,,,,,,,-0.24949640774457255,-0.24332256118910311,-0.2435038516548494,,,,,,,,,,,,,,,
49,3,2,235.75,32,32049,236.65499877929687,238.10499954223633,236.97524732079648,237.78237031228343,-2.032370312283433,-0.904998779296875,-1.547876550749379,-0.58236954934398,-1.712121770783824,235.75,236.87737153298656,236.23449376153405,237.20000076293945,236.0702485414996,,,,,,,,,,,,,-0.7144927456351975,-0.7083188990797281,-0.7085001895454743,,,,,,,,,,,,,,,
49,3,2,237.55999755859375,32,32049,236.65499877929687,238.10499954223633,236.97524732079648,237.78237031228343,-0.22237275368968312,0.904998779296875,0.262121007844371,1.22762800924977,0.0978757878099259,237.55999755859375,238.6873690915803,238.0444913201278,239.0099983215332,237.88024610009336,,,,,,,,,,,,,1.4654999301460525,1.4716737767015218,1.4714924862357757,,,,,,,,,,,,,,,
50,3,2,237.7823703122834,32,32050,238.6161836302628,238.1152962127415,236.97524732079648,237.78237031228343,-0.00000000000002842170943040401,-0.8338133179794056,0.47419709102885577,-0.5008874175213407,-1.6409363094663547,237.7823703122834,236.94855699430403,238.2565674033123,237.2814828947621,236.14143400281708,,,,,,,,,,,,,0.37049870944292745,0.3766725559983969,0.37649126553265055,,,,,,,,,,,,,,,
50,3,2,239.4499969482422,32,32050,238.6161836302628,238.1152962127415,236.97524732079648,237.78237031228343,1.6676266359587544,0.8338133179793772,2.1418237269876386,1.166739218437442,0.026690326492428085,239.4499969482422,238.6161836302628,239.92419403927107,238.94910953072088,237.80906063877586,,,,,,,,,,,,,0.38050847506792745,0.3866823216233969,0.38650103115765055,,,,,,,,,,,,,,,
1,4,1,235.80999755859375,41,41001,235.4749984741211,237.54937362670898,237.58912375195098,237.78237031228343,-1.9723727536896831,0.33499908447265625,-1.54612950778278,0.1020023988982075,0.14175252414020179,235.80999755859375,238.1173693967561,236.23624080450065,237.88437271118164,237.92412283642363,,,,,,,,,,,,,-4.729329444488812,-3.308317373200822,-3.8394606098324706,,,,,,,,,,,,,,,
1,4,1,235.13999938964844,41,41001,235.4749984741211,237.54937362670898,237.58912375195098,237.78237031228343,-2.6423709226349956,-0.33499908447265625,-2.2161276767280924,-0.567995770047105,-0.5282456448051107,235.13999938964844,237.44737122781078,235.56624263555534,237.21437454223633,237.25412466747832,,,,,,,,,,,,,2.6506601795346256,4.0716722508226155,3.540529014190967,,,,,,,,,,,,,,,
2,4,1,235.60000610351562,41,41002,235.69000244140625,237.46264879301626,237.58912375195098,237.78237031228343,-2.182364208767808,-0.089996337890625,-1.6693961291681774,-0.4097178571578013,-0.28324289822307946,235.60000610351562,237.6923739743928,236.11297418311526,237.37265245512563,237.49912741406035,,,,,,,,,,,,,-1.3393376842349056,0.08167438705308427,-0.44946884957856426,,,,,,,,,,,,,,,
2,4,1,235.77999877929687,41,41002,235.69000244140625,237.46264879301626,237.58912375195098,237.78237031228343,-2.002371532986558,0.089996337890625,-1.4894034533869274,-0.2297251813765513,-0.10325022244182946,235.77999877929687,237.87236665017406,236.2929668588965,237.55264513090688,237.6791200898416,,,,,,,,,,,,,-0.7393315807192805,0.6816804905687093,0.15053725393706074,,,,,,,,,,,,,,,
3,4,1,236.6300048828125,41,41003,236.44000244140625,238.0143756866455,237.58912375195098,237.78237031228343,-1.1523654294709331,0.19000244140625,-1.1911242435005533,0.4220078157683247,-0.0032441189262044645,236.6300048828125,237.97237275368968,236.59124606878288,238.20437812805176,237.77912619335723,,,,,,,,,,,,,-1.1993382945864681,0.22167377670152177,-0.30946945993012676,,,,,,,,,,,,,,,
3,4,1,236.25,41,41003,236.44000244140625,238.0143756866455,237.58912375195098,237.78237031228343,-1.5323703122834331,-0.19000244140625,-1.5711291263130533,0.04200293295582469,-0.38324900173870446,236.25,237.59236787087718,236.21124118597038,237.82437324523926,237.39912131054473,,,,,,,,,,,,,-0.879330970367718,0.5416811009202718,0.010537864288623244,,,,,,,,,,,,,,,
4,4,1,236.02000427246094,41,41004,236.54000091552734,237.57937622070312,237.58912375195098,237.78237031228343,-1.7623660398224956,-0.5199966430664063,-1.366125387909733,-0.7229907346467144,-0.7132432033988607,236.02000427246094,237.26237366921703,236.4162449243737,237.05937957763672,237.06912710888457,,,,,,,,,,,,,-1.1693395152895931,0.2516725559983968,-0.27947068063325176,,,,,,,,,,,,,,,
4,4,1,237.05999755859375,41,41004,236.54000091552734,237.57937622070312,237.58912375195098,237.78237031228343,-0.7223727536896831,0.5199966430664063,-0.32613210177692054,0.3170025514860981,0.3267500827339518,237.05999755859375,238.30236695534984,237.4562382105065,238.09937286376953,238.10912039501738,,,,,,,,,,,,,-0.909329749664593,0.5116823216233968,-0.019460915008251756,,,,,,,,,,,,,,,
5,4,1,236.6699981689453,41,41005,236.54000091552734,237.79937648773193,237.58912375195098,237.78237031228343,-1.1123721433381206,0.12999725341796875,-0.9361317584541666,0.14700342886646922,-0.06324930691448572,236.6699981689453,237.9123675657014,236.84623855382927,237.9293737411499,237.71912100536895,,,,,,,,,,,,,-1.1493352428286556,0.2716768284593343,-0.25946640817231426,,,,,,,,,,,,,,,
5,4,1,236.41000366210937,41,41005,236.54000091552734,237.79937648773193,237.58912375195098,237.78237031228343,-1.3723666501740581,-0.12999725341796875,-1.1961262652901041,-0.11299107796946828,-0.3232438137504232,236.41000366210937,237.65237305886546,236.58624404699333,237.66937923431396,237.459126498533,,,,,,,,,,,,,-0.9293340221255305,0.4916780491624593,-0.039465187469189256,,,,,,,,,,,,,,,
6,4,1,237.3800048828125,41,41006,236.99500274658203,237.80750179290771,237.58912375195098,237.78237031228343,-0.4023654294709331,0.38500213623046875,-0.23425034976276038,0.41013361685475047,0.19175557589801429,237.3800048828125,238.1673724485139,237.54811996252067,238.19250392913818,237.97412588818145,,,,,,,,,,,,,-1.3593343273013119,0.061677743986678024,-0.4694654926449705,,,,,,,,,,,,,,,
6,4,1,236.61000061035156,41,41006,236.99500274658203,237.80750179290771,237.58912375195098,237.78237031228343,-1.1723697019318706,-0.38500213623046875,-1.0042546222236979,-0.35987065560618703,-0.5782486965629232,236.61000061035156,237.39736817605296,236.77811569005974,237.42249965667725,237.2041216157205,,,,,,,,,,,,,-0.7193349376528743,0.7016771336351155,0.170533897003467,,,,,,,,,,,,,,,
7,4,1,237.1300048828125,41,41007,237.29000091552734,237.69375038146973,237.58912375195098,237.78237031228343,-0.6523654294709331,-0.15999603271484375,-0.3704989383247721,-0.2486159635285503,-0.3532425930472982,237.1300048828125,237.6223742795686,237.41187137395866,237.53375434875488,237.42912771923613,,,,,,,,,,,,,-1.8943379894106869,-0.473325918122697,-1.0044691547543456,,,,,,,,,,,,,,,
7,4,1,237.4499969482422,41,41007,237.29000091552734,237.69375038146973,237.58912375195098,237.78237031228343,-0.3323733640412456,0.15999603271484375,-0.0505068728950846,0.07137610190113719,-0.033250527617610715,237.4499969482422,237.94236634499828,237.73186343938835,237.85374641418457,237.74911978466582,,,,,,,,,,,,,-0.18433127554349926,1.2366807957444905,0.705537559112842,,,,,,,,,,,,,,,
8,4,1,236.6699981689453,41,41008,236.01000213623047,238.07125091552734,237.58912375195098,237.78237031228343,-1.1123721433381206,0.6599960327148438,-1.2080061862495768,0.9488766359587544,0.4667494723823893,236.6699981689453,238.44236634499828,236.57436412603386,238.7312469482422,238.24911978466582,,,,,,,,,,,,,-0.4643376842349055,0.9566743870530843,0.42553115042143574,,,,,,,,,,,,,,,
8,4,1,235.35000610351562,41,41008,236.01000213623047,238.07125091552734,237.58912375195098,237.78237031228343,-2.432364208767808,-0.6599960327148438,-2.5279982516792643,-0.3711154294709331,-0.8532425930472982,235.35000610351562,237.1223742795686,235.25437206060417,237.4112548828125,236.92912771923613,,,,,,,,,,,,,-1.6143315807192806,-0.19331950943129073,-0.7244627460629393,,,,,,,,,,,,,,,
9,4,1,236.75,41,41009,236.26499938964844,237.8162498474121,237.58912375195098,237.78237031228343,-1.0323703122834331,0.4850006103515625,-0.8730032870796549,0.5188801454802388,0.29175405001910804,236.75,238.267370922635,236.90936702520378,238.30125045776367,238.07412436230254,,,,,,,,,,,,,-1.3143361583559994,0.10667591293199052,-0.424467323699658,,,,,,,,,,,,,,,
9,4,1,235.77999877929687,41,41009,236.26499938964844,237.8162498474121,237.58912375195098,237.78237031228343,-2.002371532986558,-0.4850006103515625,-1.84300450778278,-0.45112107522288625,-0.678247170684017,235.77999877929687,237.29736970193187,235.93936580450065,237.33124923706055,237.10412314159942,,,,,,,,,,,,,-0.7643331065981868,0.656678964689803,0.1255357280581545,,,,,,,,,,,,,,,
10,4,1,236.30999755859375,41,41010,236.34500122070312,237.64500045776367,237.58912375195098,237.78237031228343,-1.4723727536896831,-0.035003662109375,-1.1417563388374674,-0.17237351662913625,-0.22825022244182946,236.30999755859375,237.74736665017406,236.64061397344597,237.6099967956543,237.5541200898416,,,,,,,,,,,,,-1.0943349376528744,0.3266771336351155,-0.204466102996533,,,,,,,,,,,,,,,
10,4,1,236.3800048828125,41,41010,236.34500122070312,237.64500045776367,237.58912375195098,237.78237031228343,-1.4023654294709331,0.035003662109375,-1.0717490146187174,-0.10236619241038625,-0.15824289822307946,236.3800048828125,237.8173739743928,236.71062129766472,237.68000411987305,237.62412741406035,,,,,,,,,,,,,-0.9843343273013118,0.436677743986678,-0.0944654926449705,,,,,,,,,,,,,,,
11,4,1,236.11000061035156,41,41011,236.4000015258789,237.69812679290771,237.58912375195098,237.78237031228343,-1.6723697019318706,-0.29000091552734375,-1.3948796222236979,-0.37424443490306203,-0.4832474758597982,236.11000061035156,237.4923693967561,236.38749069005974,237.40812587738037,237.29912283642363,,,,,,,,,,,,,-0.8543294444888118,0.566682626799178,0.035539390167529494,,,,,,,,,,,,,,,
11,4,1,236.69000244140625,41,41011,236.4000015258789,237.69812679290771,237.58912375195098,237.78237031228343,-1.0923678708771831,0.29000091552734375,-0.8148777911690104,0.20575739615162547,0.09675435519488929,236.69000244140625,238.07237122781078,236.96749252111442,237.98812770843506,237.87912466747832,,,,,,,,,,,,,-1.2243398204653744,0.19667225082261552,-0.334470985809033,,,,,,,,,,,,,,,
12,4,1,236.8000030517578,41,41012,236.625,237.7437515258789,237.58912375195098,237.78237031228343,-0.9823672605256206,0.1750030517578125,-0.7505019137886393,0.13638426535328563,-0.018243508574641965,236.8000030517578,237.95737336404125,237.0318683984948,237.91875457763672,237.7641268037088,,,,,,,,,,,,,-1.1993306651919369,0.22168140609605302,-0.3094618305355955,,,,,,,,,,,,,,,
12,4,1,236.4499969482422,41,41012,236.625,237.7437515258789,237.58912375195098,237.78237031228343,-1.3323733640412456,-0.1750030517578125,-1.1005080173042643,-0.21362183816233937,-0.36824961209026696,236.4499969482422,237.60736726052562,236.68186229497917,237.5687484741211,237.41412070019317,,,,,,,,,,,,,-0.8793385997622493,0.5416734715257405,0.010530234894091994,,,,,,,,,,,,,,,
13,4,1,236.97999572753906,41,41013,237.8499984741211,237.79514829710558,237.58912375195098,237.78237031228343,-0.8023745847443706,-0.8700027465820313,-0.6219060092340669,-0.8572247617598805,-1.0632493069144857,236.97999572753906,236.9123675657014,237.16046430304937,236.92514555052355,236.71912100536895,,,,,,,,,,,,,0.025667808929156877,1.4466798802171468,0.9155366435854982,,,,,,,,,,,,,,,
13,4,1,238.72000122070312,41,41013,237.8499984741211,237.79514829710558,237.58912375195098,237.78237031228343,0.9376309084196919,0.8700027465820313,1.1180994839299956,0.882780731404182,0.6767561862495768,238.72000122070312,238.65237305886546,238.90046979621343,238.66515104368762,238.459126498533,,,,,,,,,,,,,-2.104337073883343,-0.6833250025953533,-1.2144682392270019,,,,,,,,,,,,,,,
14,4,1,239.3000030517578,41,41014,239.83499908447266,238.12437343597412,237.58912375195098,237.78237031228343,1.5176327394743794,-0.5349960327148438,1.3688761761161459,-0.19299290902415578,-0.7282425930472982,239.3000030517578,237.2473742795686,239.15124648839958,237.58937740325928,237.05412771923613,,,,,,,,,,,,,-1.3893407359927181,0.031671335295271774,-0.49947190133637676,,,,,,,,,,,,,,,
14,4,1,240.3699951171875,41,41014,239.83499908447266,238.12437343597412,237.58912375195098,237.78237031228343,2.587624804904067,0.5349960327148438,2.4388682415458334,0.8769991564055317,0.3417494723823893,240.3699951171875,238.31736634499828,240.22123855382927,238.65936946868896,238.12411978466582,,,,,,,,,,,,,-0.689328528961468,0.7316835423265218,0.20054030569487324,,,,,,,,,,,,,,,
15,4,1,240.27999877929687,41,41015,239.8300018310547,237.86812686920166,237.58912375195098,237.78237031228343,2.497628467013442,0.4499969482421875,2.6051184704276693,0.5357535051604145,0.25675038790973304,240.27999877929687,238.23236726052562,240.3874887827111,238.31812381744385,238.03912070019317,,,,,,,,,,,,,-0.5143331065981868,0.906678964689803,0.3755357280581545,,,,,,,,,,,,,,,
15,4,1,239.3800048828125,41,41015,239.8300018310547,237.86812686920166,237.58912375195098,237.78237031228343,1.5976345705290669,-0.4499969482421875,1.7051245739432943,-0.36424039132396047,-0.643243508574642,239.3800048828125,237.33237336404125,239.48749488622673,237.41812992095947,237.1391268037088,,,,,,,,,,,,,-1.5643361583559994,-0.14332408706800948,-0.674467323699658,,,,,,,,,,,,,,,
16,4,1,239.77000427246094,41,41016,239.3300018310547,237.70312404632568,237.58912375195098,237.78237031228343,1.9876339601775044,0.44000244140625,2.2601267864677084,0.36075617544850047,0.24675588107379554,239.77000427246094,238.22237275368968,240.04249709875114,238.14312648773193,238.02912619335723,,,,,,,,,,,,,-3.224332191070843,-1.8033201197828532,-2.334463356414502,,,,,,,,,,,,,,,
16,4,1,238.88999938964844,41,41016,239.3300018310547,237.70312404632568,237.58912375195098,237.78237031228343,1.1076290773650044,-0.44000244140625,1.3801219036552084,-0.5192487073639995,-0.6332490017387045,238.88999938964844,237.34236787087718,239.16249221593864,237.26312160491943,237.14912131054473,,,,,,,,,,,,,1.1456629261166569,2.5666749974046468,2.035531760772998,,,,,,,,,,,,,,,
17,4,1,240.30999755859375,41,41017,240.11000061035156,238.15499877929687,237.58912375195098,237.78237031228343,2.527627246310317,0.1999969482421875,2.3482453396293295,0.5726254152556294,0.0067503879097330355,240.30999755859375,237.98236726052562,240.13061565191276,238.35499572753906,237.78912070019317,,,,,,,,,,,,,-1.3843282237856869,0.036683847502303024,-0.4944593891293455,,,,,,,,,,,,,,,
17,4,1,239.91000366210937,41,41017,240.11000061035156,238.15499877929687,237.58912375195098,237.78237031228343,2.127633349825942,-0.1999969482421875,1.9482514431449545,0.17263151877125438,-0.39324350857464196,239.91000366210937,237.58237336404125,239.7306217554284,237.9550018310547,237.3891268037088,,,,,,,,,,,,,-0.6943410411684993,0.7266710301194905,0.195527793487842,,,,,,,,,,,,,,,
18,4,1,239.00999450683594,41,41018,239.19499969482422,237.7574987411499,237.58912375195098,237.78237031228343,1.2276241945525044,-0.18500518798828125,1.4457423260184896,-0.20987675912181203,-0.3782517483207357,239.00999450683594,237.59736512429515,239.22811263830192,237.57249355316162,237.4041185639627,,,,,,,,,,,,,-1.0593312755434994,0.3616807957444905,-0.169462440887158,,,,,,,,,,,,,,,
18,4,1,239.3800048828125,41,41018,239.19499969482422,237.7574987411499,237.58912375195098,237.78237031228343,1.5976345705290669,0.18500518798828125,1.8157527019950521,0.16013361685475047,-0.008241372344173215,239.3800048828125,237.96737550027171,239.59812301427849,237.94250392913818,237.77412893993926,,,,,,,,,,,,,-1.0193379894106869,0.401674081877303,-0.1294691547543455,,,,,,,,,,,,,,,
19,4,1,236.77000427246094,41,41019,237.6750030517578,237.78437519073486,237.58912375195098,237.78237031228343,-1.0123660398224956,-0.904998779296875,-0.8211243579414713,-0.9029939008454448,-1.0982453396293295,236.77000427246094,236.87737153298656,236.96124595434196,236.879376411438,236.6841249726541,,,,,,,,,,,,,-0.9643376842349055,0.4566743870530843,-0.07446884957856426,,,,,,,,,,,,,,,
19,4,1,238.5800018310547,41,41019,237.6750030517578,237.78437519073486,237.58912375195098,237.78237031228343,0.7976315187712544,0.904998779296875,0.9888732006522787,0.9070036577483052,0.7117522189644205,238.5800018310547,238.6873690915803,238.7712435129357,238.68937397003174,238.49412253124785,,,,,,,,,,,,,-1.1143315807192806,0.3066804905687093,-0.22446274606293926,,,,,,,,,,,,,,,
20,4,1,239.64999389648437,41,41020,238.7161821043839,237.97466930539287,237.58912375195098,237.78237031228343,1.8676235842009419,0.9338117921004709,1.8685711514239642,1.126110785209903,0.7405652317680165,239.64999389648437,238.7161821043839,239.6509414637074,238.90848109749334,238.52293554405145,,,,,,,,,,,,,-1.9393361583559994,-0.5183240870680095,-1.0494673236996581,,,,,,,,,,,,,,,
20,4,1,237.7823703122834,41,41020,238.7161821043839,237.97466930539287,237.58912375195098,237.78237031228343,-0.00000000000002842170943040401,-0.9338117921004994,0.0009475672229939391,-0.7415127989910673,-1.1270583524329538,237.7823703122834,236.84855852018293,237.78331787950643,237.04085751329237,236.65531195985048,,,,,,,,,,,,,-0.13933310659818676,1.281678964689803,0.7505357280581545,,,,,,,,,,,,,,,
21,4,1,239.60000610351562,41,41021,238.23500061035156,237.85500049591064,237.58912375195098,237.78237031228343,1.8176357912321919,1.3650054931640625,1.938252167937435,1.437635676791274,1.171758932831608,239.60000610351562,239.1473758054475,239.72062248022087,239.2200059890747,238.95412924511504,,,,,,,,,,,,,0.6556650623471256,2.0766771336351155,1.5455338970034669,,,,,,,,,,,,,,,
21,4,1,236.8699951171875,41,41021,238.23500061035156,237.85500049591064,237.58912375195098,237.78237031228343,-0.9123751950959331,-1.3650054931640625,-0.7917588183906901,-1.292375309536851,-1.558252053496517,236.8699951171875,236.41736481911937,236.99061149389274,236.48999500274658,236.22411825878692,,,,,,,,,,,,,-2.734334327301312,-1.313322256013322,-1.8444654926449706,,,,,,,,,,,,,,,
22,4,1,236.66000366210937,41,41022,235.84500122070312,237.86187553405762,237.58912375195098,237.78237031228343,-1.1223666501740581,0.81500244140625,-1.0086253116157877,0.8945076631804341,0.6217558810737955,236.66000366210937,238.59737275368968,236.77374500066765,238.67687797546387,238.40412619335723,,,,,,,,,,,,,-0.8243306651919368,0.596681406096053,0.0655381694644045,,,,,,,,,,,,,,,
22,4,1,235.02999877929687,41,41022,235.84500122070312,237.86187553405762,237.58912375195098,237.78237031228343,-2.752371532986558,-0.81500244140625,-2.6386301944282877,-0.7354972196320659,-1.0082490017387045,235.02999877929687,236.96736787087718,235.14374011785515,237.04687309265137,236.77412131054473,,,,,,,,,,,,,-1.2543385997622494,0.16667347152574052,-0.364469765105908,,,,,,,,,,,,,,,
23,4,1,235.5500030517578,41,41023,235.84500122070312,237.78375053405762,237.58912375195098,237.78237031228343,-2.2323672605256206,-0.2949981689453125,-2.0405009219673502,-0.29361794717112844,-0.48824472927776696,235.5500030517578,237.48737214333812,235.74186939031608,237.4887523651123,237.29412558300567,,,,,,,,,,,,,-0.5593312755434993,0.8616807957444905,0.330537559112842,,,,,,,,,,,,,,,
23,4,1,236.13999938964844,41,41023,235.84500122070312,237.78375053405762,237.58912375195098,237.78237031228343,-1.6423709226349956,0.2949981689453125,-1.4505045840767252,0.29637839071949656,0.10175160861285804,236.13999938964844,238.07736848122875,236.3318657282067,238.07874870300293,237.8841219208963,,,,,,,,,,,,,-1.5193379894106869,-0.09832591812269698,-0.6294691547543455,,,,,,,,,,,,,,,
24,4,1,236.47999572753906,41,41024,236.90999603271484,237.52624988555908,237.58912375195098,237.78237031228343,-1.3023745847443706,-0.43000030517578125,-0.8530075976875651,-0.6861207319001323,-0.6232468655082357,236.47999572753906,237.35237000710765,236.92936271459587,237.0962495803833,237.1591234467752,,,,,,,,,,,,,-0.7993367687075618,0.621675302580428,0.0905320659487795,,,,,,,,,,,,,,,
24,4,1,237.33999633789062,41,41024,236.90999603271484,237.52624988555908,237.58912375195098,237.78237031228343,-0.4423739743928081,0.43000030517578125,0.006993012663997433,0.17387987845143016,0.23675374484332679,237.33999633789062,238.21237061745921,237.78936332494743,237.95625019073486,238.01912405712676,,,,,,,,,,,,,-1.2793324962466244,0.14167957504136552,-0.389463661590283,,,,,,,,,,,,,,,
25,4,1,235.7100067138672,41,41025,236.0500030517578,237.69375133514404,237.58912375195098,237.78237031228343,-2.0723635984162456,-0.339996337890625,-1.790498060944401,-0.42861531503001515,-0.5332428982230795,235.7100067138672,237.4423739743928,235.99187225133903,237.35375499725342,237.24912741406035,,,,,,,,,,,,,-0.7943318858950618,0.626680185392928,0.0955369487612795,,,,,,,,,,,,,,,
25,4,1,236.38999938964844,41,41025,236.0500030517578,237.69375133514404,237.58912375195098,237.78237031228343,-1.3923709226349956,0.339996337890625,-1.110505385163151,0.25137736075123485,0.14674977755817054,236.38999938964844,238.12236665017406,236.67186492712028,238.03374767303467,237.9291200898416,,,,,,,,,,,,,-1.2843373790591244,0.13667469222886552,-0.394468544402783,,,,,,,,,,,,,,,
26,4,1,237.17999267578125,41,41026,237.13499450683594,237.7831268310547,237.58912375195098,237.78237031228343,-0.6023776365021831,0.0449981689453125,-0.40988759494098304,0.04575468771656688,-0.14824839138714196,237.17999267578125,237.82736848122875,237.37248271734245,237.828125,237.6341219208963,,,,,,,,,,,,,0.14066567269868813,1.561677743986678,1.0305345073550294,,,,,,,,,,,,,,,
26,4,1,237.08999633789062,41,41026,237.13499450683594,237.7831268310547,237.58912375195098,237.78237031228343,-0.6923739743928081,-0.0449981689453125,-0.49988393283160804,-0.04424165017405812,-0.23824472927776696,237.08999633789062,237.73737214333812,237.28248637945183,237.73812866210937,237.54412558300567,,,,,,,,,,,,,-2.2193349376528744,-0.7983228663648846,-1.3294661029965331,,,,,,,,,,,,,,,
27,4,1,237.25,41,41027,236.76499938964844,237.79687213897705,237.58912375195098,237.78237031228343,-0.5323703122834331,0.4850006103515625,-0.3536255786445963,0.49950243704518016,0.29175405001910804,237.25,238.267370922635,237.42874473363884,238.2818727493286,238.07412436230254,,,,,,,,,,,,,-5.084332801422406,-3.6633207301344153,-4.194463966766064,,,,,,,,,,,,,,,
27,4,1,236.27999877929687,41,41027,236.76499938964844,237.79687213897705,237.58912375195098,237.78237031228343,-1.5023715329865581,-0.4850006103515625,-1.3236267993477213,-0.47049878365794484,-0.678247170684017,236.27999877929687,237.29736970193187,236.4587435129357,237.3118715286255,237.10412314159942,,,,,,,,,,,,,3.00566353646822,4.426675607756209,3.89553237112456,,,,,,,,,,,,,,,
28,4,1,236.0800018310547,41,41028,236.13999938964844,237.70562362670898,237.58912375195098,237.78237031228343,-1.7023684812287456,-0.05999755859375,-1.4323752353218424,-0.13674424416819875,-0.25324411892620446,236.0800018310547,237.72237275368968,236.3499950769616,237.64562606811523,237.52912619335723,,,,,,,,,,,,,-0.8693364635317805,0.5516756077562093,0.020532371124560744,,,,,,,,,,,,,,,
28,4,1,236.1999969482422,41,41028,236.13999938964844,237.70562362670898,237.58912375195098,237.78237031228343,-1.5823733640412456,0.05999755859375,-1.3123801181343424,-0.016749126980698748,-0.13324900173870446,236.1999969482422,237.84236787087718,236.4699901941491,237.76562118530273,237.64912131054473,,,,,,,,,,,,,-1.2093328014224056,0.21167926986558427,-0.31946396676606426,,,,,,,,,,,,,,,
29,4,1,236.25,41,41029,236.80999755859375,237.80312538146973,237.58912375195098,237.78237031228343,-1.5323703122834331,-0.55999755859375,-1.359878821137272,-0.5392424894074566,-0.7532441189262045,236.25,237.22237275368968,236.42249149114616,237.24312782287598,237.02912619335723,,,,,,,,,,,,,-1.0443395152895931,0.3766725559983968,-0.15447068063325176,,,,,,,,,,,,,,,
29,4,1,237.3699951171875,41,41029,236.80999755859375,237.80312538146973,237.58912375195098,237.78237031228343,-0.4123751950959331,0.55999755859375,-0.2398837039497721,0.5807526277800434,0.36675099826129554,237.3699951171875,238.34236787087718,237.54248660833366,238.36312294006348,238.14912131054473,,,,,,,,,,,,,-1.0343297496645931,0.3866823216233968,-0.14446091500825176,,,,,,,,,,,,,,,
30,4,1,236.41000366210937,41,41030,236.66500091552734,237.6043758392334,237.58912375195098,237.78237031228343,-1.3723666501740581,-0.25499725341796875,-1.001125616791569,-0.43299172646800344,-0.4482438137504232,236.41000366210937,237.52737305886546,236.78124469549186,237.34937858581543,237.334126498533,,,,,,,,,,,,,-0.8743337169497493,0.5466783543382405,0.015535117706591994,,,,,,,,,,,,,,,
30,4,1,236.9199981689453,41,41030,236.66500091552734,237.6043758392334,237.58912375195098,237.78237031228343,-0.8623721433381206,0.25499725341796875,-0.4911311099556315,0.07700278036793407,0.061750693085514285,236.9199981689453,238.0373675657014,237.2912392023278,237.85937309265137,237.84412100536895,,,,,,,,,,,,,-1.2043355480044369,0.21667652328355302,-0.3144667133480955,,,,,,,,,,,,,,,
31,4,1,236.77999877929687,41,41031,236.46499633789062,237.66437530517578,237.58912375195098,237.78237031228343,-1.0023715329865581,0.31500244140625,-0.6911299655464518,0.19700743429859813,0.12175588107379554,236.77999877929687,238.09737275368968,237.09124034673698,237.97937774658203,237.90412619335723,,,,,,,,,,,,,-0.7493337169497493,0.6716783543382405,0.140535117706592,,,,,,,,,,,,,,,
31,4,1,236.14999389648437,41,41031,236.46499633789062,237.66437530517578,237.58912375195098,237.78237031228343,-1.6323764157990581,-0.31500244140625,-1.3211348483589518,-0.4329974485139019,-0.5082490017387045,236.14999389648437,237.46736787087718,236.46123546392448,237.34937286376953,237.27412131054473,,,,,,,,,,,,,-1.3293355480044369,0.09167652328355302,-0.4394667133480955,,,,,,,,,,,,,,,
32,4,1,236.5500030517578,41,41032,236.01000213623047,237.8681230545044,237.58912375195098,237.78237031228343,-1.2323672605256206,0.5400009155273438,-1.1248734424141276,0.6257536577483052,0.3467543551948893,236.5500030517578,238.32237122781078,236.6574968698693,238.40812397003174,238.12912466747832,,,,,,,,,,,,,-1.4843343273013119,-0.06332225601332198,-0.5944654926449705,,,,,,,,,,,,,,,
32,4,1,235.47000122070312,41,41032,236.01000213623047,237.8681230545044,237.58912375195098,237.78237031228343,-2.312369091580308,-0.5400009155273438,-2.204875273468815,-0.45424817330638234,-0.7332474758597982,235.47000122070312,237.2423693967561,235.57749503881462,237.32812213897705,237.04912283642363,,,,,,,,,,,,,-0.5943349376528743,0.8266771336351155,0.295533897003467,,,,,,,,,,,,,,,
33,4,1,237.5399932861328,41,41033,237.17499542236328,237.74562454223633,237.58912375195098,237.78237031228343,-0.24237702615062062,0.36499786376953125,-0.01238469577106116,0.32825209372242625,0.17175130343707679,237.5399932861328,238.14736817605296,237.76998561651237,238.11062240600586,237.9541216157205,,,,,,,,,,,,,-1.2693379894106869,0.15167408187730302,-0.3794691547543455,,,,,,,,,,,,,,,
33,4,1,236.80999755859375,41,41033,237.17499542236328,237.74562454223633,237.58912375195098,237.78237031228343,-0.9723727536896831,-0.36499786376953125,-0.7423804233101237,-0.40174363381663625,-0.5582444241019857,236.80999755859375,237.4173724485139,237.0399898889733,237.3806266784668,237.22412588818145,,,,,,,,,,,,,-0.8093312755434993,0.6116807957444905,0.080537559112842,,,,,,,,,,,,,,,
34,4,1,235.69000244140625,41,41034,236.4000015258789,237.6381254196167,237.58912375195098,237.78237031228343,-2.092367870877183,-0.7099990844726563,-1.7548764178779948,-0.8542439771393902,-0.9032456448051107,235.69000244140625,237.07237122781078,236.02749389440544,236.92812633514404,236.87912466747832,,,,,,,,,,,,,-1.0493367687075619,0.371675302580428,-0.1594679340512205,,,,,,,,,,,,,,,
34,4,1,237.11000061035156,41,41034,236.4000015258789,237.6381254196167,237.58912375195098,237.78237031228343,-0.6723697019318706,0.7099990844726563,-0.33487824893268225,0.5657541918059224,0.5167525241402018,237.11000061035156,238.4923693967561,237.44749206335075,238.34812450408936,238.29912283642363,,,,,,,,,,,,,-1.0293324962466244,0.3916795750413655,-0.139463661590283,,,,,,,,,,,,,,,
35,4,1,236.19000244140625,41,41035,237.68499755859375,237.66669584499115,237.58912375195098,237.78237031228343,-1.5923678708771831,-1.4949951171875,-1.2834468432524488,-1.6106695844797798,-1.6882416775199545,236.19000244140625,236.28737519509593,236.49892346903098,236.17170072780365,236.09412863476348,,,,,,,,,,,,,-0.3231525280932174,1.0978595431947724,0.5667163065631239,,,,,,,,,,,,,,,
35,4,1,239.17999267578125,41,41035,237.68499755859375,237.66669584499115,237.58912375195098,237.78237031228343,1.3976223634978169,1.4949951171875,1.7065433911225512,1.3793206498952202,1.3017485568550455,239.17999267578125,239.27736542947093,239.48891370340598,239.16169096217865,239.08411886913848,,,,,,,,,,,,,-1.7555167368609972,-0.3345046655730073,-0.8656479022046558,,,,,,,,,,,,,,,
36,4,1,238.64999389648437,41,41036,238.76499938964844,237.74437522888184,237.58912375195098,237.78237031228343,0.8676235842009419,-0.1150054931640625,1.0988652279349935,-0.15300057656565969,-0.30825205349651696,238.64999389648437,237.66736481911937,238.88123554021843,237.62936973571777,237.47411825878692,,,,,,,,,,,,,-1.8043340221255306,-0.3833219508375407,-0.9144651874691893,,,,,,,,,,,,,,,
36,4,1,238.8800048828125,41,41036,238.76499938964844,237.74437522888184,237.58912375195098,237.78237031228343,1.0976345705290669,0.1150054931640625,1.3288762142631185,0.07701040976246532,-0.07824106716839197,238.8800048828125,237.8973758054475,239.11124652654655,237.8593807220459,237.70412924511504,,,,,,,,,,,,,-0.2743352428286555,1.1466768284593343,0.6155335918276857,,,,,,,,,,,,,,,
37,4,1,238.33999633789062,41,41037,238.4949951171875,237.6393747329712,237.58912375195098,237.78237031228343,0.5576260256071919,-0.154998779296875,0.8938681652518881,-0.2979943586091167,-0.34824533962932946,238.33999633789062,237.62737153298656,238.67623847753532,237.48437595367432,237.4341249726541,,,,,,,,,,,,,-0.34433493765287426,1.0766771336351155,0.545533897003467,,,,,,,,,,,,,,,
37,4,1,238.64999389648437,41,41037,238.4949951171875,237.6393747329712,237.58912375195098,237.78237031228343,0.8676235842009419,0.154998779296875,1.203865723845638,0.012003199984633284,-0.038247781035579465,238.64999389648437,237.9373690915803,238.98623603612907,237.79437351226807,237.74412253124785,,,,,,,,,,,,,-1.7343343273013119,-0.313322256013322,-0.8444654926449705,,,,,,,,,,,,,,,
38,4,1,238.72000122070312,41,41038,238.4749984741211,237.9143762588501,237.58912375195098,237.78237031228343,0.9376309084196919,0.24500274658203125,0.9988715221854818,0.3770086931486958,0.051756186249576785,238.72000122070312,238.02737305886546,238.78124183446891,238.15937900543213,237.834126498533,,,,,,,,,,,,,-1.5943349376528744,-0.17332286636488448,-0.704466102996533,,,,,,,,,,,,,,,
38,4,1,238.22999572753906,41,41038,238.4749984741211,237.9143762588501,237.58912375195098,237.78237031228343,0.4476254152556294,-0.24500274658203125,0.5088660290214193,-0.11299680001536672,-0.4382493069144857,238.22999572753906,237.5373675657014,238.29123634130485,237.66937351226807,237.34412100536895,,,,,,,,,,,,,-0.48433432730131176,0.936677743986678,0.4055345073550295,,,,,,,,,,,,,,,
39,4,1,239.4199981689453,41,41039,239.44000244140625,238.16625022888184,237.58912375195098,237.78237031228343,1.6376278566618794,-0.0200042724609375,1.446994500395931,0.3638756441374653,-0.21325083279339196,239.4199981689453,237.7623660398225,239.22936481267936,238.1462459564209,237.56911947949004,,,,,,,,,,,,,-0.6743367687075618,0.746675302580428,0.2155320659487795,,,,,,,,,,,,,,,
39,4,1,239.4600067138672,41,41039,239.44000244140625,238.16625022888184,237.58912375195098,237.78237031228343,1.6776364015837544,0.0200042724609375,1.487003045317806,0.4038841890593403,-0.17324228787151696,239.4600067138672,237.80237458474437,239.26937335760124,238.18625450134277,237.60912802441192,,,,,,,,,,,,,-1.4043324962466244,0.016679575041365524,-0.514463661590283,,,,,,,,,,,,,,,
40,4,1,238.25999450683594,41,41040,238.92499542236328,237.60000038146973,237.58912375195098,237.78237031228343,0.4776241945525044,-0.6650009155273438,0.8532406856986654,-0.8473708463410503,-0.8582474758597982,238.25999450683594,237.1173693967561,238.6356109979821,236.93499946594238,236.92412283642363,,,,,,,,,,,,,-1.5593312755434994,-0.13831920425550948,-0.669462440887158,,,,,,,,,,,,,,,
40,4,1,239.58999633789062,41,41040,238.92499542236328,237.60000038146973,237.58912375195098,237.78237031228343,1.8076260256071919,0.6650009155273438,2.183242516753353,0.4826309847136372,0.4717543551948893,239.58999633789062,238.44737122781078,239.9656128290368,238.26500129699707,238.25412466747832,,,,,,,,,,,,,-0.5193379894106868,0.901674081877303,0.3705308452456545,,,,,,,,,,,,,,,
41,4,1,238,41,41041,238.44499969482422,237.68812465667725,237.58912375195098,237.78237031228343,0.21762968771656688,-0.44499969482421875,0.5051219036552084,-0.5392453504304058,-0.6382462551566732,238,237.33737061745921,238.28749221593864,237.24312496185303,237.14412405712676,,,,,,,,,,,,,-0.5143331065981868,0.906678964689803,0.3755357280581545,,,,,,,,,,,,,,,
41,4,1,238.88999938964844,41,41041,238.44499969482422,237.68812465667725,237.58912375195098,237.78237031228343,1.1076290773650044,0.44499969482421875,1.3951212933036459,0.3507540392180317,0.2517531344917643,238.88999938964844,238.22737000710765,239.17749160558708,238.13312435150146,238.0341234467752,,,,,,,,,,,,,-1.5643361583559994,-0.14332408706800948,-0.674467323699658,,,,,,,,,,,,,,,
42,4,1,238.9199981689453,41,41042,238.44499969482422,237.74279674679912,237.58912375195098,237.78237031228343,1.1376278566618794,0.47499847412109375,1.3704479824786517,0.43542490863677585,0.2817519137886393,238.9199981689453,238.25736878640453,239.15281829476208,238.2177952209202,238.06412222607207,,,,,,,,,,,,,-1.7993367687075619,-0.378324697419572,-0.9094679340512205,,,,,,,,,,,,,,,
42,4,1,237.97000122070312,41,41042,238.44499969482422,237.74279674679912,237.58912375195098,237.78237031228343,0.18763090841969188,-0.47499847412109375,0.42045103423646424,-0.5145720396054117,-0.6682450344535482,237.97000122070312,237.30737183816234,238.2028213465199,237.26779827267802,237.11412527782988,,,,,,,,,,,,,-0.27933249624662426,1.1416795750413655,0.610536338409717,,,,,,,,,,,,,,,
43,4,1,238.52000427246094,41,41043,238.79500579833984,237.8493776321411,237.58912375195098,237.78237031228343,0.7376339601775044,-0.27500152587890625,0.8638732006522787,-0.2079942060212261,-0.4682480862113607,238.52000427246094,237.50736878640453,238.6462435129357,237.5743761062622,237.31412222607207,,,,,,,,,,,,,-1.5343373790591244,-0.11332530777113448,-0.644468544402783,,,,,,,,,,,,,,,
43,4,1,239.07000732421875,41,41043,238.79500579833984,237.8493776321411,237.58912375195098,237.78237031228343,1.2876370119353169,0.27500152587890625,1.4138762524100912,0.3420088457365864,0.08175496554645179,239.07000732421875,238.05737183816234,239.19624656469352,238.12437915802002,237.86412527782988,,,,,,,,,,,,,-0.5443318858950618,0.876680185392928,0.3455369487612795,,,,,,,,,,,,,,,
44,4,1,238.1999969482422,41,41044,239.01000213623047,237.91624927520752,237.58912375195098,237.78237031228343,0.4176266359587544,-0.8100051879882813,0.47699423336712243,-0.6761262250641948,-1.0032517483207357,238.1999969482422,236.97236512429515,238.25936454565056,237.10624408721924,236.7791185639627,,,,,,,,,,,,,-1.1293309703677181,0.2916811009202718,-0.23946213571137676,,,,,,,,,,,,,,,
44,4,1,239.82000732421875,41,41044,239.01000213623047,237.91624927520752,237.58912375195098,237.78237031228343,2.037637011935317,0.8100051879882813,2.097004609343685,0.9438841509123677,0.6167586276558268,239.82000732421875,238.59237550027171,239.87937492162712,238.7262544631958,238.39912893993926,,,,,,,,,,,,,-0.949338294586468,0.4716737767015218,-0.059469459930126756,,,,,,,,,,,,,,,
45,4,1,239.77000427246094,41,41045,239.01000213623047,237.68687438964844,237.58912375195098,237.78237031228343,1.9876339601775044,0.7600021362304688,2.2763764431449545,0.6645062135954731,0.5667555758980143,239.77000427246094,238.5423724485139,240.0587467554284,238.4468765258789,238.34912588818145,,,,,,,,,,,,,0.015665672698688127,1.436677743986678,0.9055345073550295,,,,,,,,,,,,,,,
45,4,1,238.25,41,41045,239.01000213623047,237.68687438964844,237.58912375195098,237.78237031228343,0.4676296877165669,-0.7600021362304688,0.756372170684017,-0.8554980588654644,-0.9532486965629232,238.25,237.02236817605296,238.53874248296745,236.92687225341797,236.8291216157205,,,,,,,,,,,,,-2.0943349376528744,-0.6733228663648846,-1.2044661029965331,,,,,,,,,,,,,,,
46,4,1,239.35000610351562,41,41046,238.93500518798828,237.79374980926514,237.58912375195098,237.78237031228343,1.5676357912321919,0.41500091552734375,1.7495028545829427,0.42638041250904735,0.22175435519488929,239.35000610351562,238.19737122781078,239.53187316686638,238.20875072479248,238.00412466747832,,,,,,,,,,,,,-1.7293370738833431,-0.3083250025953532,-0.8394682392270018,,,,,,,,,,,,,,,
46,4,1,238.52000427246094,41,41046,238.93500518798828,237.79374980926514,237.58912375195098,237.78237031228343,0.7376339601775044,-0.41500091552734375,0.9195010235282553,-0.40362141854564015,-0.6082474758597982,238.52000427246094,237.3673693967561,238.7018713358117,237.3787488937378,237.17412283642363,,,,,,,,,,,,,-0.349332191070843,1.0716798802171468,0.5405366435854982,,,,,,,,,,,,,,,
47,4,1,237.9600067138672,41,41047,238.06999969482422,237.3268756866455,237.58912375195098,237.78237031228343,0.17763640158375438,-0.10999298095703125,0.8263775875541342,-0.5654876065949566,-0.3032395412894857,237.9600067138672,237.6723773313264,238.60874789983757,237.21688270568848,237.47913077099395,,,,,,,,,,,,,-0.5743306651919368,0.846681406096053,0.3155381694644045,,,,,,,,,,,,,,,
47,4,1,238.17999267578125,41,41047,238.06999969482422,237.3268756866455,237.58912375195098,237.78237031228343,0.3976223634978169,0.10999298095703125,1.0463635494681967,-0.34550164468089406,-0.08325357937542322,238.17999267578125,237.89236329324046,238.82873386175163,237.43686866760254,237.699116732908,,,,,,,,,,,,,-1.5043385997622494,-0.08332652847425948,-0.614469765105908,,,,,,,,,,,,,,,
48,4,1,238.6199951171875,41,41048,238.1699981689453,237.79000186920166,237.58912375195098,237.78237031228343,0.8376248049040669,0.4499969482421875,1.0232398083182943,0.45762850516041453,0.25675038790973304,238.6199951171875,238.23236726052562,238.80561012060173,238.23999881744385,238.03912070019317,,,,,,,,,,,,,-1.6793340221255306,-0.2583219508375407,-0.7894651874691893,,,,,,,,,,,,,,,
48,4,1,237.72000122070312,41,41048,238.1699981689453,237.79000186920166,237.58912375195098,237.78237031228343,-0.06236909158030812,-0.4499969482421875,0.12324591183391931,-0.44236539132396047,-0.643243508574642,237.72000122070312,237.33237336404125,237.90561622411735,237.34000492095947,237.1391268037088,,,,,,,,,,,,,-0.3993352428286555,1.0216768284593343,0.49053359182768574,,,,,,,,,,,,,,,
49,4,1,238.0800018310547,41,41049,238.7949981689453,238.10499954223633,237.58912375195098,237.78237031228343,0.2976315187712544,-0.714996337890625,0.16824884915081384,-0.39236710793773,-0.9082428982230795,238.0800018310547,237.0673739743928,237.95061916143425,237.3900032043457,236.87412741406035,,,,,,,,,,,,,-1.9443334117739681,-0.5233213404859782,-1.0544645771176269,,,,,,,,,,,,,,,
49,4,1,239.50999450683594,41,41049,238.7949981689453,238.10499954223633,237.58912375195098,237.78237031228343,1.7276241945525044,0.714996337890625,1.5982415249320638,1.03762556784352,0.5217497775581705,239.50999450683594,238.49736665017406,239.3806118372155,238.81999588012695,238.3041200898416,,,,,,,,,,,,,-0.134335853180218,1.2866762181077718,0.7555329814761232,,,,,,,,,,,,,,,
50,4,1,240.63999938964844,41,41050,238.38999938964844,238.1152962127415,237.58912375195098,237.78237031228343,2.8576290773650044,2.25,2.717949737239394,2.582925900458065,2.0567534396675455,240.63999938964844,240.03237031228343,240.50032004952283,240.3652962127415,239.83912375195098,,,,,,,,,,,,,-1.8731479504564987,-0.45213587916850884,-0.9832791158001574,,,,,,,,,,,,,,,
50,4,1,236.13999938964844,41,41050,238.38999938964844,238.1152962127415,237.58912375195098,237.78237031228343,-1.6423709226349956,-2.25,-1.782050262760606,-1.917074099541935,-2.4432465603324545,236.13999938964844,235.53237031228343,236.00032004952283,235.8652962127415,235.33912375195098,,,,,,,,,,,,,-0.20552131449771582,1.215490756790274,0.6843475201586254,,,,,,,,,,,,,,,
1,4,2,241.88999938964844,42,42001,241.25,237.54937362670898,238.09014859643125,237.78237031228343,4.107629077365004,0.6399993896484375,4.032847478791638,0.40700270407398875,0.9477776737962529,241.88999938964844,238.42236970193187,241.81521779107507,238.18937301635742,238.7301479860797,,,,,,,,,,,,,0.6972652515561181,1.0216768284593343,0.5088343730776767,,,,,,,,,,,,,,,
1,4,2,240.61000061035156,42,42001,241.25,237.54937362670898,238.09014859643125,237.78237031228343,2.8276302980681294,-0.6399993896484375,2.7528486994947627,-0.8729960752228863,-0.3322211055006221,240.61000061035156,237.142370922635,240.5352190117782,236.90937423706055,237.4501492067828,,,,,,,,,,,,,-0.5827335277407569,-0.2583219508375407,-0.7711644062191984,,,,,,,,,,,,,,,
2,4,2,238.99000549316406,42,42002,238.97000122070312,237.46264879301626,238.09014859643125,237.78237031228343,1.2076351808806294,0.0200042724609375,1.2195784159999903,-0.2997172468062388,0.3277825566087529,238.99000549316406,237.80237458474437,239.00194872828342,237.4826530654772,238.1101528688922,,,,,,,,,,,,,0.0772701343686181,0.4016817112718343,-0.11116074410982335,,,,,,,,,,,,,,,
2,4,2,238.9499969482422,42,42002,238.97000122070312,237.46264879301626,238.09014859643125,237.78237031228343,1.1676266359587544,-0.0200042724609375,1.1795698710781153,-0.3397257917281138,0.2877740116868779,238.9499969482422,237.7623660398225,238.96194018336155,237.44264452055532,238.0701443239703,,,,,,,,,,,,,0.03726158944674309,0.3616731663499593,-0.15116928903169838,,,,,,,,,,,,,,,
3,4,2,239.10000610351562,42,42003,239.375,238.0143756866455,238.09014859643125,237.78237031228343,1.3176357912321919,-0.274993896484375,0.7778521327223018,-0.04298852212230031,0.032784387663440384,239.10000610351562,237.50737641579906,238.56022244500573,237.73938179016113,237.81515469994687,,,,,,,,,,,,,-0.2177280345766944,0.10668354232652177,-0.40615891305513585,,,,,,,,,,,,,,,
3,4,2,239.64999389648437,42,42003,239.375,238.0143756866455,238.09014859643125,237.78237031228343,1.8676235842009419,0.274993896484375,1.3278399256910518,0.5069992708464497,0.5827721806321904,239.64999389648437,238.0573642087678,239.11021023797448,238.28936958312988,238.36514249291562,,,,,,,,,,,,,0.33225975839205557,0.6566713352952718,0.14382887991361415,,,,,,,,,,,,,,,
4,4,2,238.9600067138672,42,42004,238.61500549316406,237.57937622070312,238.09014859643125,237.78237031228343,1.1776364015837544,0.345001220703125,1.0728522090162471,0.14200712912281688,0.6527795048509404,238.9600067138672,238.12737153298656,238.85522252129968,237.92437744140625,238.43514981713437,,,,,,,,,,,,,0.40226708261080557,0.7266786595140218,0.21383620413236415,,,,,,,,,,,,,,,
4,4,2,238.27000427246094,42,42004,238.61500549316406,237.57937622070312,238.09014859643125,237.78237031228343,0.4876339601775044,-0.345001220703125,0.3828497676099971,-0.5479953122834331,-0.037222936555309616,238.27000427246094,237.4373690915803,238.16522007989343,237.234375,237.74514737572812,,,,,,,,,,,,,-0.28773535879544443,0.036676218107771774,-0.47616623727388585,,,,,,,,,,,,,,,
5,4,2,239.00999450683594,42,42005,238.90499877929687,237.79937648773193,238.09014859643125,237.78237031228343,1.2276241945525044,0.1049957275390625,0.9028397349561885,0.12200190298756297,0.4127740116868779,239.00999450683594,237.8873660398225,238.68521004723962,237.904372215271,238.1951443239703,,,,,,,,,,,,,0.1622615894467431,0.4866731663499593,-0.02616928903169835,,,,,,,,,,,,,,,
5,4,2,238.8000030517578,42,42005,238.90499877929687,237.79937648773193,238.09014859643125,237.78237031228343,1.0176327394743794,-0.1049957275390625,0.6928482798780635,-0.08798955209056203,0.20278255660875288,238.8000030517578,237.67737458474437,238.4752185921615,237.69438076019287,237.9851528688922,,,,,,,,,,,,,-0.04772986563138191,0.2766817112718343,-0.23616074410982338,,,,,,,,,,,,,,,
6,4,2,238.22000122070312,42,42006,238.66000366210937,237.80750179290771,238.09014859643125,237.78237031228343,0.4376309084196919,-0.44000244140625,0.10472114364759477,-0.4148709607819683,-0.13222415725843462,238.22000122070312,237.34236787087718,237.88709145593103,237.36749935150146,237.650146155025,,,,,,,,,,,,,-0.38273657949856943,-0.058325002595353226,-0.5711674579770109,,,,,,,,,,,,,,,
6,4,2,239.10000610351562,42,42006,238.66000366210937,237.80750179290771,238.09014859643125,237.78237031228343,1.3176357912321919,0.44000244140625,0.9847260264600948,0.4651339220305317,0.7477807255540654,239.10000610351562,238.22237275368968,238.76709633874353,238.24750423431396,238.5301510378375,,,,,,,,,,,,,0.49726830331393057,0.8216798802171468,0.30883742483548915,,,,,,,,,,,,,,,
7,4,2,239.38999938964844,42,42007,239.91500091552734,237.69375038146973,238.09014859643125,237.78237031228343,1.6076290773650044,-0.5250015258789063,1.3884707240308956,-0.6136214566926128,-0.21722324173109087,239.38999938964844,237.25736878640453,239.17084103631433,237.16874885559082,237.56514707055234,,,,,,,,,,,,,-0.4677356639712257,-0.14332408706800948,-0.6561665424496671,,,,,,,,,,,,,,,
7,4,2,240.44000244140625,42,42007,239.91500091552734,237.69375038146973,238.09014859643125,237.78237031228343,2.657632129122817,0.5250015258789063,2.438473775788708,0.4363815950651997,0.8327798100267216,240.44000244140625,238.30737183816234,240.22084408807214,238.21875190734863,238.61515012231015,,,,,,,,,,,,,0.5822673877865868,0.906678964689803,0.3938365093081454,,,,,,,,,,,,,,,
8,4,2,241.0500030517578,42,42008,240.09000396728516,238.07125091552734,238.09014859643125,237.78237031228343,3.2676327394743794,0.9599990844726563,2.6709738520826534,1.2488796877165669,1.2677773686204716,241.0500030517578,238.7423693967561,240.4533441643661,239.03125,239.0501476809039,,,,,,,,,,,,,1.017264946380337,1.341676523283553,0.8288340679018954,,,,,,,,,,,,,,,
8,4,2,239.1300048828125,42,42008,240.09000396728516,238.07125091552734,238.09014859643125,237.78237031228343,1.3476345705290669,-0.9599990844726563,0.7509756831373409,-0.6711184812287456,-0.6522208003248409,239.1300048828125,236.82237122781078,238.53334599542077,237.1112518310547,237.1301495119586,,,,,,,,,,,,,-0.9027332225649757,-0.5783216456617595,-1.0911641010434172,,,,,,,,,,,,,,,
9,4,2,239.10000610351562,42,42009,239.6550064086914,237.8162498474121,238.09014859643125,237.78237031228343,1.3176357912321919,-0.5550003051757813,0.9759779719557002,-0.521120770047105,-0.24722202102796587,239.10000610351562,237.22737000710765,238.75834828423913,237.26124954223633,237.53514829125547,,,,,,,,,,,,,-0.4977344432681007,-0.17332286636488448,-0.6861653217465421,,,,,,,,,,,,,,,
9,4,2,240.2100067138672,42,42009,239.6550064086914,237.8162498474121,238.09014859643125,237.78237031228343,2.4276364015837544,0.5550003051757813,2.0859785823072627,0.5888798403044575,0.8627785893235966,240.2100067138672,238.33737061745921,239.8683488945907,238.3712501525879,238.64514890160703,,,,,,,,,,,,,0.6122661670834618,0.936677743986678,0.4238352886050204,,,,,,,,,,,,,,,
10,4,2,239.1199951171875,42,42010,239.0199966430664,237.64500045776367,238.09014859643125,237.78237031228343,1.3376248049040669,0.09999847412109375,1.1672163752760127,-0.0373713803986675,0.40777675826890913,239.1199951171875,237.88236878640453,238.94958668755945,237.74499893188477,238.19014707055234,,,,,,,,,,,,,0.15726433602877435,0.4816759129319905,-0.0311665424496671,,,,,,,,,,,,,,,
10,4,2,238.9199981689453,42,42010,239.0199966430664,237.64500045776367,238.09014859643125,237.78237031228343,1.1376278566618794,-0.09999847412109375,0.9672194270338252,-0.237368328640855,0.20777981002672163,238.9199981689453,237.68237183816234,238.74958973931726,237.54500198364258,237.99015012231015,,,,,,,,,,,,,-0.04273261221341316,0.281678964689803,-0.23116349069185463,,,,,,,,,,,,,,,
11,4,2,239.77999877929687,42,42011,239.06500244140625,237.69812679290771,238.09014859643125,237.78237031228343,1.9976284670134419,0.714996337890625,1.7740937022413448,0.6307528185149067,1.0227746220384404,239.77999877929687,238.49736665017406,239.55646401452478,238.41312313079834,238.80514493432187,,,,,,,,,,,,,0.7722621997983056,1.0966737767015218,0.5838313213198642,,,,,,,,,,,,,,,
11,4,2,238.35000610351562,42,42011,239.06500244140625,237.69812679290771,238.09014859643125,237.78237031228343,0.5676357912321919,-0.714996337890625,0.34410102646009477,-0.7992398572663433,-0.4072180537428096,238.35000610351562,237.0673739743928,238.12647133874353,236.9831304550171,237.37515225854062,,,,,,,,,,,,,-0.6577304759829444,-0.3333188990797282,-0.8461613544613859,,,,,,,,,,,,,,,
12,4,2,238.60000610351562,42,42012,238.7100067138672,237.7437515258789,238.09014859643125,237.78237031228343,0.8176357912321919,-0.1100006103515625,0.5484762934889034,-0.14861939675608937,0.19777767379625288,238.60000610351562,237.67236970193187,238.33084660577234,237.63375091552734,237.9801479860797,,,,,,,,,,,,,-0.05273474844388191,0.2716768284593343,-0.24116562692232338,,,,,,,,,,,,,,,
12,4,2,238.82000732421875,42,42012,238.7100067138672,237.7437515258789,238.09014859643125,237.78237031228343,1.0376370119353169,0.1100006103515625,0.7684775141920284,0.07138182394703563,0.4177788944993779,238.82000732421875,237.892370922635,238.55084782647546,237.85375213623047,238.2001492067828,,,,,,,,,,,,,0.1672664722592431,0.4916780491624593,-0.02116440621919835,,,,,,,,,,,,,,,
13,4,2,238.3000030517578,42,42013,237.28500366210937,237.79514829710558,238.09014859643125,237.78237031228343,0.5176327394743794,1.0149993896484375,0.19707647050441324,1.0277773744705883,1.3227776737962529,238.3000030517578,238.79736970193187,237.97944678278785,238.81014768675402,239.1051479860797,,,,,,,,,,,,,1.072265251556118,1.3966768284593343,0.8838343730776767,,,,,,,,,,,,,,,
13,4,2,236.27000427246094,42,42013,237.28500366210937,237.79514829710558,238.09014859643125,237.78237031228343,-1.5123660398224956,-1.0149993896484375,-1.8329223087924618,-1.0022214048262867,-0.7072211055006221,236.27000427246094,236.767370922635,235.94944800349097,236.78014890745715,237.0751492067828,,,,,,,,,,,,,-0.957733527740757,-0.6333219508375408,-1.1461644062191985,,,,,,,,,,,,,,,
14,4,2,236.8800048828125,42,42014,237.06999969482422,238.12437343597412,238.09014859643125,237.78237031228343,-0.9023654294709331,-0.18999481201171875,-1.5521468373094365,0.15200831167896922,0.11778347213609663,236.8800048828125,237.59237550027171,236.230223474974,237.9343786239624,237.90015378441953,,,,,,,,,,,,,-0.13272895010403815,0.19168262679917802,-0.3211598285824796,,,,,,,,,,,,,,,
14,4,2,237.25999450683594,42,42014,237.06999969482422,238.12437343597412,238.09014859643125,237.78237031228343,-0.5223758054474956,0.18999481201171875,-1.172157213285999,0.5319979357024067,0.49777309615953413,237.25999450683594,237.97236512429515,236.61021309899743,238.31436824798584,238.28014340844297,,,,,,,,,,,,,0.24726067391939935,0.5716722508226155,0.0588297954409579,,,,,,,,,,,,,,,
15,4,2,237.10000610351562,42,42015,236.76000213623047,237.86812686920166,238.09014859643125,237.78237031228343,-0.6823642087678081,0.34000396728515625,-1.0758990498338505,0.4257605242033833,0.6477822514329716,237.10000610351562,238.1223742795686,236.70647126244958,238.20813083648682,238.4301525637164,,,,,,,,,,,,,0.3972698291928368,0.721681406096053,0.2088389507143954,,,,,,,,,,,,,,,
15,4,2,236.4199981689453,42,42015,236.76000213623047,237.86812686920166,238.09014859643125,237.78237031228343,-1.3623721433381206,-0.34000396728515625,-1.755906984404163,-0.2542474103669292,-0.032225683137340866,236.4199981689453,237.44236634499828,236.02646332787927,237.5281229019165,237.7501446291461,,,,,,,,,,,,,-0.2827381053774757,0.041673471525740524,-0.4711689838559171,,,,,,,,,,,,,,,
16,4,2,236.10000610351562,42,42016,236.36000061035156,237.70312404632568,238.09014859643125,237.78237031228343,-1.6823642087678081,-0.2599945068359375,-1.910896226957874,-0.33924077279368703,0.047783777311877884,236.10000610351562,237.5223758054475,235.87147408532556,237.44312953948975,237.8301540895953,,,,,,,,,,,,,-0.2027286449282569,0.12168293197495927,-0.39115952340669835,,,,,,,,,,,,,,,
16,4,2,236.6199951171875,42,42016,236.36000061035156,237.70312404632568,238.09014859643125,237.78237031228343,-1.1623751950959331,0.2599945068359375,-1.390907213285999,0.18074824087818797,0.5677727909837529,236.6199951171875,238.04236481911937,236.39146309899743,237.96311855316162,238.3501431032672,,,,,,,,,,,,,0.31726036874361807,0.6416719456468343,0.12882949026517665,,,,,,,,,,,,,,,
17,4,2,235.64999389648437,42,42017,235.76499938964844,238.15499877929687,238.09014859643125,237.78237031228343,-2.132376415799058,-0.1150054931640625,-2.8127831669603154,0.2576229738493794,0.19277279098375288,235.64999389648437,237.66736481911937,234.96958714532312,238.0399932861328,237.9751431032672,,,,,,,,,,,,,-0.05773963125638191,0.2666719456468343,-0.24617050973482338,,,,,,,,,,,,,,,
17,4,2,235.8800048828125,42,42017,235.76499938964844,238.15499877929687,238.09014859643125,237.78237031228343,-1.9023654294709331,0.1150054931640625,-2.5827721806321904,0.4876339601775044,0.4227837773118779,235.8800048828125,237.8973758054475,235.19959813165124,238.27000427246094,238.2051540895953,,,,,,,,,,,,,0.1722713550717431,0.4966829319749593,-0.01615952340669835,,,,,,,,,,,,,,,
18,4,2,236.33999633789063,42,42018,236.375,237.7574987411499,238.09014859643125,237.78237031228343,-1.4423739743928081,-0.035003662109375,-1.7252806874070927,-0.05987523324290578,0.2727746220384404,236.33999633789063,237.74736665017406,236.05708962487634,237.72249507904053,238.05514493432187,,,,,,,,,,,,,0.02226219979830559,0.3466737767015218,-0.16616867868013588,,,,,,,,,,,,,,,
18,4,2,236.41000366210937,42,42018,236.375,237.7574987411499,238.09014859643125,237.78237031228343,-1.3723666501740581,0.035003662109375,-1.6552733631883427,0.010132090975844221,0.3427819462571904,236.41000366210937,237.8173739743928,236.1270969490951,237.79250240325928,238.12515225854062,,,,,,,,,,,,,0.0922695240170556,0.4166811009202718,-0.09616135446138585,,,,,,,,,,,,,,,
19,4,2,238.4199981689453,42,42019,237.375,237.78437519073486,238.09014859643125,237.78237031228343,0.6376278566618794,1.0449981689453125,0.32784469406263383,1.0470030473967427,1.3527764530931279,238.4199981689453,238.82736848122875,238.11021500634607,238.82937335968018,239.13514676537656,,,,,,,,,,,,,1.102264030852993,1.4266756077562093,0.9138331523745517,,,,,,,,,,,,,,,
19,4,2,236.3300018310547,42,42019,237.375,237.78437519073486,238.09014859643125,237.78237031228343,-1.4523684812287456,-1.0449981689453125,-1.7621516438279912,-1.0429932904938823,-0.7372198847974971,236.3300018310547,236.73737214333812,236.02021866845544,236.73937702178955,237.04515042748594,,,,,,,,,,,,,-0.987732307037632,-0.6633207301344158,-1.1761631855160735,,,,,,,,,,,,,,,
20,4,2,235.88999938964844,42,42020,237.49500274658203,237.97466930539287,238.09014859643125,237.78237031228343,-1.8923709226349956,-1.6050033569335937,-2.392448199892243,-1.4127043638241616,-1.2972250727857784,235.88999938964844,236.17736695534984,235.3899221123912,236.36966594845927,236.48514523949765,,,,,,,,,,,,,-1.5477374950259133,-1.223325918122697,-1.7361683735043547,,,,,,,,,,,,,,,
20,4,2,239.10000610351562,42,42020,237.49500274658203,237.97466930539287,238.09014859643125,237.78237031228343,1.3176357912321919,1.6050033569335937,0.8175585139749444,1.7973023500430259,1.9127816410814091,239.10000610351562,239.38737366921703,238.59992882625838,239.57967266232646,239.69515195336484,,,,,,,,,,,,,1.6622692188412742,1.9866807957444905,1.4738383403628328,,,,,,,,,,,,,,,
21,4,2,236.3800048828125,42,42021,238.3800048828125,237.85500049591064,238.09014859643125,237.78237031228343,-1.4023654294709331,-2,-1.78277389724596,-1.9273698163727886,-1.6922217158521846,236.3800048828125,235.78237031228343,235.99959641503747,235.85500049591064,236.09014859643125,,,,,,,,,,,,,-1.9427341380923195,-1.6183225611891032,-2.131165016570761,,,,,,,,,,,,,,,
21,4,2,240.3800048828125,42,42021,238.3800048828125,237.85500049591064,238.09014859643125,237.78237031228343,2.597634570529067,2,2.21722610275404,2.0726301836272114,2.3077782841478154,240.3800048828125,239.78237031228343,239.99959641503747,239.85500049591064,240.09014859643125,,,,,,,,,,,,,2.0572658619076805,2.3816774388108968,1.868834983429239,,,,,,,,,,,,,,,
22,4,2,240.8300018310547,42,42022,240.03500366210937,237.86187553405762,238.09014859643125,237.78237031228343,3.0476315187712544,0.7949981689453125,2.660348012849255,0.8745033907194966,1.1027764530931279,240.8300018310547,238.57736848122875,240.4427183251327,238.65687370300293,238.88514676537656,,,,,,,,,,,,,0.8522640308529931,1.1766756077562093,0.6638331523745517,,,,,,,,,,,,,,,
22,4,2,239.24000549316406,42,42022,240.03500366210937,237.86187553405762,238.09014859643125,237.78237031228343,1.4576351808806294,-0.7949981689453125,1.07035167495863,-0.7154929471711284,-0.4872198847974971,239.24000549316406,236.98737214333812,238.85272198724206,237.0668773651123,237.29515042748594,,,,,,,,,,,,,-0.7377323070376319,-0.4133207301344157,-0.9261631855160734,,,,,,,,,,,,,,,
23,4,2,239.19000244140625,42,42023,239.1050033569336,237.78375053405762,238.09014859643125,237.78237031228343,1.4076321291228169,0.08499908447265625,1.0984736232008174,0.08637930624684032,0.39277736862047163,239.19000244140625,237.8673693967561,238.88084393548425,237.86874961853027,238.1751476809039,,,,,,,,,,,,,0.14226494638033685,0.466676523283553,-0.0461659320981046,,,,,,,,,,,,,,,
23,4,2,239.02000427246094,42,42023,239.1050033569336,237.78375053405762,238.09014859643125,237.78237031228343,1.2376339601775044,-0.08499908447265625,0.9284754542555049,-0.08361886269847219,0.22277919967515913,239.02000427246094,237.69737122781078,238.71084576653894,237.69875144958496,238.0051495119586,,,,,,,,,,,,,-0.02773322256497566,0.2966783543382405,-0.21616410104341713,,,,,,,,,,,,,,,
24,4,2,238.3699951171875,42,42024,238.25,237.52624988555908,238.09014859643125,237.78237031228343,0.5876248049040669,0.1199951171875,0.5359669474806026,-0.1361253095368511,0.4277734013353154,238.3699951171875,237.90236542947093,238.31833725976404,237.64624500274658,238.21014371361875,,,,,,,,,,,,,0.1772609790951806,0.5016725559983968,-0.01116989938326085,,,,,,,,,,,,,,,
24,4,2,238.1300048828125,42,42024,238.25,237.52624988555908,238.09014859643125,237.78237031228343,0.3476345705290669,-0.1199951171875,0.2959767131056026,-0.3761155439118511,0.18778316696031538,238.1300048828125,237.66237519509593,238.07834702538904,237.40625476837158,237.97015347924375,,,,,,,,,,,,,-0.0627292552798194,0.2616823216233968,-0.25116013375826085,,,,,,,,,,,,,,,
25,4,2,239.7899932861328,42,42025,239.06999969482422,237.69375133514404,238.09014859643125,237.78237031228343,2.0076229738493794,0.7199935913085938,1.7884636668409541,0.6313746141692036,1.0277718754564091,239.7899932861328,238.50236390359203,239.5708339791244,238.41374492645264,238.81014218773984,,,,,,,,,,,,,0.7772594532162743,1.1016710301194905,0.5888285747378329,,,,,,,,,,,,,,,
25,4,2,238.35000610351562,42,42025,239.06999969482422,237.69375133514404,238.09014859643125,237.78237031228343,0.5676357912321919,-0.7199935913085938,0.34847648422376665,-0.8086125684479839,-0.41221530716077837,238.35000610351562,237.06237672097484,238.1308467965072,236.97375774383545,237.37015500512265,,,,,,,,,,,,,-0.6627277294009132,-0.338316152497697,-0.8511586078793546,,,,,,,,,,,,,,,
26,4,2,238.25999450683594,42,42026,239.0999984741211,237.7831268310547,238.09014859643125,237.78237031228343,0.4776241945525044,-0.8400039672851563,0.16908939163343462,-0.8392474485139019,-0.5322256831373409,238.25999450683594,236.94236634499828,237.95145970391687,236.94312286376953,237.2501446291461,,,,,,,,,,,,,-0.7827381053774757,-0.4583265284742595,-0.9711689838559171,,,,,,,,,,,,,,,
26,4,2,239.94000244140625,42,42026,239.0999984741211,237.7831268310547,238.09014859643125,237.78237031228343,2.157632129122817,0.8400039672851563,1.8490973262037471,0.8407604860564106,1.1477822514329716,239.94000244140625,238.6223742795686,239.63146763848718,238.62313079833984,238.9301525637164,,,,,,,,,,,,,0.8972698291928368,1.221681406096053,0.7088389507143954,,,,,,,,,,,,,,,
27,4,2,239.88999938964844,42,42027,239.7949981689453,237.79687213897705,238.09014859643125,237.78237031228343,2.1076290773650044,0.095001220703125,1.7853489665235713,0.10950304739674266,0.4027795048509404,239.88999938964844,237.87737153298656,239.567719278807,237.89187335968018,238.18514981713437,,,,,,,,,,,,,0.1522670826108056,0.4766786595140218,-0.03616379586763585,,,,,,,,,,,,,,,
27,4,2,239.6999969482422,42,42027,239.7949981689453,237.79687213897705,238.09014859643125,237.78237031228343,1.9176266359587544,-0.095001220703125,1.5953465251173213,-0.08049939400950734,0.21277706344469038,239.6999969482422,237.6873690915803,239.37771683740075,237.70187091827393,237.99514737572812,,,,,,,,,,,,,-0.03773535879544441,0.2866762181077718,-0.22616623727388588,,,,,,,,,,,,,,,
28,4,2,238.67999267578125,42,42028,239.1649932861328,237.70562362670898,238.09014859643125,237.78237031228343,0.8976223634978169,-0.4850006103515625,0.6665907649244502,-0.5617472959260113,-0.17722232620374712,238.67999267578125,237.29736970193187,238.44896107720788,237.22062301635742,237.6051479860797,,,,,,,,,,,,,-0.42773474844388193,-0.10332317154066573,-0.6161656269223234,,,,,,,,,,,,,,,
28,4,2,239.64999389648437,42,42028,239.1649932861328,237.70562362670898,238.09014859643125,237.78237031228343,1.8676235842009419,0.4850006103515625,1.6365919856275752,0.40825392477711375,0.7927788944993779,239.64999389648437,238.267370922635,239.418962297911,238.19062423706055,238.5751492067828,,,,,,,,,,,,,0.5422664722592431,0.8666780491624593,0.35383559378080165,,,,,,,,,,,,,,,
29,4,2,238.35000610351562,42,42029,238.2550048828125,237.80312538146973,238.09014859643125,237.78237031228343,0.5676357912321919,0.095001220703125,0.23910243789808305,0.11575628988941844,0.4027795048509404,238.35000610351562,237.87737153298656,238.02147275018152,237.89812660217285,238.18514981713437,,,,,,,,,,,,,0.1522670826108056,0.4766786595140218,-0.03616379586763585,,,,,,,,,,,,,,,
29,4,2,238.16000366210937,42,42029,238.2550048828125,237.80312538146973,238.09014859643125,237.78237031228343,0.3776333498259419,-0.095001220703125,0.04909999649183305,-0.07424615151683156,0.21277706344469038,238.16000366210937,237.6873690915803,237.83147030877527,237.7081241607666,237.99514737572812,,,,,,,,,,,,,-0.03773535879544441,0.2866762181077718,-0.22616623727388588,,,,,,,,,,,,,,,
30,4,2,238.94000244140625,42,42030,238.4250030517578,237.6043758392334,238.09014859643125,237.78237031228343,1.1576321291228169,0.5149993896484375,1.0278483180250362,0.3370049165984028,0.8227776737962529,238.94000244140625,238.29736970193187,238.81021863030847,238.11937522888184,238.6051479860797,,,,,,,,,,,,,0.5722652515561181,0.8966768284593343,0.38383437307767665,,,,,,,,,,,,,,,
30,4,2,237.91000366210937,42,42030,238.4250030517578,237.6043758392334,238.09014859643125,237.78237031228343,0.12763334982594188,-0.5149993896484375,-0.0021504612718388216,-0.6929938626984722,-0.20722110550062212,237.91000366210937,237.267370922635,237.7802198510116,237.08937644958496,237.5751492067828,,,,,,,,,,,,,-0.45773352774075693,-0.13332195083754073,-0.6461644062191984,,,,,,,,,,,,,,,
31,4,2,238.6999969482422,42,42031,238.4000015258789,237.66437530517578,238.09014859643125,237.78237031228343,0.9176266359587544,0.29999542236328125,0.7278433589185909,0.18200041525562938,0.6077737065110966,238.6999969482422,238.08236573464671,238.51021367120202,237.96437072753906,238.39014401879453,,,,,,,,,,,,,0.3572612842709618,0.681672861174178,0.1688304057925204,,,,,,,,,,,,,,,
31,4,2,238.10000610351562,42,42031,238.4000015258789,237.66437530517578,238.09014859643125,237.78237031228343,0.3176357912321919,-0.29999542236328125,0.12785251419202837,-0.4179904294709331,0.007782861784534134,238.10000610351562,237.48237488992015,237.91022282647546,237.3643798828125,237.79015317406797,,,,,,,,,,,,,-0.24272956045560065,0.08168201644761552,-0.4311604389340421,,,,,,,,,,,,,,,
32,4,2,239.02999877929687,42,42032,239.72000122070312,237.8681230545044,238.09014859643125,237.78237031228343,1.2476284670134419,-0.69000244140625,0.8540974406446651,-0.6042496991852886,-0.3822241572584346,239.02999877929687,237.09236787087718,238.6364677529281,237.17812061309814,237.400146155025,,,,,,,,,,,,,-0.6327365794985694,-0.3083250025953532,-0.8211674579770109,,,,,,,,,,,,,,,
32,4,2,240.41000366210937,42,42032,239.72000122070312,237.8681230545044,238.09014859643125,237.78237031228343,2.627633349825942,0.69000244140625,2.234102323457165,0.7757551836272114,0.9977807255540654,240.41000366210937,238.47237275368968,240.0164726357406,238.55812549591064,238.7801510378375,,,,,,,,,,,,,0.7472683033139306,1.0716798802171468,0.5588374248354892,,,,,,,,,,,,,,,
33,4,2,239.9600067138672,42,42033,239.70000457763672,237.74562454223633,238.09014859643125,237.78237031228343,2.1776364015837544,0.26000213623046875,1.906603887483044,0.22325636618336375,0.5677804203782841,239.9600067138672,238.0423724485139,239.68897419976648,238.0056266784668,238.35015073266172,,,,,,,,,,,,,0.3172679981381493,0.6416795750413655,0.1288371196597079,,,,,,,,,,,,,,,
33,4,2,239.44000244140625,42,42033,239.70000457763672,237.74562454223633,238.09014859643125,237.78237031228343,1.6576321291228169,-0.26000213623046875,1.3865996150221065,-0.29674790627757375,0.047776147917346634,239.44000244140625,237.52236817605296,239.16896992730554,237.48562240600586,237.83014646020078,,,,,,,,,,,,,-0.20273627432278815,0.12167530258042802,-0.3911671528012296,,,,,,,,,,,,,,,
34,4,2,238.6199951171875,42,42034,238.58499908447266,237.6381254196167,238.09014859643125,237.78237031228343,0.8376248049040669,0.03499603271484375,0.6740914134229854,-0.10924885995189015,0.34277431686265913,238.6199951171875,237.81736634499828,238.45646172570642,237.67312145233154,238.1251446291461,,,,,,,,,,,,,0.09226189462252435,0.4166734715257405,-0.0961689838559171,,,,,,,,,,,,,,,
34,4,2,238.5500030517578,42,42034,238.58499908447266,237.6381254196167,238.09014859643125,237.78237031228343,0.7676327394743794,-0.03499603271484375,0.6040993479932979,-0.17924092538157765,0.27278225143297163,238.5500030517578,237.7473742795686,238.38646966027673,237.60312938690186,238.0551525637164,,,,,,,,,,,,,0.02226982919283684,0.346681406096053,-0.16616104928560463,,,,,,,,,,,,,,,
35,4,2,237.7823703122834,42,42035,237.56618820789953,237.66669584499115,238.09014859643125,237.78237031228343,-0.00000000000002842170943040401,0.21618210438387564,-0.192103816855564,0.10050763709159583,0.523960388531691,237.7823703122834,237.9985524166673,237.59026649542787,237.88287794937503,238.30633070081512,,,,,,,,,,,,,0.2734479662915562,0.5978595431947724,0.08501708781311479,,,,,,,,,,,,,,,
35,4,2,237.35000610351562,42,42035,237.56618820789953,237.66669584499115,238.09014859643125,237.78237031228343,-0.4323642087678081,-0.21618210438390406,-0.6244680256233437,-0.3318565716761839,0.09159617976391132,237.35000610351562,237.56618820789953,237.1579022866601,237.45051374060725,237.87396649204734,,,,,,,,,,,,,-0.15891624247622346,0.1654953344269927,-0.3473471209546649,,,,,,,,,,,,,,,
36,4,2,235.82000732421875,42,42036,236.16000366210937,237.74437522888184,238.09014859643125,237.78237031228343,-1.9623629880646831,-0.339996337890625,-2.2321461888109013,-0.3779914212922222,-0.032218053742809616,235.82000732421875,237.4423739743928,235.55022412347253,237.4043788909912,237.75015225854062,,,,,,,,,,,,,-0.28273047598294443,0.041681100920271774,-0.47116135446138585,,,,,,,,,,,,,,,
36,4,2,236.5,42,42036,236.16000366210937,237.74437522888184,238.09014859643125,237.78237031228343,-1.2823703122834331,0.339996337890625,-1.5521535130296513,0.3020012544890278,0.6477746220384404,236.5,238.12236665017406,236.23021679925378,238.08437156677246,238.43014493432187,,,,,,,,,,,,,0.39726219979830557,0.7216737767015218,0.20883132131986415,,,,,,,,,,,,,,,
37,4,2,237.44000244140625,42,42037,236.68499755859375,237.6393747329712,238.09014859643125,237.78237031228343,-0.3423678708771831,0.7550048828125,-0.5071505757127568,0.6120093035002583,1.0627831669603154,237.44000244140625,238.53737519509593,237.27521973657068,238.3943796157837,238.84515347924375,,,,,,,,,,,,,0.8122707447201806,1.1366823216233968,0.6238398662417392,,,,,,,,,,,,,,,
37,4,2,235.92999267578125,42,42037,236.68499755859375,237.6393747329712,238.09014859643125,237.78237031228343,-1.8523776365021831,-0.7550048828125,-2.017160341337757,-0.8980004621247417,-0.4472265986646846,235.92999267578125,237.02736542947093,235.76520997094568,236.8843698501587,237.33514371361875,,,,,,,,,,,,,-0.6977390209048194,-0.3733274440016032,-0.8861698993832609,,,,,,,,,,,,,,,
38,4,2,236.86000061035156,42,42038,236.93000030517578,237.9143762588501,238.09014859643125,237.78237031228343,-0.9223697019318706,-0.06999969482421875,-1.3621539326463505,0.062006251742445784,0.23777858932359663,236.86000061035156,237.71237061745921,236.42021637963708,237.84437656402588,238.02014890160703,,,,,,,,,,,,,-0.012733832916538158,0.311677743986678,-0.20116471139497963,,,,,,,,,,,,,,,
38,4,2,237,42,42038,236.93000030517578,237.9143762588501,238.09014859643125,237.78237031228343,-0.7823703122834331,0.06999969482421875,-1.222154542997913,0.20200564139088328,0.37777797897203413,237,237.85237000710765,236.56021576928552,237.98437595367432,238.16014829125547,,,,,,,,,,,,,0.12726555673189935,0.4516771336351155,-0.0611653217465421,,,,,,,,,,,,,,,
39,4,2,237.1999969482422,42,42039,237.0999984741211,238.16625022888184,238.09014859643125,237.78237031228343,-0.5823733640412456,0.09999847412109375,-1.2740315647874638,0.48387839071949656,0.40777675826890913,237.1999969482422,237.88236878640453,236.50833874749597,238.26624870300293,238.19014707055234,,,,,,,,,,,,,0.15726433602877435,0.4816759129319905,-0.0311665424496671,,,,,,,,,,,,,,,
39,4,2,237,42,42039,237.0999984741211,238.16625022888184,238.09014859643125,237.78237031228343,-0.7823703122834331,-0.09999847412109375,-1.4740285130296513,0.28388144247730906,0.20777981002672163,237,237.68237183816234,236.30834179925378,238.06625175476074,237.99015012231015,,,,,,,,,,,,,-0.04273261221341316,0.281678964689803,-0.23116349069185463,,,,,,,,,,,,,,,
40,4,2,236.10000610351562,42,42040,236.36000061035156,237.60000038146973,238.09014859643125,237.78237031228343,-1.6823642087678081,-0.2599945068359375,-1.807772562101917,-0.44236443764964406,0.047783777311877884,236.10000610351562,237.5223758054475,235.97459775018152,237.3400058746338,237.8301540895953,,,,,,,,,,,,,-0.2027286449282569,0.12168293197495927,-0.39115952340669835,,,,,,,,,,,,,,,
40,4,2,236.6199951171875,42,42040,236.36000061035156,237.60000038146973,238.09014859643125,237.78237031228343,-1.1623751950959331,0.2599945068359375,-1.287783548430042,0.07762457602223094,0.5677727909837529,236.6199951171875,238.04236481911937,236.4945867638534,237.85999488830566,238.3501431032672,,,,,,,,,,,,,0.31726036874361807,0.6416719456468343,0.12882949026517665,,,,,,,,,,,,,,,
41,4,2,237.3000030517578,42,42041,236.75,237.68812465667725,238.09014859643125,237.78237031228343,-0.4823672605256206,0.5500030517578125,-0.695899889067249,0.45575739615162547,0.8577813359056279,237.3000030517578,238.33237336404125,237.08647042321618,238.23812770843506,238.64015164818906,,,,,,,,,,,,,0.6072689136654931,0.9316804905687093,0.41883803518705165,,,,,,,,,,,,,,,
41,4,2,236.1999969482422,42,42041,236.75,237.68812465667725,238.09014859643125,237.78237031228343,-1.5823733640412456,-0.5500030517578125,-1.795905992582874,-0.6442487073639995,-0.24222476760999712,236.1999969482422,237.23236726052562,235.98646431970056,237.13812160491943,237.54014554467344,,,,,,,,,,,,,-0.49273718985013193,-0.16832561294691573,-0.6811680683285734,,,,,,,,,,,,,,,
42,4,2,237.24000549316406,42,42042,237.20999908447266,237.74279674679912,238.09014859643125,237.78237031228343,-0.5423648191193706,0.03000640869140625,-0.8105695377828681,-0.009567156792911646,0.33778469283922163,237.24000549316406,237.81237672097484,236.97180077450057,237.77280315549052,238.12015500512265,,,,,,,,,,,,,0.08727227059908685,0.411683847502303,-0.1011586078793546,,,,,,,,,,,,,,,
42,4,2,237.17999267578125,42,42042,237.20999908447266,237.74279674679912,238.09014859643125,237.78237031228343,-0.6023776365021831,-0.03000640869140625,-0.8705823551656806,-0.06957997417572415,0.27777187545640913,237.17999267578125,237.75236390359203,236.91178795711775,237.7127903381077,238.06014218773984,,,,,,,,,,,,,0.02725945321627434,0.3516710301194905,-0.16117142526216713,,,,,,,,,,,,,,,
43,4,2,236.3300018310547,42,42043,236.6750030517578,237.8493776321411,238.09014859643125,237.78237031228343,-1.4523684812287456,-0.345001220703125,-1.8271540852342412,-0.27799390084544484,-0.037222936555309616,236.3300018310547,237.4373690915803,235.9552162270492,237.504376411438,237.74514737572812,,,,,,,,,,,,,-0.28773535879544443,0.036676218107771774,-0.47616623727388585,,,,,,,,,,,,,,,
43,4,2,237.02000427246094,42,42043,236.6750030517578,237.8493776321411,238.09014859643125,237.78237031228343,-0.7623660398224956,0.345001220703125,-1.1371516438279912,0.41200854056080516,0.6527795048509404,237.02000427246094,238.12737153298656,236.64521866845544,238.19437885284424,238.43514981713437,,,,,,,,,,,,,0.40226708261080557,0.7266786595140218,0.21383620413236415,,,,,,,,,,,,,,,
44,4,2,237.25999450683594,42,42044,237.14999389648437,237.91624927520752,238.09014859643125,237.78237031228343,-0.5223758054474956,0.1100006103515625,-0.9640330525193974,0.2438795732756489,0.4177788944993779,237.25999450683594,237.892370922635,236.81833725976404,238.02624988555908,238.2001492067828,,,,,,,,,,,,,0.1672664722592431,0.4916780491624593,-0.02116440621919835,,,,,,,,,,,,,,,
44,4,2,237.0399932861328,42,42044,237.14999389648437,237.91624927520752,238.09014859643125,237.78237031228343,-0.7423770261506206,-0.1100006103515625,-1.1840342732225224,0.02387835257252391,0.19777767379625288,237.0399932861328,237.67236970193187,236.5983360390609,237.80624866485596,237.9801479860797,,,,,,,,,,,,,-0.05273474844388191,0.2716768284593343,-0.24116562692232338,,,,,,,,,,,,,,,
45,4,2,236.9600067138672,42,42045,236.3350067138672,237.68687438964844,238.09014859643125,237.78237031228343,-0.8223635984162456,0.625,-1.0346459599290654,0.5295040773650044,0.9327782841478154,236.9600067138672,238.40737031228343,236.74772435235437,238.31187438964844,238.71514859643125,,,,,,,,,,,,,0.6822658619076806,1.0066774388108968,0.49383498342923915,,,,,,,,,,,,,,,
45,4,2,235.7100067138672,42,42045,236.3350067138672,237.68687438964844,238.09014859643125,237.78237031228343,-2.0723635984162456,-0.625,-2.2846459599290654,-0.7204959226349956,-0.3172217158521846,235.7100067138672,237.15737031228343,235.49772435235437,237.06187438964844,237.46514859643125,,,,,,,,,,,,,-0.5677341380923194,-0.24332256118910323,-0.7561650165707609,,,,,,,,,,,,,,,
46,4,2,235.99000549316406,42,42046,236.55500030517578,237.79374980926514,238.09014859643125,237.78237031228343,-1.7923648191193706,-0.5649948120117188,-2.1115226002488896,-0.5536153150300152,-0.25721652786390337,235.99000549316406,237.21737550027171,235.67084771203454,237.22875499725342,237.52515378441953,,,,,,,,,,,,,-0.5077289501040382,-0.18331737320082198,-0.6961598285824796,,,,,,,,,,,,,,,
46,4,2,237.1199951171875,42,42046,236.55500030517578,237.79374980926514,238.09014859643125,237.78237031228343,-0.6623751950959331,0.5649948120117188,-0.9815329762254521,0.5763743089934224,0.8727730961595341,237.1199951171875,238.34736512429515,236.80083733605798,238.35874462127686,238.65514340844297,,,,,,,,,,,,,0.6222606739193993,0.9466722508226155,0.4338297954409579,,,,,,,,,,,,,,,
47,4,2,237.1300048828125,42,42047,237.0250015258789,237.3268756866455,238.09014859643125,237.78237031228343,-0.6523654294709331,0.10500335693359375,-0.5046490879808232,-0.35049126870433156,0.41278164108140913,237.1300048828125,237.88737366921703,237.2777212243026,237.4318790435791,238.19515195336484,,,,,,,,,,,,,0.16226921884127435,0.4866807957444905,-0.0261616596371671,,,,,,,,,,,,,,,
47,4,2,236.9199981689453,42,42047,237.0250015258789,237.3268756866455,238.09014859643125,237.78237031228343,-0.8623721433381206,-0.10500335693359375,-0.7146558018480107,-0.5604979825715191,0.20277492721422163,236.9199981689453,237.67736695534984,237.06771451043542,237.2218723297119,237.98514523949765,,,,,,,,,,,,,-0.04773749502591316,0.276674081877303,-0.23616837350435463,,,,,,,,,,,,,,,
48,4,2,236.91000366210937,42,42048,237.3300018310547,237.79000186920166,238.09014859643125,237.78237031228343,-0.8723666501740581,-0.4199981689453125,-1.1877764912401005,-0.41236661202708547,-0.11221988479749712,236.91000366210937,237.36237214333812,236.59459382104333,237.37000370025635,237.67015042748594,,,,,,,,,,,,,-0.36273230703763193,-0.038320730134415726,-0.5511631855160734,,,,,,,,,,,,,,,
48,4,2,237.75,42,42048,237.3300018310547,237.79000186920166,238.09014859643125,237.78237031228343,-0.03237031228343312,0.4199981689453125,-0.34778015334947554,0.42762972586353953,0.7277764530931279,237.75,238.20236848122875,237.43459015893396,238.21000003814697,238.51014676537656,,,,,,,,,,,,,0.47726403085299307,0.8016756077562093,0.28883315237455165,,,,,,,,,,,,,,,
49,4,2,236.75,42,42049,237.08499908447266,238.10499954223633,238.09014859643125,237.78237031228343,-1.0323703122834331,-0.33499908447265625,-1.6627778263841435,-0.012369854519761248,-0.027220800324840866,236.75,237.44737122781078,236.1195924858993,237.77000045776367,237.7551495119586,,,,,,,,,,,,,-0.2777332225649757,0.046678354338240524,-0.4661641010434171,,,,,,,,,,,,,,,
49,4,2,237.4199981689453,42,42049,237.08499908447266,238.10499954223633,238.09014859643125,237.78237031228343,-0.3623721433381206,0.33499908447265625,-0.992779657438831,0.6576283144255513,0.6427773686204716,237.4199981689453,238.1173693967561,236.7895906548446,238.43999862670898,238.4251476809039,,,,,,,,,,,,,0.3922649463803368,0.716676523283553,0.2038340679018954,,,,,,,,,,,,,,,
50,4,2,237.7823703122834,42,42050,238.89118515614172,238.1152962127415,238.09014859643125,237.78237031228343,-0.00000000000002842170943040401,-1.1088148438583119,-0.6407041846059087,-0.7758889434002469,-0.8010365597104965,237.7823703122834,236.67355546842512,237.14166612767752,237.0064813688832,236.98133375257294,,,,,,,,,,,,,-1.0515489819506314,-0.7271374050474152,-1.2399798604290728,,,,,,,,,,,,,,,
50,4,2,240,42,42050,238.89118515614172,238.1152962127415,238.09014859643125,237.78237031228343,2.217629687716567,1.1088148438582834,1.5769255031106866,1.4417407443163484,1.4165931280060988,240,238.89118515614172,239.35929581539412,239.22411105659978,239.19896344028953,,,,,,,,,,,,,1.166080705765964,1.4904922826691802,0.9776498272875226,,,,,,,,,,,,,,,
