"TIME","FACTOR 1","FACTOR 2","Y","PDC RSG","PDCxT RSG","YBAR(k,t)","YBAR(.t)","YBAR(k.)","YBAR","R1","R2","R3","R4","R5","RCR1","RCR2","RCR3","RCR4","RCR5","PDC ID","PDC MAIN EFFECTS","PT ID","PT MAIN EFFECTS","PDCxPT ID","PDCxPT INTERACTION EFFECTS","F1 ID","F1 MAIN EFFECT","F2 ID","F2 MAIN EFFECT","F1xF2 ID","F1xF2 INTERACTION EFFECT","F1 MAIN EFFECTS","F2 MAIN EFFECTS","F1xF2 INTERACTION EFFECTS","TAGUCHI COMPONENT","TAGUCHI LOSS","PERCENT CONTRIBUTION TO LOSS","LOSS FUNCTION LABELS","TAGUCHI-COMPONENT","TAGUCHI-LOSS","PERCENT-CONTRIBUTION TO LOSS","LOSS-FUNCTION LABELS","VAS MU ESTIMATE","GLM MU ESTIMATE PDCxT","GLM MU ESTIMATE F1-F2","VAS PDC AND PT ESTIMATES","GLM PDC AND PT ESTIMATES","VAS F1,F2 AND F1xF2 ESTIMATES","GLM F1,F2 AND F1xF2 ESTIMATES"
1,1,1,236.92999267578125,11,11001,236.92999267578125,237.25749969482422,238.10812338574004,237.78237031228343,-0.8523776365021831,0,-0.6532600924995791,-1.1781307099587934,-0.32750701904296875,236.92999267578125,237.78237031228343,237.12911021978385,236.60423960232464,237.45486329324046,11,0.3257530734566228,1,-0.5248706174592002,11001,-0.6532600924995791,1,0.6065651783139383,1,-0.3816774388109021,11,0.1008653339535866,-0.04669491418565319,-1.0349375313104936,-0.552394758546005,"PDCxTIME",1.0827675924305118,47.2,"47.2%","PDCxTIME",1.0827675924305118,47.2,"47.2%",237.78237031228343,237.78237031228343,237.78237031228343,0.3257530734566228,0.32575307345662297,0.6065651783139383,0.6065651783139415
2,1,1,239.6699981689453,11,11002,239.6699981689453,237.84124755859375,238.10812338574004,237.78237031228343,1.8876278566618794,0,1.5029975368949522,1.561874783205269,1.8287506103515625,239.6699981689453,237.78237031228343,239.28536784917839,239.3442450954887,239.611120922635,12,0.8873772831712538,2,0.05887724631033109,11002,1.5029975368949522,2,0.37550359225545094,2,0.38167743881090216,12,-0.10086533395358671,2.1095627152088783,1.1213200980840377,1.6038628708485263,"PDC",0.5925970507052534,25.8,"25.8%","UNEXPLAINED",0.5355090053138029,23.3,"23.3%",,,,0.8873772831712538,0.8873772831712531,0.37550359225545094,0.37550359225545105
3,1,1,239.6699981689453,11,11003,239.6699981689453,237.30999946594238,238.10812338574004,237.78237031228343,1.8876278566618794,0,2.0342456295463194,1.561874783205269,2.3599987030029297,239.6699981689453,237.78237031228343,239.81661594182975,239.3442450954887,240.14236901528636,21,-0.38766999490058623,3,-0.4723708463410361,11003,2.0342456295463194,3,-1.0393346324770774,,,21,-0.3814961483451351,2.6408108078602455,1.6525681907354048,2.1351109634998933,"UNEXPLAINED",0.5355090053138029,23.3,"23.3%","F1",0.39810503013651494,17.3,"17.3%",,,,-0.38766999490058623,-0.38766999490058696,-1.0393346324770774,-1.0393346324770802
4,1,1,237.7823703122834,11,11004,237.7823703122834,237.61529812009013,238.10812338574004,237.78237031228343,-0.00000000000002842170943040401,0,-0.15868088126333646,-0.32575307345663873,0.16707219219327385,237.7823703122834,237.78237031228343,237.6236894310201,237.4566172388268,237.9494425044767,22,1.138677179411488,4,-0.16707219219330582,11004,-0.15868088126333646,4,0.05726586190768827,,,22,0.38149614834513496,0.44788429705058935,-0.540358320074251,-0.05781554730976235,"TIME",0.08550747500564032,3.7," 3.7%","F2",0.14567766729724996,6.3," 6.3%",,,,1.138677179411488,1.1386771794114878,0.05726586190768827,0.057265861907687676
5,1,1,237.4600067138672,11,11005,237.4600067138672,238.04625129699707,238.10812338574004,237.78237031228343,-0.3223635984162456,0,-0.9119976565864931,-0.6481166718728559,-0.5862445831298828,237.4600067138672,237.78237031228343,236.87037265569694,237.13425364041058,237.19612572915355,31,-1.2715462734672054,5,0.2638809847136514,11005,-0.9119976565864931,,,,,31,0.14946579782077407,-0.30543247827256725,-1.2936750953974077,-0.811132322632919,"MEAN",0,0," 0.0%","TIME",0.08550747500564032,3.7," 3.7%",,,,-1.2715462734672054,-1.2715462734672036,-0.3816774388109021,-0.38167743881090255
6,1,1,237.8300018310547,11,11006,237.8300018310547,237.98250007629395,238.10812338574004,237.78237031228343,0.04763151877125438,0,-0.4782513186958681,-0.27812155468535593,-0.1524982452392578,237.8300018310547,237.78237031228343,237.30411899358757,237.50424875759808,237.62987206704418,32,-0.8071229914869494,6,0.2001297640105264,11006,-0.4782513186958681,,,,,32,-0.14946579782077424,0.1283138596180577,-0.8599287575067827,-0.377385984742294,,,,,"F1xF2",0.04881435327148846,2.1," 2.1%",,,,-0.8071229914869494,-0.807122991486949,0.38167743881090216,0.38167743881090255
7,1,1,238.66000366210937,11,11007,238.66000366210937,237.35875129699707,238.10812338574004,237.78237031228343,0.8776333498259419,0,0.9754992916556944,0.5518802763693316,1.3012523651123047,238.66000366210937,237.78237031228343,238.75786960393913,238.33425058865276,239.08362267739574,41,-0.1932465603324397,7,-0.4236190152863486,11007,0.9754992916556944,,,,,41,0.13116501657077412,1.5820644699696202,0.5938218528447798,1.0763646256092685,,,,,"MEAN",0,0," 0.0%",,,,-0.1932465603324397,-0.19324656033243992,0.1008653339535866,0.1008653339535869
8,1,1,238.67999267578125,11,11008,238.67999267578125,237.80000114440918,238.10812338574004,237.78237031228343,0.8976223634978169,0,0.55423845791546,0.5718692900412066,0.8799915313720703,238.67999267578125,237.78237031228343,238.3366087701989,238.35423960232464,238.6623618436555,42,0.3077782841478162,8,0.017630832125760776,11008,0.55423845791546,,,,,42,-0.13116501657077423,1.1608036362293859,0.17256101910454547,0.6551037918690341,,,,,,,,,,,,0.3077782841478162,0.3077782841478156,-0.10086533395358671,-0.1008653339535869
9,1,1,237.97999572753906,11,11009,237.97999572753906,237.82499885559082,238.10812338574004,237.78237031228343,0.19762541525562938,0,-0.17075620150836812,-0.12812765820098093,0.1549968719482422,237.97999572753906,237.78237031228343,237.61161411077507,237.65424265408245,237.93736718423168,,,9,0.0426285433074014,11009,-0.17075620150836812,,,,,,,0.4358089768055577,-0.5524336403192827,-0.06989086755479401,,,,,,,,,,,,-0.5248706174592002,-0.52487061745918,-0.3814961483451351,-0.3814961483451346
10,1,1,238.02999877929687,11,11010,238.02999877929687,237.77375411987305,238.10812338574004,237.78237031228343,0.24762846701344188,0,-0.06950841403278218,-0.07812460644316843,0.2562446594238281,238.02999877929687,237.78237031228343,237.71286189825065,237.70424570584026,238.03861497170726,,,10,-0.008616192410372037,11010,-0.06950841403278218,,,,,,,0.5370567642811437,-0.4511858528436968,0.031356919920791926,,,,,,,,,,,,0.05887724631033109,0.05887724631035174,0.38149614834513496,0.3814961483451346
11,1,1,237.7100067138672,11,11011,237.7100067138672,237.79500198364258,238.10812338574004,237.78237031228343,-0.07236359841624562,0,-0.41074834323200093,-0.39811667187285593,-0.08499526977539063,237.7100067138672,237.78237031228343,237.37162196905143,237.38425364041058,237.69737504250804,,,11,0.012631671359159213,11011,-0.41074834323200093,,,,,,,0.19581683508192488,-0.7924257820429155,-0.3098830092784268,,,,,,,,,,,,-0.4723708463410361,-0.4723708463410154,0.14946579782077407,0.14946579782077374
12,1,1,237.94000244140625,11,11012,237.94000244140625,237.82000160217285,238.10812338574004,237.78237031228343,0.15763212912281688,0,-0.20575223422321187,-0.16812094433379343,0.12000083923339844,237.94000244140625,237.78237031228343,237.57661807806022,237.61424936794964,237.90237115151683,,,12,0.03763128988943265,11012,-0.20575223422321187,,,,,,,0.40081294409071394,-0.5874296730341264,-0.10488690026963776,,,,,,,,,,,,-0.16707219219330582,-0.16707219219328492,-0.14946579782077424,-0.14946579782077374
13,1,1,236.0399932861328,11,11013,236.0399932861328,238.0974998474121,238.10812338574004,237.78237031228343,-1.7423770261506206,0,-2.383259634735907,-2.068130099607231,-2.057506561279297,236.0399932861328,237.78237031228343,235.39911067754753,235.7142402126762,235.72486375100414,,,13,0.31512953512869046,11013,-2.383259634735907,,,,,,,-1.7766944564219813,-2.7649370735468217,-2.2823943007823333,,,,,,,,,,,,0.2638809847136514,0.26388098471367116,0.13116501657077412,0.13116501657077395
14,1,1,232.30999755859375,11,11014,232.30999755859375,237.29000091552734,238.10812338574004,237.78237031228343,-5.472372753689683,0,-5.305756430390204,-5.798125827146293,-4.980003356933594,232.30999755859375,237.78237031228343,232.47661388189323,231.98424448513714,232.80236695534984,,,14,-0.49236939675607516,11014,-5.305756430390204,,,,,,,-4.699191252076278,-5.687433869201119,-5.20489109643663,,,,,,,,,,,,0.2001297640105264,0.20012976401054713,-0.13116501657077423,-0.13116501657077395
15,1,1,240.0500030517578,11,11015,240.0500030517578,238.42374992370605,238.10812338574004,237.78237031228343,2.2676327394743794,0,1.3005000545951475,1.941879666017769,1.6262531280517578,240.0500030517578,237.78237031228343,239.08287036687858,239.7242499783012,239.4086234403352,,,15,0.6413796114226358,11015,1.3005000545951475,,,,,,,1.9070652329090734,0.918822615784233,1.4013653885487216,,,,,,,,,,,,-0.4236190152863486,-0.4236190152863294,,
16,1,1,238.77999877929687,11,11016,238.77999877929687,237.71875190734863,238.10812338574004,237.78237031228343,0.9976284670134419,0,0.7354937984916319,0.6718753935568316,1.0612468719482422,238.77999877929687,237.78237031228343,238.51786411077507,238.45424570584026,238.84361718423168,,,16,-0.0636184049347861,11016,0.7354937984916319,,,,,,,1.3420589768055577,0.35381635968071734,0.836359132445206,,,,,,,,,,,,0.017630832125760776,0.01763083212578088,,
17,1,1,238.17999267578125,11,11017,238.17999267578125,238.00875091552734,238.10812338574004,237.78237031228343,0.3976223634978169,0,-0.15451131320270406,0.07186929004120657,0.17124176025390625,238.17999267578125,237.78237031228343,237.62785899908073,237.85423960232464,237.95361207253734,,,17,0.22638060324392484,11017,-0.15451131320270406,,,,,,,0.45205386511122175,-0.5361887520136186,-0.05364597924912995,,,,,,,,,,,,0.0426285433074014,0.04262854330742135,,
18,1,1,238.39999389648437,11,11018,238.39999389648437,237.62374877929687,238.10812338574004,237.78237031228343,0.6176235842009419,0,0.4504920437308897,0.29187051074433157,0.7762451171875,238.39999389648437,237.78237031228343,238.23286235601432,238.07424082302776,238.55861542947093,,,18,-0.1586215329865439,11018,0.4504920437308897,,,,,,,1.0570572220448156,0.0688146049199751,0.5513573776844638,,,,,,,,,,,,-0.008616192410372037,-0.0086161924103516,,
19,1,1,239.9199981689453,11,11019,239.9199981689453,237.7199993133545,238.10812338574004,237.78237031228343,2.1376278566618794,0,1.87424578213421,1.811874783205269,2.1999988555908203,239.9199981689453,237.78237031228343,239.65661609441764,239.5942450954887,239.98236916787425,,,19,-0.062370998928926724,11019,1.87424578213421,,,,,,,2.480810960448136,1.4925683433232955,1.9751111160877841,,,,,,,,,,,,0.012631671359159213,0.01263167135918006,,
20,1,1,238.77999877929687,11,11020,238.77999877929687,237.57000160217285,238.10812338574004,237.78237031228343,0.9976284670134419,0,0.8842441036674131,0.6718753935568316,1.2099971771240234,238.77999877929687,237.78237031228343,238.66661441595085,238.45424570584026,238.99236748940746,,,20,-0.21236871011056735,11020,0.8842441036674131,,,,,,,1.490809281981339,0.5025666648564986,0.9851094376209872,,,,,,,,,,,,0.03763128988943265,0.03763128988945326,,
21,1,1,238.69000244140625,11,11021,238.69000244140625,237.69250106811523,238.10812338574004,237.78237031228343,0.9076321291228169,0,0.6717482998344053,0.5818790556662066,0.9975013732910156,238.69000244140625,237.78237031228343,238.45411861211784,238.36424936794964,238.77987168557445,,,21,-0.08986924416818454,11021,0.6717482998344053,,,,,,,1.2783134781483312,0.2900708610234908,0.7726136337879794,,,,,,,,,,,,0.31512953512869046,0.3151295351287104,,
22,1,1,238.97000122070312,11,11022,238.97000122070312,237.7037525177002,238.10812338574004,237.78237031228343,1.1876309084196919,0,0.9404956295463194,0.8618778349630816,1.2662487030029297,238.97000122070312,237.78237031228343,238.72286594182975,238.64424814724651,239.04861901528636,,,22,-0.0786177945832236,11022,0.9404956295463194,,,,,,,1.5470608078602452,0.5588181907354048,1.0413609634998935,,,,,,,,,,,,-0.49236939675607516,-0.49236939675605557,,
23,1,1,238.64999389648437,11,11023,238.64999389648437,237.67500114440918,238.10812338574004,237.78237031228343,0.8676235842009419,0,0.649239678618585,0.5418705107443316,0.9749927520751953,238.64999389648437,237.78237031228343,238.43160999090202,238.32424082302776,238.75736306435863,,,23,-0.10736916787423922,11023,0.649239678618585,,,,,,,1.2558048569325109,0.26756223980767047,0.7501050125721591,,,,,,,,,,,,0.6413796114226358,0.6413796114226565,,
24,1,1,238.8300018310547,11,11024,238.8300018310547,237.81250190734863,238.10812338574004,237.78237031228343,1.0476315187712544,0,0.6917468502494444,0.7218784453146441,1.0174999237060547,238.8300018310547,237.78237031228343,238.47411716253288,238.50424875759808,238.7998702359895,,,24,0.0301315950652139,11024,0.6917468502494444,,,,,,,1.2983120285633702,0.31006941143852984,0.7926121842030185,,,,,,,,,,,,-0.0636184049347861,-0.06361840493476613,,
25,1,1,238.75,11,11025,238.75,237.72904667050517,238.10812338574004,237.78237031228343,0.9676296877165669,0,0.6952002560382198,0.6418766142599566,1.02095332949483,238.75,237.78237031228343,238.47757056832165,238.4242469265434,238.80332364177826,,,25,-0.05332364177826676,11025,0.6952002560382198,,,,,,,1.3017654343521456,0.31352281722730524,0.7960655899917939,,,,,,,,,,,,0.22638060324392484,0.22638060324394427,,
26,1,1,238.5500030517578,11,11026,238.5500030517578,237.86124992370605,238.10812338574004,237.78237031228343,0.7676327394743794,0,0.3630000545951475,0.44187966601776907,0.6887531280517578,238.5500030517578,237.78237031228343,238.14537036687858,238.2242499783012,238.4711234403352,,,26,0.07887961142263578,11026,0.3630000545951475,,,,,,,0.9695652329090734,-0.01867738421576709,0.4638653885487216,,,,,,,,,,,,-0.1586215329865439,-0.15862153298652315,,
27,1,1,237.6699981689453,11,11027,237.6699981689453,237.9412498474121,238.10812338574004,237.78237031228343,-0.11237214333812062,0,-0.5970047519234072,-0.43812521679473093,-0.2712516784667969,237.6699981689453,237.78237031228343,237.18536556036003,237.3442450954887,237.51111863381664,,,27,0.15887953512869046,11027,-0.5970047519234072,,,,,,,0.009560426390518684,-0.9786821907343217,-0.4961394179698331,,,,,,,,,,,,-0.062370998928926724,-0.06237099892890655,,
28,1,1,237.3699951171875,11,11028,237.3699951171875,238.30749702453613,238.10812338574004,237.78237031228343,-0.4123751950959331,0,-1.2632549808052431,-0.7381282685525434,-0.9375019073486328,237.3699951171875,237.78237031228343,236.5191153314782,237.0442420437309,236.8448684049348,,,28,0.5251267122527139,11028,-1.2632549808052431,,,,,,,-0.6566898024913173,-1.6449324196161577,-1.162389646851669,,,,,,,,,,,,-0.21236871011056735,-0.2123687101105467,,
29,1,1,234.3800048828125,11,11029,234.3800048828125,237.5500030517578,238.10812338574004,237.78237031228343,-3.402365429470933,0,-3.495751242401923,-3.7281185029275434,-3.1699981689453125,234.3800048828125,237.78237031228343,234.2866190698815,234.0542518093559,234.61237214333812,,,29,-0.2323672605256064,11029,-3.495751242401923,,,,,,,-2.8891860640879967,-3.8774286812128373,-3.394885908448349,,,,,,,,,,,,-0.08986924416818454,-0.08986924416816433,,
30,1,1,236.02999877929687,11,11030,236.02999877929687,238.1862506866455,238.10812338574004,237.78237031228343,-1.7523715329865581,0,-2.482004980805243,-2.0781246064431684,-2.156251907348633,236.02999877929687,237.78237031228343,235.3003653314782,235.70424570584026,235.6261184049348,,,30,0.4038803743620889,11030,-2.482004980805243,,,,,,,-1.8754398024913173,-2.8636824196161577,-2.3811396468516692,,,,,,,,,,,,-0.0786177945832236,-0.07861779458320364,,
31,1,1,239.02999877929687,11,11031,239.02999877929687,237.5887508392334,238.10812338574004,237.78237031228343,1.2476284670134419,0,1.1154948666068663,0.9218753935568316,1.4412479400634766,239.02999877929687,237.78237031228343,238.8978651788903,238.70424570584026,239.2236182523469,,,31,-0.19361947305002047,11031,1.1154948666068663,,,,,,,1.7220600449207921,0.7338174277959517,1.2163602005604404,,,,,,,,,,,,-0.10736916787423922,-0.10736916787421949,,
32,1,1,238.47999572753906,11,11032,238.47999572753906,237.81749725341797,238.10812338574004,237.78237031228343,0.6976254152556294,0,0.33674540066448344,0.37187234179901907,0.6624984741210938,238.47999572753906,237.78237031228343,238.11911571294792,238.15424265408245,238.44486878640453,,,32,0.03512694113454984,11032,0.33674540066448344,,,,,,,0.9433105789784093,-0.04493203814643115,0.43761073461805755,,,,,,,,,,,,0.0301315950652139,0.030131595065233798,,
33,1,1,239.02000427246094,11,11033,239.02000427246094,238.20374870300293,238.10812338574004,237.78237031228343,1.2376339601775044,0,0.4905024960013975,0.9118808867208941,0.8162555694580078,239.02000427246094,237.78237031228343,238.27287280828483,238.69425119900433,238.59862588174144,,,33,0.4213783907195108,11033,0.4905024960013975,,,,,,,1.0970676743153234,0.10882505719048291,0.5913678299549716,,,,,,,,,,,,-0.05332364177826676,-0.05332364177824647,,
34,1,1,237.97000122070312,11,11034,237.97000122070312,238.10624885559082,238.10812338574004,237.78237031228343,0.18763090841969188,0,-0.4620007083443056,-0.13812216503691843,-0.1362476348876953,237.97000122070312,237.78237031228343,237.32036960393913,237.64424814724651,237.64612267739574,,,34,0.3238785433074014,11034,-0.4620007083443056,,,,,,,0.1445644699696202,-0.8436781471552202,-0.3611353743907315,,,,,,,,,,,,0.07887961142263578,0.07887961142265877,,
35,1,1,238.0399932861328,11,11035,238.0399932861328,237.7324981689453,238.10812338574004,237.78237031228343,0.2576229738493794,0,-0.01825795626911031,-0.06813009960723093,0.3074951171875,238.0399932861328,237.78237031228343,237.76411235601432,237.7142402126762,238.08986542947093,,,35,-0.04987214333810641,11035,-0.01825795626911031,,,,,,,0.5883072220448156,-0.3999353950800249,0.0826073776844638,,,,,,,,,,,,0.15887953512869046,0.15887953512871095,,
36,1,1,238.8699951171875,11,11036,238.8699951171875,237.7824993133545,238.10812338574004,237.78237031228343,1.0876248049040669,0,0.7617427303763975,0.7618717314474566,1.0874958038330078,238.8699951171875,237.78237031228343,238.54411304265983,238.5442420437309,238.86986611611644,,,36,0.00012900107107327585,11036,0.7617427303763975,,,,,,,1.3683079086903234,0.38006529156548297,0.8626080643299716,,,,,,,,,,,,0.5251267122527139,0.5251267122527347,,
37,1,1,238.38999938964844,11,11037,238.38999938964844,237.78874969482422,238.10812338574004,237.78237031228343,0.6076290773650044,0,0.27549662136760844,0.28187600390839407,0.6012496948242188,238.38999938964844,237.78237031228343,238.05786693365104,238.06424631619183,238.38362000710765,,,37,0.006379382540799838,11037,0.27549662136760844,,,,,,,0.8820617996815343,-0.10618081744330615,0.37636195532118255,,,,,,,,,,,,-0.2323672605256064,-0.2323672605255875,,
38,1,1,238.47000122070312,11,11038,238.47000122070312,237.7800006866455,238.10812338574004,237.78237031228343,0.6876309084196919,0,0.3642474606010069,0.36187783496308157,0.6900005340576172,238.47000122070312,237.78237031228343,238.14661777288444,238.14424814724651,238.47237084634105,,,38,-0.002369625637911099,11038,0.3642474606010069,,,,,,,0.9708126389149328,-0.017429978209907715,0.465112794554581,,,,,,,,,,,,0.4038803743620889,0.40388037436210944,,
39,1,1,238.5800018310547,11,11039,238.5800018310547,237.7012481689453,238.10812338574004,237.78237031228343,0.7976315187712544,0,0.5530005886527647,0.47187844531464407,0.878753662109375,238.5800018310547,237.78237031228343,238.3353709009362,238.25424875759808,238.6611239743928,,,39,-0.08112214333810641,11039,0.5530005886527647,,,,,,,1.1595657669666906,0.17132314984185015,0.6538659226063388,,,,,,,,,,,,-0.19361947305002047,-0.19361947305000002,,
40,1,1,238.2899932861328,11,11040,238.2899932861328,238.24809044184036,238.10812338574004,237.78237031228343,0.5076229738493794,0,-0.2838502291641589,0.18186990039276907,0.04190284429245139,238.2899932861328,237.78237031228343,237.49852008311927,237.9642402126762,237.82427315657588,,,40,0.4657201295569635,11040,-0.2838502291641589,,,,,,,0.3227149491497669,-0.6655276679750735,-0.1829848952105848,,,,,,,,,,,,0.03512694113454984,0.03512694113456963,,
41,1,1,238.52999877929687,11,11041,238.52999877929687,238.13125038146973,238.10812338574004,237.78237031228343,0.7476284670134419,0,0.07299532437053813,0.42187539355683157,0.39874839782714844,238.52999877929687,237.78237031228343,237.85536563665397,238.20424570584026,238.18111871011058,,,41,0.34888006918630765,11041,0.07299532437053813,,,,,,,0.679560502684464,-0.30868211444037646,0.17386065832411224,,,,,,,,,,,,0.4213783907195108,0.4213783907195329,,
42,1,1,236.07000732421875,11,11042,236.07000732421875,237.57875061035156,238.10812338574004,237.78237031228343,-1.7123629880646831,0,-1.8344963595894228,-2.0381160615212934,-1.5087432861328125,236.07000732421875,237.78237031228343,235.947873952694,235.74425425076214,236.27362702615062,,,42,-0.2036197019318564,11042,-1.8344963595894228,,,,,,,-1.227931181275497,-2.2161737984003373,-1.733631025635849,,,,,,,,,,,,0.3238785433074014,0.3238785433074223,,
43,1,1,234.74000549316406,11,11043,234.74000549316406,238.16875076293945,238.10812338574004,237.78237031228343,-3.0423648191193706,0,-3.754498343232001,-3.368117892575981,-3.4287452697753906,234.74000549316406,237.78237031228343,234.02787196905143,234.41425241970745,234.35362504250804,,,43,0.3863804506560342,11043,-3.754498343232001,,,,,,,-3.147933164918075,-4.1361757820429155,-3.653633009278427,,,,,,,,,,,,-0.04987214333810641,-0.04987214333808607,,
44,1,1,238.10000610351562,11,11044,238.10000610351562,237.55500030517578,238.10812338574004,237.78237031228343,0.3176357912321919,0,0.21925272488323344,-0.008117282224418432,0.5450057983398438,238.10000610351562,237.78237031228343,238.00162303716667,237.77425303005901,238.32737611062328,,,44,-0.22737000710763766,11044,0.21925272488323344,,,,,,,0.8258179031971593,-0.16242471392768115,0.32011805883680755,,,,,,,,,,,,0.00012900107107327585,0.00012900107109240996,,
45,1,1,238,11,11045,238,237.87750244140625,238.10812338574004,237.78237031228343,0.21762968771656688,0,-0.2032555148628603,-0.10812338574004343,0.12249755859375,238,237.78237031228343,237.57911479742057,237.6742469265434,237.90486787087718,,,45,0.09513212912283109,11045,-0.2032555148628603,,,,,,,0.4033096634510655,-0.5849329536737749,-0.1023901809092862,,,,,,,,,,,,0.006379382540799838,0.006379382540820695,,
46,1,1,238.50999450683594,11,11046,238.50999450683594,237.68999862670898,238.10812338574004,237.78237031228343,0.7276241945525044,0,0.4942428066703428,0.40187112109589407,0.8199958801269531,238.50999450683594,237.78237031228343,238.27661311895378,238.18424143337933,238.6023661924104,,,46,-0.09237168557443454,11046,0.4942428066703428,,,,,,,1.1008079849842687,0.11256536785942822,0.5951081406239169,,,,,,,,,,,,-0.002369625637911099,-0.0023696256378907695,,
47,1,1,238.47000122070312,11,11047,238.47000122070312,237.30124855041504,238.10812338574004,237.78237031228343,0.6876309084196919,0,0.8429995968314756,0.36187783496308157,1.168752670288086,238.47000122070312,237.78237031228343,238.6253699091149,238.14424814724651,238.95112298257152,,,47,-0.48112176186837985,11047,0.8429995968314756,,,,,,,1.4495647751454015,0.4613221580205611,0.9438649307850497,,,,,,,,,,,,-0.08112214333810641,-0.0811221433380871,,
48,1,1,238.7100067138672,11,11048,238.7100067138672,237.75125122070312,238.10812338574004,237.78237031228343,0.9276364015837544,0,0.6330024197074522,0.6018833281271441,0.9587554931640625,238.7100067138672,237.78237031228343,238.41537273199089,238.38425364041058,238.7411258054475,,,48,-0.03111909158029391,11048,0.6330024197074522,,,,,,,1.239567598021378,0.25132498089653765,0.7338677536610263,,,,,,,,,,,,0.4657201295569635,0.46572012955698533,,
49,1,1,237.6199951171875,11,11049,237.6199951171875,237.63250160217285,238.10812338574004,237.78237031228343,-0.16237519509593312,0,-0.33825955844196187,-0.48812826855254343,-0.012506484985351563,237.6199951171875,237.78237031228343,237.44411075384147,237.2942420437309,237.76986382729808,,,49,-0.14986871011056735,11049,-0.33825955844196187,,,,,,,0.26830561987196394,-0.7199369972528764,-0.23739422448838776,,,,,,,,,,,,0.34888006918630765,0.34888006918632947,,
50,1,1,238.3000030517578,11,11050,238.3000030517578,237.75500106811523,238.10812338574004,237.78237031228343,0.5176327394743794,0,0.21924891018596782,0.19187966601776907,0.5450019836425781,238.3000030517578,237.78237031228343,238.0016192224694,237.9742499783012,238.327372295926,,,50,-0.027369244168184537,11050,0.21924891018596782,,,,,,,0.8258140884998937,-0.16242852862494678,0.3201142441395419,,,,,,,,,,,,-0.2036197019318564,-0.20361970193183537,,
51,1,1,238.3300018310547,11,11051,238.3300018310547,237.72875213623047,238.10812338574004,237.78237031228343,0.5476315187712544,0,0.27549662136760844,0.22187844531464407,0.6012496948242188,238.3300018310547,237.78237031228343,238.05786693365104,238.00424875759808,238.38362000710765,,,51,-0.05361817605295016,11051,0.27549662136760844,,,,,,,0.8820617996815343,-0.10618081744330615,0.37636195532118255,,,,,,,,,,,,0.3863804506560342,0.3863804506560563,,
52,1,1,237.88999938964844,11,11052,237.88999938964844,237.8375015258789,238.10812338574004,237.78237031228343,0.10762907736500438,0,-0.27325520968707906,-0.21812399609160593,0.05249786376953125,237.88999938964844,237.78237031228343,237.50911510259635,237.56424631619183,237.83486817605296,,,52,0.05513121359548734,11052,-0.27325520968707906,,,,,,,0.33330996862684675,-0.6549326484979936,-0.17238987573350495,,,,,,,,,,,,-0.22737000710763766,-0.22737000710761987,,
53,1,1,236.3699951171875,11,11053,236.3699951171875,237.29124641418457,238.10812338574004,237.78237031228343,-1.4123751950959331,0,-1.2470043704536806,-1.7381282685525434,-0.9212512969970703,236.3699951171875,237.78237031228343,236.53536594182975,236.0442420437309,236.86111901528636,,,53,-0.4911238980988486,11053,-1.2470043704536806,,,,,,,-0.6404391921397548,-1.6286818092645952,-1.1461390365001065,,,,,,,,,,,,0.09513212912283109,0.09513212912285259,,
54,1,1,238.92999267578125,11,11054,238.92999267578125,238.30249786376953,238.10812338574004,237.78237031228343,1.1476223634978169,0,0.30174173855510844,0.8218692900412066,0.6274948120117188,238.92999267578125,237.78237031228343,238.08411205083854,238.60423960232464,238.40986512429515,,,54,0.5201275514861123,11054,0.30174173855510844,,,,,,,0.9083069168690343,-0.07993570025580615,0.40260707250868255,,,,,,,,,,,,-0.09237168557443454,-0.09237168557441465,,
55,1,1,237.69000244140625,11,11055,237.69000244140625,237.54749870300293,238.10812338574004,237.78237031228343,-0.09236787087718312,0,-0.18324933505329,-0.41812094433379343,0.1425037384033203,237.69000244140625,237.78237031228343,237.59912097723014,237.36424936794964,237.92487405068675,,,55,-0.23487160928048922,11055,-0.18324933505329,,,,,,,0.4233158432606358,-0.5649267738642045,-0.08238400109971589,,,,,,,,,,,,-0.48112176186837985,-0.48112176186836364,,
56,1,1,238.83999633789063,11,11056,238.83999633789063,237.86374855041504,238.10812338574004,237.78237031228343,1.0576260256071919,0,0.6504947140189756,0.7318729521505816,0.9762477874755859,238.83999633789063,237.78237031228343,238.4328650263024,238.51424326443401,238.75861809975902,,,56,0.08137823813162015,11056,0.6504947140189756,,,,,,,1.2570598923329015,0.2688172752080611,0.7513600479725497,,,,,,,,,,,,-0.03111909158029391,-0.03111909158027407,,
57,1,1,237.77000427246094,11,11057,237.77000427246094,237.60000038146973,238.10812338574004,237.78237031228343,-0.012366039822495623,0,-0.15574918246539937,-0.33811911327910593,0.17000389099121094,237.77000427246094,237.78237031228343,237.62662112981803,237.44425119900433,237.95237420327464,,,57,-0.18236993081369235,11057,-0.15574918246539937,,,,,,,0.45081599584852644,-0.5374266212763139,-0.05488384851182526,,,,,,,,,,,,-0.14986871011056735,-0.14986871011054856,,
58,1,1,238.75,11,11058,238.75,238.00625038146973,238.10812338574004,237.78237031228343,0.9676296877165669,0,0.41799654507366313,0.6418766142599566,0.7437496185302734,238.75,237.78237031228343,238.2003668573571,238.4242469265434,238.5261199308137,,,58,0.22388006918630765,11058,0.41799654507366313,,,,,,,1.024561723387589,0.036319106262748535,0.5188618790272372,,,,,,,,,,,,-0.027369244168184537,-0.027369244168164403,,
59,1,1,237.83999633789062,11,11059,237.83999633789062,237.73624992370605,238.10812338574004,237.78237031228343,0.05762602560719188,0,-0.22200665927204,-0.26812704784941843,0.10374641418457031,237.83999633789062,237.78237031228343,237.5603636530114,237.51424326443401,237.886116726468,,,59,-0.046120388577364224,11059,-0.22200665927204,,,,,,,0.3845585190418858,-0.6036840980829545,-0.12114132531846589,,,,,,,,,,,,-0.05361817605295016,-0.05361817605293024,,
60,1,1,238.25,11,11060,238.25,237.47250175476074,238.10812338574004,237.78237031228343,0.4676296877165669,0,0.4517451717826475,0.14187661425995657,0.7774982452392578,238.25,237.78237031228343,238.23411548406608,237.9242469265434,238.5598685575227,,,60,-0.3098685575226767,11060,0.4517451717826475,,,,,,,1.0583103500965734,0.07006773297173291,0.5526105057362216,,,,,,,,,,,,0.05513121359548734,0.05513121359550776,,
61,1,1,238.25999450683594,11,11061,238.25999450683594,237.87499809265137,238.10812338574004,237.78237031228343,0.4776241945525044,0,0.05924334072796,0.15187112109589407,0.3849964141845703,238.25999450683594,237.78237031228343,237.8416136530114,237.93424143337933,238.167366726468,,,61,0.09262778036794828,11061,0.05924334072796,,,,,,,0.6658085190418859,-0.3224340980829546,0.1601086746815341,,,,,,,,,,,,-0.4911238980988486,-0.49112389809882995,,
62,1,1,237.52000427246094,11,11062,237.52000427246094,237.4537525177002,238.10812338574004,237.78237031228343,-0.2623660398224956,0,-0.2595013186958681,-0.5881191132791059,0.06625175476074219,237.52000427246094,237.78237031228343,237.52286899358757,237.19425119900433,237.84862206704418,,,62,-0.3286177945832236,11062,-0.2595013186958681,,,,,,,0.3470638596180577,-0.6411787575067827,-0.158635984742294,,,,,,,,,,,,0.5201275514861123,0.5201275514861365,,
63,1,1,237.77999877929687,11,11063,237.77999877929687,237.59249877929687,238.10812338574004,237.78237031228343,-0.0023715329865581225,0,-0.1382530734566103,-0.32812460644316843,0.1875,237.77999877929687,237.78237031228343,237.64411723882682,237.45424570584026,237.96987031228343,,,63,-0.1898715329865439,11063,-0.1382530734566103,,,,,,,0.4683121048573155,-0.5199305122675249,-0.0373877395030362,,,,,,,,,,,,-0.23487160928048922,-0.23487160928047135,,
64,1,1,238.25999450683594,11,11064,238.25999450683594,238.1437473297119,238.10812338574004,237.78237031228343,0.4776241945525044,0,-0.20950589633258687,0.15187112109589407,0.11624717712402344,238.25999450683594,237.78237031228343,237.57286441595085,237.93424143337933,237.89861748940746,,,64,0.36137701742849515,11064,-0.20950589633258687,,,,,,,0.39705928198133894,-0.5911833351435014,-0.10864056237901276,,,,,,,,,,,,0.08137823813162015,0.08137823813164134,,
65,1,1,237.75999450683594,11,11065,237.75999450683594,237.4112491607666,238.10812338574004,237.78237031228343,-0.022375805447495623,0,0.02299227261272563,-0.34812887890410593,0.34874534606933594,237.75999450683594,237.78237031228343,237.80536258489616,237.43424143337933,238.13111565835277,,,65,-0.37112115151681735,11065,0.02299227261272563,,,,,,,0.6295574509266515,-0.35868516619818896,0.12385760656629974,,,,,,,,,,,,-0.18236993081369235,-0.18236993081367328,,
66,1,1,237.4600067138672,11,11066,237.4600067138672,238.07999992370605,238.10812338574004,237.78237031228343,-0.3223635984162456,0,-0.9457462832954775,-0.6481166718728559,-0.6199932098388672,237.4600067138672,237.78237031228343,236.83662402898796,237.13425364041058,237.16237710244457,,,66,0.2976296114226358,11066,-0.9457462832954775,,,,,,,-0.33918110498155163,-1.327423722106392,-0.8448809493419034,,,,,,,,,,,,0.22388006918630765,0.2238800691863305,,
67,1,1,237.8800048828125,11,11067,237.8800048828125,237.49999809265137,238.10812338574004,237.78237031228343,0.09763457052906688,0,0.0542537167045225,-0.22811850292754343,0.3800067901611328,237.8800048828125,237.78237031228343,237.83662402898796,237.5542518093559,238.16237710244457,,,67,-0.2823722196320517,11067,0.0542537167045225,,,,,,,0.6608188950184484,-0.3274237221063921,0.1551190506580966,,,,,,,,,,,,-0.046120388577364224,-0.04612038857734391,,
68,1,1,238.4199981689453,11,11068,238.4199981689453,237.77625274658203,238.10812338574004,237.78237031228343,0.6376278566618794,0,0.31799234890667094,0.31187478320526907,0.6437454223632813,238.4199981689453,237.78237031228343,238.1003626611901,238.0942450954887,238.42611573464671,,,68,-0.006117565701387662,11068,0.31799234890667094,,,,,,,0.9245575272205968,-0.06368508990424365,0.41885768286024505,,,,,,,,,,,,-0.3098685575226767,-0.30986855752266024,,
69,1,1,237.57000732421875,11,11069,237.57000732421875,237.1733899352215,238.10812338574004,237.78237031228343,-0.21236298806468312,0,0.0708643155406321,-0.5381160615212934,0.3966173889972424,237.57000732421875,237.78237031228343,237.85323462782407,237.24425425076214,238.17898770128068,,,69,-0.6089803770619078,11069,0.0708643155406321,,,,,,,0.677429493854558,-0.3108131232702825,0.17172964949420622,,,,,,,,,,,,0.09262778036794828,0.0926277803679692,,
70,1,1,239.50999450683594,11,11070,239.50999450683594,238.16000175476074,238.10812338574004,237.78237031228343,1.7276241945525044,0,1.024239678618585,1.401871121095894,1.3499927520751953,239.50999450683594,237.78237031228343,238.80660999090202,239.18424143337933,239.13236306435863,,,70,0.3776314424773233,11070,1.024239678618585,,,,,,,1.6308048569325109,0.6425622398076705,1.1251050125721591,,,,,,,,,,,,-0.3286177945832236,-0.32861779458320667,,
71,1,1,239.16000366210937,11,11071,239.16000366210937,237.4950008392334,238.10812338574004,237.78237031228343,1.3776333498259419,0,1.3392497494193663,1.0518802763693316,1.6650028228759766,239.16000366210937,237.78237031228343,239.1216200617028,238.83425058865276,239.4473731351594,,,71,-0.2873694730500205,11071,1.3392497494193663,,,,,,,1.9458149277332921,0.9575723106084517,1.4401150833729404,,,,,,,,,,,,-0.1898715329865439,-0.1898715329865255,,
72,1,1,239.80999755859375,11,11072,239.80999755859375,237.99374961853027,238.10812338574004,237.78237031228343,2.027627246310317,0,1.4904948666068663,1.7018741728537066,1.8162479400634766,239.80999755859375,237.78237031228343,239.2728651788903,239.48424448513714,239.5986182523469,,,72,0.21137930624685453,11072,1.4904948666068663,,,,,,,2.0970600449207923,1.1088174277959517,1.5913602005604404,,,,,,,,,,,,0.36137701742849515,0.36137701742851974,,
73,1,1,238.97000122070312,11,11073,238.97000122070312,237.81625175476074,238.10812338574004,237.78237031228343,1.1876309084196919,0,0.8279963924857725,0.8618778349630816,1.1537494659423828,238.97000122070312,237.78237031228343,238.6103667047692,238.64424814724651,238.93611977822582,,,73,0.033881442477323276,11073,0.8279963924857725,,,,,,,1.4345615707996984,0.44631895367485797,0.9288617264393466,,,,,,,,,,,,-0.37112115151681735,-0.37112115151679953,,
74,1,1,238.8699951171875,11,11074,238.8699951171875,237.46249771118164,238.10812338574004,237.78237031228343,1.0876248049040669,0,1.081744332549249,0.7618717314474566,1.4074974060058594,238.8699951171875,237.78237031228343,238.86411464483268,238.5442420437309,239.1898677182893,,,74,-0.3198726011017783,11074,1.081744332549249,,,,,,,1.688309510863175,0.7000668937383345,1.1826096665028232,,,,,,,,,,,,0.2976296114226358,0.29762961142265787,,
75,1,1,239.3800048828125,11,11075,239.3800048828125,237.97875213623047,238.10812338574004,237.78237031228343,1.5976345705290669,0,1.075499673125421,1.2718814970724566,1.4012527465820313,239.3800048828125,237.78237031228343,238.85786998540885,239.0542518093559,239.18362305886546,,,75,0.19638182394704984,11075,1.075499673125421,,,,,,,1.6820648514393468,0.6938222343145064,1.176365007078995,,,,,,,,,,,,-0.2823722196320517,-0.28237221963203235,,
76,1,1,238.6699981689453,11,11076,238.6699981689453,237.85000038146973,238.10812338574004,237.78237031228343,0.8876278566618794,0,0.49424471401897563,0.5618747832052691,0.8199977874755859,238.6699981689453,237.78237031228343,238.2766150263024,238.3442450954887,238.60236809975902,,,76,0.06763006918630765,11076,0.49424471401897563,,,,,,,1.1008098923329015,0.11256727520806104,0.5951100479725497,,,,,,,,,,,,-0.006117565701387662,-0.006117565701367362,,
77,1,1,239.49000549316406,11,11077,239.49000549316406,238.25,238.10812338574004,237.78237031228343,1.7076351808806294,0,0.9142524197074522,1.381882107424019,1.2400054931640625,239.49000549316406,237.78237031228343,238.69662273199089,239.16425241970745,239.0223758054475,,,77,0.4676296877165811,11077,0.9142524197074522,,,,,,,1.520817598021378,0.5325749808965377,1.0151177536610263,,,,,,,,,,,,-0.6089803770619078,-0.608980377061893,,
78,1,1,239.63999938964844,11,11078,239.63999938964844,238.08250045776367,238.10812338574004,237.78237031228343,1.8576290773650044,0,1.2317458584281553,1.531876003908394,1.5574989318847656,239.63999938964844,237.78237031228343,239.0141161707116,239.31424631619183,239.3398692441682,,,78,0.30013014548025296,11078,1.2317458584281553,,,,,,,1.8383110367420812,0.8500684196172408,1.3326111923817294,,,,,,,,,,,,0.3776314424773233,0.3776314424773456,,
79,1,1,237.64999389648437,11,11079,237.64999389648437,237.1425018310547,238.10812338574004,237.78237031228343,-0.13237641579905812,0,0.1817389919730772,-0.45812948925566843,0.5074920654296875,237.64999389648437,237.78237031228343,237.9641093042565,237.32424082302776,238.28986237771312,,,79,-0.6398684812287314,11079,0.1817389919730772,,,,,,,0.7883041702870031,-0.1999384468378374,0.2826043259266513,,,,,,,,,,,,-0.2873694730500205,-0.2873694730500036,,
80,1,1,239.66000366210937,11,11080,239.66000366210937,238.05749893188477,238.10812338574004,237.78237031228343,1.8776333498259419,0,1.276751656767999,1.5518802763693316,1.6025047302246094,239.66000366210937,237.78237031228343,239.05912196905143,239.33425058865276,239.38487504250804,,,80,0.2751286196013467,11080,1.276751656767999,,,,,,,1.883316835081925,0.8950742179570845,1.3776169907215732,,,,,,,,,,,,0.21137930624685453,0.21137930624687684,,
81,1,1,238.7100067138672,11,11081,238.7100067138672,237.87625122070312,238.10812338574004,237.78237031228343,0.9276364015837544,0,0.5080024197074522,0.6018833281271441,0.8337554931640625,238.7100067138672,237.78237031228343,238.29037273199089,238.38425364041058,238.6161258054475,,,81,0.09388090841970609,11081,0.5080024197074522,,,,,,,1.114567598021378,0.12632498089653765,0.6088677536610263,,,,,,,,,,,,0.033881442477323276,0.03388144247734301,,
82,1,1,239.05999755859375,11,11082,239.05999755859375,237.49999809265137,238.10812338574004,237.78237031228343,1.2776272463103169,0,1.2342463924857725,0.9518741728537066,1.5599994659423828,239.05999755859375,237.78237031228343,239.0166167047692,238.73424448513714,239.34236977822582,,,82,-0.2823722196320517,11082,1.2342463924857725,,,,,,,1.8408115707996984,0.852568953674858,1.3351117264393466,,,,,,,,,,,,-0.3198726011017783,-0.3198726011017607,,
83,1,1,239.6300048828125,11,11083,239.6300048828125,237.82250213623047,238.10812338574004,237.78237031228343,1.8476345705290669,0,1.481749673125421,1.5218814970724566,1.8075027465820313,239.6300048828125,237.78237031228343,239.26411998540885,239.3042518093559,239.58987305886546,,,83,0.04013182394704984,11083,1.481749673125421,,,,,,,2.088314851439347,1.1000722343145064,1.582615007078995,,,,,,,,,,,,0.19638182394704984,0.19638182394706957,,
84,1,1,238.8699951171875,11,11084,238.8699951171875,237.66309135736773,238.10812338574004,237.78237031228343,1.0876248049040669,0,0.8811506863631564,0.7618717314474566,1.2069037598197667,238.8699951171875,237.78237031228343,238.6635209986466,238.5442420437309,238.9892740721032,,,84,-0.11927895491569274,11084,0.8811506863631564,,,,,,,1.4877158646770823,0.4994732475522419,0.9820160203167305,,,,,,,,,,,,0.06763006918630765,0.06763006918632762,,
85,1,1,238.24000549316406,11,11085,238.24000549316406,237.7375030517578,238.10812338574004,237.78237031228343,0.4576351808806294,0,0.1767493679496397,0.13188210742401907,0.50250244140625,238.24000549316406,237.78237031228343,237.95911968023307,237.91425241970745,238.28487275368968,,,85,-0.04486726052560641,11085,0.1767493679496397,,,,,,,0.7833145462635656,-0.2049280708612749,0.2776147019032138,,,,,,,,,,,,0.4676296877165811,0.4676296877166037,,
86,1,1,237.92999267578125,11,11086,237.92999267578125,237.9612522125244,238.10812338574004,237.78237031228343,0.14762236349781688,0,-0.35701261019977437,-0.17813070995879343,-0.03125953674316406,237.92999267578125,237.78237031228343,237.42535770208366,237.60423960232464,237.75111077554027,,,86,0.17888190024099515,11086,-0.35701261019977437,,,,,,,0.24955256811415144,-0.7386900490106889,-0.25614727624620026,,,,,,,,,,,,0.30013014548025296,0.30013014548027717,,
87,1,1,238.32000732421875,11,11087,238.32000732421875,237.7824993133545,238.10812338574004,237.78237031228343,0.5376370119353169,0,0.2117549374076475,0.21188393847870657,0.5375080108642578,238.32000732421875,237.78237031228343,237.99412524969108,237.99425425076214,238.3198783231477,,,87,0.00012900107107327585,11087,0.2117549374076475,,,,,,,0.8183201157215734,-0.1699225014032671,0.3126202713612216,,,,,,,,,,,,-0.6398684812287314,-0.6398684812287147,,
88,1,1,234.74000549316406,11,11088,234.74000549316406,238.04999923706055,238.10812338574004,237.78237031228343,-3.0423648191193706,0,-3.6357468173530947,-3.368117892575981,-3.3099937438964844,234.74000549316406,237.78237031228343,234.14662349493034,234.41425241970745,234.47237656838695,,,88,0.26762892477712796,11088,-3.6357468173530947,,,,,,,-3.0291816390391686,-4.017424256164009,-3.534881483399521,,,,,,,,,,,,0.2751286196013467,0.2751286196013687,,
89,1,1,237.67999267578125,11,11089,237.67999267578125,237.9699993133545,238.10812338574004,237.78237031228343,-0.10237763650218312,0,-0.6157597110298525,-0.42813070995879343,-0.2900066375732422,237.67999267578125,237.78237031228343,237.16661060125358,237.35423960232464,237.4923636747102,,,89,0.18762900107107328,11089,-0.6157597110298525,,,,,,,-0.009194532715926629,-0.997437149840767,-0.5148943770762784,,,,,,,,,,,,0.09388090841970609,0.09388090841972593,,
90,1,1,239.0399932861328,11,11090,239.0399932861328,237.40374946594238,238.10812338574004,237.78237031228343,1.2576229738493794,0,1.3104907467338194,0.9318699003927691,1.6362438201904297,239.0399932861328,237.78237031228343,239.09286105901725,238.7142402126762,239.41861413247386,,,90,-0.3786208463410361,11090,1.3104907467338194,,,,,,,1.9170559250477452,0.9288133079229048,1.4113560806873935,,,,,,,,,,,,-0.2823722196320517,-0.2823722196320342,,
91,1,1,237.69000244140625,11,11091,237.69000244140625,237.67125129699707,238.10812338574004,237.78237031228343,-0.09236787087718312,0,-0.3070019290474306,-0.41812094433379343,0.018751144409179688,237.69000244140625,237.78237031228343,237.475368383236,237.36424936794964,237.8011214566926,,,91,-0.1111190152863486,11091,-0.3070019290474306,,,,,,,0.2995632492664952,-0.6886793678583452,-0.2061365950938565,,,,,,,,,,,,0.04013182394704984,0.0401318239470699,,
92,1,1,238.25999450683594,11,11092,238.25999450683594,237.9162483215332,238.10812338574004,237.78237031228343,0.4776241945525044,0,0.017993111846124066,0.15187112109589407,0.3437461853027344,238.25999450683594,237.78237031228343,237.80036342412956,237.93424143337933,238.12611649758617,,,92,0.1338780092497842,11092,0.017993111846124066,,,,,,,0.6245582901600499,-0.3636843269647905,0.11885844579969818,,,,,,,,,,,,-0.11927895491569274,-0.11927895491567285,,
93,1,1,238.27999877929687,11,11093,238.27999877929687,236.86500358581543,238.10812338574004,237.78237031228343,0.4976284670134419,0,1.089242120024835,0.17187539355683157,1.4149951934814453,238.27999877929687,237.78237031228343,238.87161243230827,237.95424570584026,239.19736550576488,,,93,-0.9173667264679892,11093,1.089242120024835,,,,,,,1.6958072983387609,0.7075646812139205,1.1901074539784091,,,,,,,,,,,,-0.04486726052560641,-0.044867260525588176,,
94,1,1,238.5,11,11094,238.5,237.7887477874756,238.10812338574004,237.78237031228343,0.7176296877165669,0,0.38549913906780375,0.39187661425995657,0.7112522125244141,238.5,237.78237031228343,238.16786945135124,238.1742469265434,238.49362252480785,,,94,0.006377475192167026,11094,0.38549913906780375,,,,,,,0.9920643173817296,0.00382170025688916,0.48636447302137786,,,,,,,,,,,,0.17888190024099515,0.17888190024101705,,
95,1,1,237.75,11,11095,237.75,237.8300018310547,238.10812338574004,237.78237031228343,-0.03237031228343312,0,-0.4057549045112978,-0.35812338574004343,-0.0800018310546875,237.75,237.78237031228343,237.37661540777214,237.4242469265434,237.70236848122875,,,95,0.04763151877126859,11095,-0.4057549045112978,,,,,,,0.200810273802628,-0.7874323433222124,-0.3048895705577237,,,,,,,,,,,,0.00012900107107327585,0.0001290010710939308,,
96,1,1,237.85000610351562,11,11096,237.85000610351562,237.75000190734863,238.10812338574004,237.78237031228343,0.06763579123219188,0,-0.22574887728961812,-0.25811728222441843,0.10000419616699219,237.85000610351562,237.78237031228343,237.55662143499382,237.52425303005901,237.88237450845043,,,96,-0.0323684049347861,11096,-0.22574887728961812,,,,,,,0.3808163010243077,-0.6074263161005327,-0.12488354333604401,,,,,,,,,,,,0.26762892477712796,0.26762892477715006,,
97,1,1,238.2100067138672,11,11097,238.2100067138672,237.61750030517578,238.10812338574004,237.78237031228343,0.4276364015837544,0,0.26675333523479594,0.10188332812714407,0.5925064086914063,238.2100067138672,237.78237031228343,238.04912364751823,237.88425364041058,238.37487672097484,,,97,-0.16487000710763766,11097,0.26675333523479594,,,,,,,0.8733185135487218,-0.11492410357611865,0.36761866918837005,,,,,,,,,,,,0.18762900107107328,0.1876290010710949,,
98,1,1,238.30999755859375,11,11098,238.30999755859375,238.59249877929687,238.10812338574004,237.78237031228343,0.5276272463103169,0,-0.6082542941597353,0.20187417285370657,-0.282501220703125,238.30999755859375,237.78237031228343,237.1741160181237,237.98424448513714,237.4998690915803,,,98,0.8101284670134561,11098,-0.6082542941597353,,,,,,,-0.0016891158458094413,-0.9899317329706499,-0.5073889602061612,,,,,,,,,,,,-0.3786208463410361,-0.378620846341019,,
99,1,1,235.3699951171875,11,11099,235.3699951171875,238.17184227289505,238.10812338574004,237.78237031228343,-2.412375195095933,0,-3.127600229164159,-2.7381282685525434,-2.8018471557075486,235.3699951171875,237.78237031228343,234.65477008311927,235.0442420437309,234.98052315657588,,,99,0.389471960611651,11099,-3.127600229164159,,,,,,,-2.521035050850233,-3.5092776679750735,-3.026734895210585,,,,,,,,,,,,-0.1111190152863486,-0.1111190152863294,,
100,1,1,235.11000061035156,11,11100,235.11000061035156,238.0587501525879,238.10812338574004,237.78237031228343,-2.6723697019318706,0,-3.2745026156929384,-2.998122775388481,-2.948749542236328,235.11000061035156,237.78237031228343,234.5078676965905,234.78424753689495,234.8336207700471,,,100,0.2763798403044717,11100,-3.2745026156929384,,,,,,,-2.6679374373790123,-3.656180054503853,-3.1736372817393645,,,,,,,,,,,,0.1338780092497842,0.1338780092498051,,
1,1,2,237.38999938964844,12,12001,237.38999938964844,237.25749969482422,238.66974759545468,237.78237031228343,-0.3923709226349956,0,-0.7548775883470285,-1.2797482058062428,0.13249969482421875,237.38999938964844,237.78237031228343,237.0274927239364,236.5026221064772,237.91487000710765,,,,,12001,-0.7548775883470285,,,,,,,-0.19432305591036914,-0.9515040869767222,-0.9513227965109552,,,,,,,,,,,,-0.9173667264679892,-0.9173667264679745,,
2,1,2,236.38999938964844,12,12002,236.38999938964844,237.84124755859375,238.66974759545468,237.78237031228343,-1.3923709226349956,0,-2.3386254521165597,-2.279748205806243,-1.4512481689453125,236.38999938964844,237.78237031228343,235.44374486016687,235.5026221064772,236.33112214333812,,,,,12002,-2.3386254521165597,,,,,,,-0.7680764128439629,-1.525257443910316,-1.525076153444549,,,,,,,,,,,,0.006377475192167026,0.006377475192186688,,
3,1,2,237.25999450683594,12,12003,237.25999450683594,237.30999946594238,238.66974759545468,237.78237031228343,-0.5223758054474956,0,-0.9373822422776925,-1.4097530886187428,-0.05000495910644531,237.25999450683594,237.78237031228343,236.84498807000574,236.3726172236647,237.732365353177,,,,,12003,-0.9373822422776925,,,,,,,-0.07682465808322064,-0.8340056891495737,-0.8338243986838068,,,,,,,,,,,,0.04763151877126859,0.0476315187712886,,
4,1,2,239.27000427246094,12,12004,239.27000427246094,237.61529812009013,238.66974759545468,237.78237031228343,1.4876339601775044,0,0.7673288691995595,0.6002566770062572,1.6547061523708066,239.27000427246094,237.78237031228343,238.549699181483,238.3826269892897,239.43707646465424,,,,,12004,0.7673288691995595,,,,,,,-0.16212209152784374,-0.9193031225941968,-0.9191218321284298,,,,,,,,,,,,-0.0323684049347861,-0.03236840493476562,,
5,1,2,239.0800018310547,12,12005,239.0800018310547,238.04625129699707,238.66974759545468,237.78237031228343,1.2976315187712544,0,0.14637325088637,0.4102542356000072,1.0337505340576172,239.0800018310547,237.78237031228343,237.9287435631698,238.19262454788344,238.81612084634105,,,,,12005,0.14637325088637,,,,,,,-0.4330716063254082,-1.1902526373917612,-1.1900713469259943,,,,,,,,,,,,-0.16487000710763766,-0.16487000710761798,,
6,1,2,239.61000061035156,12,12006,239.61000061035156,237.98250007629395,238.66974759545468,237.78237031228343,1.8276302980681294,0,0.74012325088637,0.9402530148968822,1.6275005340576172,239.61000061035156,237.78237031228343,238.5224935631698,238.72262332718032,239.40987084634105,,,,,12006,0.74012325088637,,,,,,,-0.4393277098410332,-1.1965087409073862,-1.1963274504416193,,,,,,,,,,,,0.8101284670134561,0.8101284670134772,,
7,1,2,238,12,12007,238,237.35875129699707,238.66974759545468,237.78237031228343,0.21762968771656688,0,-0.2461285801683175,-0.6697475954546803,0.6412487030029297,238,237.78237031228343,237.53624173211512,237.11262271682875,238.42361901528636,,,,,12007,-0.2461285801683175,,,,,,,0.27441740734646686,-0.4827636237198862,-0.48258233325411914,,,,,,,,,,,,0.389471960611651,0.38947196061167444,,
8,1,2,238.52000427246094,12,12008,238.52000427246094,237.80000114440918,238.66974759545468,237.78237031228343,0.7376339601775044,0,-0.1673741551194894,-0.14974332299374282,0.7200031280517578,238.52000427246094,237.78237031228343,237.61499615716394,237.6326269892897,238.5023734403352,,,,,12008,-0.1673741551194894,,,,,,,-0.08683060901095502,-0.8440116400773081,-0.8438303496115411,,,,,,,,,,,,0.2763798403044717,0.27637984030449403,,
9,1,2,238.8699951171875,12,12009,238.8699951171875,237.82499885559082,238.66974759545468,237.78237031228343,1.0876248049040669,0,0.1576189784254325,0.20024752173281968,1.0449962615966797,238.8699951171875,237.78237031228343,237.93998929070887,237.98261783401625,238.8273665738801,,,,,12009,0.1576189784254325,,,,,,,-0.09182404773165814,-0.8490050787980112,-0.8488237883322443,,,,,,,,,,,,,,,
10,1,2,239.32000732421875,12,12010,239.32000732421875,237.77375411987305,238.66974759545468,237.78237031228343,1.5376370119353169,0,0.6588759211744559,0.6502597287640697,1.5462532043457031,239.32000732421875,237.78237031228343,238.4412462334579,238.4326300410475,239.32862351662914,,,,,12010,0.6588759211744559,,,,,,,-0.44057320849825976,-1.1977542395646128,-1.1975729490988458,,,,,,,,,,,,,,,
11,1,2,238.9600067138672,12,12011,238.9600067138672,237.79500198364258,238.66974759545468,237.78237031228343,1.1776364015837544,0,0.2776274470533622,0.2902591184125072,1.1650047302246094,238.9600067138672,237.78237031228343,238.0599977593368,238.07262943069594,238.94737504250804,,,,,12011,0.2776274470533622,,,,,,,0.36816549999783404,-0.389015531068519,-0.38883424060275196,,,,,,,,,,,,,,,
12,1,2,239.1699981689453,12,12012,239.1699981689453,237.82000160217285,238.66974759545468,237.78237031228343,1.3876278566618794,0,0.46261928360121374,0.5002505734906322,1.349996566772461,239.1699981689453,237.78237031228343,238.24498959588465,238.28262088577407,239.1323668790559,,,,,12012,0.46261928360121374,,,,,,,0.10317564709256061,-0.6540053839737925,-0.6538240935080255,,,,,,,,,,,,,,,
13,1,2,239.0800018310547,12,12013,239.0800018310547,238.0974998474121,238.66974759545468,237.78237031228343,1.2976315187712544,0,0.09512470047133093,0.4102542356000072,0.9825019836425781,239.0800018310547,237.78237031228343,237.87749501275476,238.19262454788344,238.764872295926,,,,,12013,0.09512470047133093,,,,,,,0.2256712983376778,-0.5315097327286753,-0.5313284422629082,,,,,,,,,,,,,,,
14,1,2,232.32000732421875,12,12014,232.32000732421875,237.29000091552734,238.66974759545468,237.78237031228343,-5.462362988064683,0,-5.857370874479841,-6.34974027123593,-4.969993591308594,232.32000732421875,237.78237031228343,231.9249994378036,231.4326300410475,232.81237672097484,,,,,12014,-5.857370874479841,,,,,,,1.183179385495881,0.4259983544295278,0.4261796448952949,,,,,,,,,,,,,,,
15,1,2,236.89999389648437,12,12015,236.89999389648437,238.42374992370605,238.66974759545468,237.78237031228343,-0.8823764157990581,0,-2.411133310392927,-1.7697536989703053,-1.5237560272216797,236.89999389648437,237.78237031228343,235.3712370018905,236.01261661331313,236.25861428506175,,,,,12015,-2.411133310392927,,,,,,,-0.3705830504172051,-1.1277640814835581,-1.1275827910177911,,,,,,,,,,,,,,,
16,1,2,238.55999755859375,12,12016,238.55999755859375,237.71875190734863,238.66974759545468,237.78237031228343,0.7776272463103169,0,-0.04613163192613001,-0.10975003686093032,0.8412456512451172,238.55999755859375,237.78237031228343,237.7362386803573,237.6726202754225,238.62361596352855,,,,,12016,-0.04613163192613001,,,,,,,-0.1555752684347832,-0.9127562995011362,-0.9125750090353693,,,,,,,,,,,,,,,
17,1,2,239.22000122070312,12,12017,239.22000122070312,238.00875091552734,238.66974759545468,237.78237031228343,1.4376309084196919,0,0.32387302200453405,0.5502536252484447,1.2112503051757812,239.22000122070312,237.78237031228343,238.10624333428797,238.33262393753188,238.99362061745921,,,,,12017,0.32387302200453405,,,,,,,-0.6455712248556816,-1.4027522559220347,-1.4025709654562677,,,,,,,,,,,,,,,
18,1,2,237.94000244140625,12,12018,237.94000244140625,237.62374877929687,238.66974759545468,237.78237031228343,0.15763212912281688,0,-0.5711236210618722,-0.7297451540484303,0.316253662109375,237.94000244140625,237.78237031228343,237.21124669122156,237.052625158235,238.0986239743928,,,,,12018,-0.5711236210618722,,,,,,,-1.3805794646017753,-2.1377604956681284,-2.1375792052023614,,,,,,,,,,,,,,,
19,1,2,238.02000427246094,12,12019,238.02000427246094,237.7199993133545,238.66974759545468,237.78237031228343,0.23763396017750438,0,-0.5873723240648019,-0.6497433229937428,0.3000049591064453,238.02000427246094,237.78237031228343,237.19499798821863,237.1326269892897,238.08237527138988,,,,,12019,-0.5873723240648019,,,,,,,-0.2668232847922051,-1.0240043158585581,-1.0238230253927911,,,,,,,,,,,,,,,
20,1,2,238.0800018310547,12,12020,238.0800018310547,237.57000160217285,238.66974759545468,237.78237031228343,0.2976315187712544,0,-0.37737705428941126,-0.5897457643999928,0.5100002288818359,238.0800018310547,237.78237031228343,237.40499325799402,237.19262454788344,238.29237054116527,,,,,12020,-0.37737705428941126,,,,,,,0.05317259533474811,-0.704008435731605,-0.703827145265838,,,,,,,,,,,,,,,
21,1,2,237.86000061035156,12,12021,237.86000061035156,237.69250106811523,238.66974759545468,237.78237031228343,0.07763029806812938,0,-0.7198777409349191,-0.8097469851031178,0.16749954223632813,237.86000061035156,237.78237031228343,237.0624925713485,236.97262332718032,237.94986985451976,,,,,12021,-0.7198777409349191,,,,,,,-0.26932381884982226,-1.0265048499161753,-1.0263235594504083,,,,,,,,,,,,,,,
22,1,2,237.9600067138672,12,12022,237.9600067138672,237.7037525177002,238.66974759545468,237.78237031228343,0.17763640158375438,0,-0.631123087004255,-0.7097408815874928,0.2562541961669922,237.9600067138672,237.78237031228343,237.15124722527918,237.07262943069594,238.03862450845043,,,,,12022,-0.631123087004255,,,,,,,0.5294222901589669,-0.22775874090738618,-0.22757745044161914,,,,,,,,,,,,,,,
23,1,2,237.9199981689453,12,12023,237.9199981689453,237.67500114440918,238.66974759545468,237.78237031228343,0.13762785666187938,0,-0.6423802586351144,-0.7497494265093678,0.2449970245361328,237.9199981689453,237.78237031228343,237.13999005364832,237.03262088577407,238.02736733681957,,,,,12023,-0.6423802586351144,,,,,,,-0.24182938830783007,-0.9990104193741831,-0.9988291289084161,,,,,,,,,,,,,,,
24,1,2,238.16000366210937,12,12024,238.16000366210937,237.81250190734863,238.66974759545468,237.78237031228343,0.3776333498259419,0,-0.539875528410505,-0.5097439333453053,0.3475017547607422,238.16000366210937,237.78237031228343,237.24249478387293,237.27262637893813,238.12987206704418,,,,,12024,-0.539875528410505,,,,,,,-0.1593289305441582,-0.9165099616105112,-0.9163286711447443,,,,,,,,,,,,,,,
25,1,2,238.67999267578125,12,12025,238.67999267578125,237.72904667050517,238.66974759545468,237.78237031228343,0.8976223634978169,0,0.06356872210483289,0.010245080326569678,0.9509460052760801,238.67999267578125,237.78237031228343,237.84593903438827,237.79261539261,238.7333163175595,,,,,12025,0.06356872210483289,,,,,,,0.5241324098149298,-0.23304862125142328,-0.23286733078565625,,,,,,,,,,,,,,,
26,1,2,239.27999877929687,12,12026,239.27999877929687,237.86124992370605,238.66974759545468,237.78237031228343,1.4976284670134419,0,0.5313715724195731,0.6102511838421947,1.4187488555908203,239.27999877929687,237.78237031228343,238.313741884703,238.39262149612563,239.20111916787425,,,,,12026,0.5313715724195731,,,,,,,1.2119212220437325,0.4547401909773794,0.4549214814431465,,,,,,,,,,,,,,,
27,1,2,238.91000366210937,12,12027,238.91000366210937,237.9412498474121,238.66974759545468,237.78237031228343,1.1276333498259419,0,0.08137653152601843,0.24025606665469468,0.9687538146972656,238.91000366210937,237.78237031228343,237.86374684380945,238.02262637893813,238.7511241269807,,,,,12027,0.08137653152601843,,,,,,,0.4419188569314278,-0.31526217413492524,-0.3150808836691582,,,,,,,,,,,,,,,
28,1,2,239.25999450683594,12,12028,239.25999450683594,238.30749702453613,238.66974759545468,237.78237031228343,1.4776241945525044,0,0.06512019912855749,0.5902469113812572,0.9524974822998047,239.25999450683594,237.78237031228343,237.847490511412,238.3726172236647,238.73486779458324,,,,,12028,0.06512019912855749,,,,,,,-0.5643277098410332,-1.3215087409073862,-1.3213274504416193,,,,,,,,,,,,,,,
29,1,2,239.10000610351562,12,12029,239.10000610351562,237.5500030517578,238.66974759545468,237.78237031228343,1.3176357912321919,0,0.6626257685865653,0.4302585080609447,1.5500030517578125,239.10000610351562,237.78237031228343,238.44499608087,238.21262882034438,239.33237336404125,,,,,12029,0.6626257685865653,,,,,,,1.1331687043435372,0.3759876732771841,0.37616896374295117,,,,,,,,,,,,,,,
30,1,2,239.61000061035156,12,12030,239.61000061035156,238.1862506866455,238.66974759545468,237.78237031228343,1.8276302980681294,0,0.5363726405348075,0.9402530148968822,1.4237499237060547,239.61000061035156,237.78237031228343,238.31874295281824,238.72262332718032,239.2061202359895,,,,,12030,0.5363726405348075,,,,,,,0.10692167980740436,-0.6502593512589487,-0.6500780607931818,,,,,,,,,,,,,,,
31,1,2,238.60000610351562,12,12031,238.60000610351562,237.5887508392334,238.66974759545468,237.78237031228343,0.8176357912321919,0,0.12387798111097936,-0.06974149193905532,1.0112552642822266,238.60000610351562,237.78237031228343,237.9062482933944,237.71262882034438,238.79362557656566,,,,,12031,0.12387798111097936,,,,,,,0.23442030651638873,-0.5227607245499644,-0.5225794340841973,,,,,,,,,,,,,,,
32,1,2,238.27999877929687,12,12032,238.27999877929687,237.81749725341797,238.66974759545468,237.78237031228343,0.4976284670134419,0,-0.42487575729234095,-0.3897488161578053,0.46250152587890625,238.27999877929687,237.78237031228343,237.3574945549911,237.39262149612563,238.24487183816234,,,,,12032,-0.42487575729234095,,,,,,,-0.37433099048068164,-1.1315120215470347,-1.1313307310812677,,,,,,,,,,,,,,,
33,1,2,239.3699951171875,12,12033,239.3699951171875,238.20374870300293,238.66974759545468,237.78237031228343,1.5876248049040669,0,0.2788691310133231,0.7002475217328197,1.1662464141845703,239.3699951171875,237.78237031228343,238.06123944329676,238.48261783401625,238.948616726468,,,,,12033,0.2788691310133231,,,,,,,-0.020576946901580018,-0.7777579779679331,-0.7775766875021661,,,,,,,,,,,,,,,
34,1,2,239.08999633789063,12,12034,239.08999633789063,238.10624885559082,238.66974759545468,237.78237031228343,1.3076260256071919,0,0.09637019912855749,0.4202487424359447,0.9837474822998047,239.08999633789063,237.78237031228343,237.878740511412,238.20261905471938,238.76611779458324,,,,,12034,0.09637019912855749,,,,,,,-0.4730801512472832,-1.2302611823136362,-1.2300798918478693,,,,,,,,,,,,,,,
35,1,2,238.63999938964844,12,12035,238.63999938964844,237.7324981689453,238.66974759545468,237.78237031228343,0.8576290773650044,0,0.0201239375318778,-0.029748205806242822,0.907501220703125,238.63999938964844,237.78237031228343,237.8024942498153,237.7526221064772,238.68987153298656,,,,,12035,0.0201239375318778,,,,,,,0.0006766389138496698,-0.7565043921525034,-0.7563231016867364,,,,,,,,,,,,,,,
36,1,2,238.5399932861328,12,12036,238.5399932861328,237.7824993133545,238.66974759545468,237.78237031228343,0.7576229738493794,0,-0.1298833103929269,-0.12975430932186782,0.7574939727783203,238.5399932861328,237.78237031228343,237.6524870018905,237.65261600296157,238.53986428506175,,,,,12036,-0.1298833103929269,,,,,,,-0.5793232847922051,-1.3365043158585581,-1.3363230253927911,,,,,,,,,,,,,,,
37,1,2,238.99000549316406,12,12037,238.99000549316406,237.78874969482422,238.66974759545468,237.78237031228343,1.2076351808806294,0,0.31387851516859655,0.3202578977093822,1.2012557983398437,238.99000549316406,237.78237031228343,238.09624882745203,238.10262820999282,238.98362611062328,,,,,12037,0.31387851516859655,,,,,,,-0.04558038012911908,-0.8027614111954722,-0.8025801207297052,,,,,,,,,,,,,,,
38,1,2,238.63999938964844,12,12038,238.63999938964844,237.7800006866455,238.66974759545468,237.78237031228343,0.8576290773650044,0,-0.027378580168317512,-0.029748205806242822,0.8599987030029297,238.63999938964844,237.78237031228343,237.75499173211512,237.7526221064772,238.64236901528636,,,,,12038,-0.027378580168317512,,,,,,,0.47317839367459186,-0.2840026373917612,-0.28382134692599414,,,,,,,,,,,,,,,
39,1,2,238.80999755859375,12,12039,238.80999755859375,237.7012481689453,238.66974759545468,237.78237031228343,1.0276272463103169,0,0.2213721064771903,0.14024996313906968,1.1087493896484375,238.80999755859375,237.78237031228343,238.00374241876062,237.9226202754225,238.89111970193187,,,,,12039,0.2213721064771903,,,,,,,-0.7380776335470879,-1.495258664613441,-1.495077374147674,,,,,,,,,,,,,,,
40,1,2,239.11000061035156,12,12040,239.11000061035156,238.24809044184036,238.66974759545468,237.78237031228343,1.3276302980681294,0,-0.02546711466004581,0.4402530148968822,0.8619101685112014,239.11000061035156,237.78237031228343,237.7569031976234,238.22262332718032,238.64428048079463,,,,,12040,-0.02546711466004581,,,,,,,-0.4449235685515115,-1.2021045996178645,-1.2019233091520976,,,,,,,,,,,,,,,
41,1,2,239.4499969482422,12,12041,239.4499969482422,238.13125038146973,238.66974759545468,237.78237031228343,1.6676266359587544,0,0.43136928360121374,0.7802493527875072,1.318746566772461,239.4499969482422,237.78237031228343,238.21373959588465,238.56261966507094,239.1011168790559,,,,,12041,0.43136928360121374,,,,,,,-0.04806947009493939,-0.8052505011612925,-0.8050692106955255,,,,,,,,,,,,,,,
42,1,2,239.1300048828125,12,12042,239.1300048828125,237.57875061035156,238.66974759545468,237.78237031228343,1.3476345705290669,0,0.6638769892896903,0.4602572873578197,1.5512542724609375,239.1300048828125,237.78237031228343,238.44624730157312,238.24262759964125,239.33362458474437,,,,,12042,0.6638769892896903,,,,,,,0.7144217561013497,-0.04275927496500337,-0.04257798449923633,,,,,,,,,,,,,,,
43,1,2,239.55999755859375,12,12043,239.55999755859375,238.16875076293945,238.66974759545468,237.78237031228343,1.7776272463103169,0,0.5038695124830497,0.8902499631390697,1.3912467956542969,239.55999755859375,237.78237031228343,238.28623982476648,238.6726202754225,239.17361710793773,,,,,12043,0.5038695124830497,,,,,,,0.17442465527127154,-0.5827563757950816,-0.5825750853293145,,,,,,,,,,,,,,,
44,1,2,239.02999877929687,12,12044,239.02999877929687,237.55500030517578,238.66974759545468,237.78237031228343,1.2476284670134419,0,0.5876211909498466,0.3602511838421947,1.4749984741210937,239.02999877929687,237.78237031228343,238.36999150323328,238.14262149612563,239.25736878640453,,,,,12044,0.5876211909498466,,,,,,,-0.5918297697775566,-1.3490108008439097,-1.3488295103781427,,,,,,,,,,,,,,,
45,1,2,238.99000549316406,12,12045,238.99000549316406,237.87750244140625,238.66974759545468,237.78237031228343,1.2076351808806294,0,0.2251257685865653,0.3202578977093822,1.1125030517578125,238.99000549316406,237.78237031228343,238.00749608087,238.10262820999282,238.89487336404125,,,,,12045,0.2251257685865653,,,,,,,-0.11432885425021283,-0.8715098853165659,-0.8713285948507989,,,,,,,,,,,,,,,
46,1,2,239.08999633789063,12,12046,239.08999633789063,237.68999862670898,238.66974759545468,237.78237031228343,1.3076260256071919,0,0.5126204280103934,0.4202487424359447,1.3999977111816406,239.08999633789063,237.78237031228343,238.29499074029383,238.20261905471938,239.18236802346507,,,,,12046,0.5126204280103934,,,,,,,-0.7968201567404473,-1.5540011878068003,-1.5538198973410333,,,,,,,,,,,,,,,
47,1,2,238.42999267578125,12,12047,238.42999267578125,237.30124855041504,238.66974759545468,237.78237031228343,0.6476223634978169,0,0.24136684219496374,-0.23975491967343032,1.128744125366211,238.42999267578125,237.78237031228343,238.0237371544784,237.54261539261,238.91111443764964,,,,,12047,0.24136684219496374,,,,,,,0.4219317506081856,-0.33524928045816743,-0.3350679899924004,,,,,,,,,,,,,,,
48,1,2,238.72000122070312,12,12048,238.72000122070312,237.75125122070312,238.66974759545468,237.78237031228343,0.9376309084196919,0,0.0813727168287528,0.05025362524844468,0.96875,238.72000122070312,237.78237031228343,237.8637430291122,237.83262393753188,238.75112031228343,,,,,12048,0.0813727168287528,,,,,,,0.41191626293728717,-0.34526476812906587,-0.34508347766329883,,,,,,,,,,,,,,,
49,1,2,239.6300048828125,12,12049,239.6300048828125,237.63250160217285,238.66974759545468,237.78237031228343,1.8476345705290669,0,1.1101259974684012,0.9602572873578197,1.9975032806396484,239.6300048828125,237.78237031228343,238.89249630975183,238.74262759964125,239.77987359292308,,,,,12049,1.1101259974684012,,,,,,,-0.8993267943136895,-1.6565078253800425,-1.6563265349142755,,,,,,,,,,,,,,,
50,1,2,238.4499969482422,12,12050,238.4499969482422,237.75500106811523,238.66974759545468,237.78237031228343,0.6676266359587544,0,-0.19238140304429407,-0.21975064721249282,0.6949958801269531,238.4499969482422,237.78237031228343,237.58998890923914,237.56261966507094,238.4773661924104,,,,,12050,-0.19238140304429407,,,,,,,0.6481719086892404,-0.10900912237711274,-0.10882783191134571,,,,,,,,,,,,,,,
51,1,2,239.10000610351562,12,12051,239.10000610351562,237.72875213623047,238.66974759545468,237.78237031228343,1.3176357912321919,0,0.48387668411390905,0.4302585080609447,1.3712539672851563,239.10000610351562,237.78237031228343,238.26624699639734,238.21262882034438,239.1536242795686,,,,,12051,0.48387668411390905,,,,,,,-0.7555718352072441,-1.5127528662735972,-1.5125715758078302,,,,,,,,,,,,,,,
52,1,2,239.86000061035156,12,12052,239.86000061035156,237.8375015258789,238.66974759545468,237.78237031228343,2.0776302980681294,0,1.135121801301409,1.1902530148968822,2.0224990844726562,239.86000061035156,237.78237031228343,238.91749211358484,238.97262332718032,239.8048693967561,,,,,12052,1.135121801301409,,,,,,,-0.22432183520724414,-0.9815028662735972,-0.9813215758078302,,,,,,,,,,,,,,,
53,1,2,239.92999267578125,12,12053,239.92999267578125,237.29124641418457,238.66974759545468,237.78237031228343,2.147622363497817,0,1.7513689784254325,1.2602450803265697,2.6387462615966797,239.92999267578125,237.78237031228343,239.53373929070887,239.04261539261,240.4211165738801,,,,,12053,1.7513689784254325,,,,,,,0.8719210694558419,0.11474003838948882,0.11492132885525586,,,,,,,,,,,,,,,
54,1,2,238.80999755859375,12,12054,238.80999755859375,238.30249786376953,238.66974759545468,237.78237031228343,1.0276272463103169,0,-0.37987758834702845,0.14024996313906968,0.5074996948242188,238.80999755859375,237.78237031228343,237.4024927239364,237.9226202754225,238.28987000710765,,,,,12054,-0.37987758834702845,,,,,,,-0.40931939380099414,-1.1665004248673472,-1.1663191344015802,,,,,,,,,,,,,,,
55,1,2,239.02999877929687,12,12055,239.02999877929687,237.54749870300293,238.66974759545468,237.78237031228343,1.2476284670134419,0,0.5951227931226981,0.3602511838421947,1.4825000762939453,239.02999877929687,237.78237031228343,238.37749310540613,238.14262149612563,239.26487038857738,,,,,12055,0.5951227931226981,,,,,,,-0.20432328479220507,-0.9615043158585581,-0.9613230253927911,,,,,,,,,,,,,,,
56,1,2,238.88999938964844,12,12056,238.88999938964844,237.86374855041504,238.66974759545468,237.78237031228343,1.1076290773650044,0,0.13887355606215124,0.22025179419375718,1.0262508392333984,238.88999938964844,237.78237031228343,237.92124386834558,238.0026221064772,238.80862115151683,,,,,12056,0.13887355606215124,,,,,,,-0.31058167712618945,-1.0677627081925425,-1.0675814177267755,,,,,,,,,,,,,,,
57,1,2,239.19000244140625,12,12057,239.19000244140625,237.60000038146973,238.66974759545468,237.78237031228343,1.4076321291228169,0,0.7026247767652762,0.5202548459515697,1.5900020599365234,239.19000244140625,237.78237031228343,238.4849950890487,238.302625158235,239.37237237221996,,,,,12057,0.7026247767652762,,,,,,,0.2431750367409981,-0.514005994325355,-0.5138247038595879,,,,,,,,,,,,,,,
58,1,2,238.8800048828125,12,12058,238.8800048828125,238.00625038146973,238.66974759545468,237.78237031228343,1.0976345705290669,0,-0.013622781828473762,0.21025728735781968,0.8737545013427734,238.8800048828125,237.78237031228343,237.76874753045496,237.99262759964125,238.6561248136262,,,,,12058,-0.013622781828473762,,,,,,,0.04691649181912311,-0.71026453924723,-0.710083248781463,,,,,,,,,,,,,,,
59,1,2,239.86000061035156,12,12059,239.86000061035156,237.73624992370605,238.66974759545468,237.78237031228343,2.0776302980681294,0,1.2363734034742606,1.1902530148968822,2.123750686645508,239.86000061035156,237.78237031228343,239.0187437157577,238.97262332718032,239.90612099892894,,,,,12059,1.2363734034742606,,,,,,,-0.4730763365500176,-1.2302573676163706,-1.2300760771506036,,,,,,,,,,,,,,,
60,1,2,238.6300048828125,12,12060,238.6300048828125,237.47250175476074,238.66974759545468,237.78237031228343,0.8476345705290669,0,0.2701258448805106,-0.03974271264218032,1.1575031280517578,238.6300048828125,237.78237031228343,238.05249615716394,237.74262759964125,238.9398734403352,,,,,12060,0.2701258448805106,,,,,,,0.4006724427468575,-0.35650858831949556,-0.3563272978537285,,,,,,,,,,,,,,,
61,1,2,239.42999267578125,12,12061,239.42999267578125,237.87499809265137,238.66974759545468,237.78237031228343,1.6476223634978169,0,0.6676172999586356,0.7602450803265697,1.5549945831298828,239.42999267578125,237.78237031228343,238.44998761224207,238.54261539261,239.33736489541332,,,,,12061,0.6676172999586356,,,,,,,-0.011818401979705018,-0.7689994330460581,-0.7688181425802911,,,,,,,,,,,,,,,
62,1,2,239.10000610351562,12,12062,239.10000610351562,237.4537525177002,238.66974759545468,237.78237031228343,1.3176357912321919,0,0.7588763026441825,0.4302585080609447,1.6462535858154297,239.10000610351562,237.78237031228343,238.54124661492762,238.21262882034438,239.42862389809886,,,,,12062,0.7588763026441825,,,,,,,1.029422290158967,0.27224125909261376,0.27242254955838086,,,,,,,,,,,,,,,
63,1,2,239.0399932861328,12,12063,239.0399932861328,237.59249877929687,238.66974759545468,237.78237031228343,1.2576229738493794,0,0.5601172236646903,0.3702456906781322,1.4474945068359375,239.0399932861328,237.78237031228343,238.34248753594812,238.15261600296157,239.22986481911937,,,,,12063,0.5601172236646903,,,,,,,-0.3893227507345879,-1.146503781800941,-1.146322491335174,,,,,,,,,,,,,,,
64,1,2,240.00999450683594,12,12064,240.00999450683594,238.1437473297119,238.66974759545468,237.78237031228343,2.2276241945525044,0,0.9788698939527762,1.3402469113812572,1.8662471771240234,240.00999450683594,237.78237031228343,238.7612402062362,239.1226172236647,239.64861748940746,,,,,12064,0.9788698939527762,,,,,,,-0.16057252185275195,-0.917753552919105,-0.917572262453338,,,,,,,,,,,,,,,
65,1,2,239.52999877929687,12,12065,239.52999877929687,237.4112491607666,238.66974759545468,237.78237031228343,1.7476284670134419,0,1.2313723353590262,0.8602511838421947,2.1187496185302734,239.52999877929687,237.78237031228343,239.01374264764246,238.64262149612563,239.9011199308137,,,,,12065,1.2313723353590262,,,,,,,1.0119280884988107,0.2547470574324575,0.2549283478982246,,,,,,,,,,,,,,,
66,1,2,238.9199981689453,12,12066,238.9199981689453,238.07999992370605,238.66974759545468,237.78237031228343,1.1376278566618794,0,-0.04737903793198939,0.2502505734906322,0.8399982452392578,238.9199981689453,237.78237031228343,237.73499127435144,238.03262088577407,238.6223685575227,,,,,12066,-0.04737903793198939,,,,,,,2.233176715207795,1.4759956841414419,1.4761769746072089,,,,,,,,,,,,,,,
67,1,2,238.47999572753906,12,12067,238.47999572753906,237.49999809265137,238.66974759545468,237.78237031228343,0.6976254152556294,0,0.09262035171644811,-0.18975186791561782,0.9799976348876953,238.47999572753906,237.78237031228343,237.87499066399988,237.59261844436782,238.76236794717113,,,,,12067,0.09262035171644811,,,,,,,2.663169390989045,1.9059883599226919,1.9061696503884589,,,,,,,,,,,,,,,
68,1,2,239.32000732421875,12,12068,239.32000732421875,237.77625274658203,238.66974759545468,237.78237031228343,1.5376370119353169,0,0.6563772944654716,0.6502597287640697,1.5437545776367187,239.32000732421875,237.78237031228343,238.4387476067489,238.4326300410475,239.32612488992015,,,,,12068,0.6563772944654716,,,,,,,2.106915957761506,1.3497349266951528,1.3499162171609198,,,,,,,,,,,,,,,
69,1,2,237.7823703122834,12,12069,237.7823703122834,237.1733899352215,238.66974759545468,237.78237031228343,-0.00000000000002842170943040401,0,-0.2783969061093501,-0.8873772831712756,0.6089803770618971,237.7823703122834,237.78237031228343,237.50397340617408,236.89499302911216,238.39135068934533,,,,,12069,-0.2783969061093501,,,,,,,0.19978426228609208,-0.557396768780261,-0.5572154783144939,,,,,,,,,,,,,,,
70,1,2,238.47000122070312,12,12070,238.47000122070312,238.16000175476074,238.66974759545468,237.78237031228343,0.6876309084196919,0,-0.5773778172288644,-0.19974637475155532,0.3099994659423828,238.47000122070312,237.78237031228343,237.20499249505457,237.58262393753188,238.09236977822582,,,,,12070,-0.5773778172288644,,,,,,,1.8131785462624825,1.0559975151961294,1.0561788056618964,,,,,,,,,,,,,,,
71,1,2,237.5500030517578,12,12071,237.5500030517578,237.4950008392334,238.66974759545468,237.78237031228343,-0.23236726052562062,0,-0.8323750706468331,-1.1197445436968678,0.05500221252441406,237.5500030517578,237.78237031228343,236.9499952416366,236.66262576858657,237.83737252480785,,,,,12071,-0.8323750706468331,,,,,,,1.8181757996804513,1.0609947686140981,1.0611760590798651,,,,,,,,,,,,,,,
72,1,2,237.92999267578125,12,12072,237.92999267578125,237.99374961853027,238.66974759545468,237.78237031228343,0.14762236349781688,0,-0.9511342259202706,-0.7397549196734303,-0.06375694274902344,237.92999267578125,237.78237031228343,236.83123608636316,237.04261539261,237.7186133695344,,,,,12072,-0.9511342259202706,,,,,,,2.0094294617898263,1.2522484307234731,1.2524297211892401,,,,,,,,,,,,,,,
73,1,2,238.25,12,12073,238.25,237.81625175476074,238.66974759545468,237.78237031228343,0.4676296877165669,0,-0.4536290379319894,-0.4197475954546803,0.4337482452392578,238.25,237.78237031228343,237.32874127435144,237.36262271682875,238.2161185575227,,,,,12073,-0.4536290379319894,,,,,,,1.506919390989045,0.7497383599226919,0.749919650388459,,,,,,,,,,,,,,,
74,1,2,238.2899932861328,12,12074,238.2899932861328,237.46249771118164,238.66974759545468,237.78237031228343,0.5076229738493794,0,-0.059881708220075325,-0.3797543093218678,0.8274955749511719,238.2899932861328,237.78237031228343,237.72248860406336,237.40261600296157,238.6098658872346,,,,,12074,-0.059881708220075325,,,,,,,1.380677707029084,0.623496675962731,0.623677966428498,,,,,,,,,,,,,,,
75,1,2,238.3300018310547,12,12075,238.3300018310547,237.97875213623047,238.66974759545468,237.78237031228343,0.5476315187712544,0,-0.5361275883470285,-0.3397457643999928,0.35124969482421875,238.3300018310547,237.78237031228343,237.2462427239364,237.44262454788344,238.13362000710765,,,,,12075,-0.5361275883470285,,,,,,,2.0344214509255685,1.2772404198592153,1.2774217103249823,,,,,,,,,,,,,,,
76,1,2,237.8300018310547,12,12076,237.8300018310547,237.85000038146973,238.66974759545468,237.78237031228343,0.04763151877125438,0,-0.9073758335862863,-0.8397457643999928,-0.019998550415039063,237.8300018310547,237.78237031228343,236.87499447869715,236.94262454788344,237.7623717618684,,,,,12076,-0.9073758335862863,,,,,,,1.4631762574441232,0.70599522637777,0.7061765168435371,,,,,,,,,,,,,,,
77,1,2,238.80999755859375,12,12077,238.80999755859375,238.25,238.66974759545468,237.78237031228343,1.0276272463103169,0,-0.3273797245774972,0.14024996313906968,0.55999755859375,238.80999755859375,237.78237031228343,237.45499058770594,237.9226202754225,238.34236787087718,,,,,12077,-0.3273797245774972,,,,,,,1.6731772492654122,0.9159962181990591,0.9161775086648262,,,,,,,,,,,,,,,
78,1,2,236.61000061035156,12,12078,236.61000061035156,238.08250045776367,238.66974759545468,237.78237031228343,-1.1723697019318706,0,-2.3598771305833566,-2.059746985103118,-1.4724998474121094,236.61000061035156,237.78237031228343,235.42249318170008,235.72262332718032,236.30987046487132,,,,,12078,-2.3598771305833566,,,,,,,2.3106780122048654,1.5534969811385122,1.5536782716042792,,,,,,,,,,,,,,,
79,1,2,237.60000610351562,12,12079,237.60000610351562,237.1425018310547,238.66974759545468,237.78237031228343,-0.18236420876780812,0,-0.4298730107103097,-1.0697414919390553,0.4575042724609375,237.60000610351562,237.78237031228343,237.35249730157312,236.71262882034438,238.23987458474437,,,,,12079,-0.4298730107103097,,,,,,,1.5806784699685372,0.8234974389021841,0.8236787293679512,,,,,,,,,,,,,,,
80,1,2,238.44000244140625,12,12080,238.44000244140625,238.05749893188477,238.66974759545468,237.78237031228343,0.6576321291228169,0,-0.5048737736497628,-0.22974515404843032,0.3825035095214844,238.44000244140625,237.78237031228343,237.27749653863367,237.552625158235,238.16487382180492,,,,,12080,-0.5048737736497628,,,,,,,2.3356795380837716,1.5784985070174185,1.5786797974831854,,,,,,,,,,,,,,,
81,1,2,238.75,12,12081,238.75,237.87625122070312,238.66974759545468,237.78237031228343,0.9676296877165669,0,-0.0136285038743722,0.08025240454531968,0.873748779296875,238.75,237.78237031228343,237.76874180840906,237.86262271682875,238.6561190915803,,,,,12081,-0.0136285038743722,,,,,,,1.9269156525857247,1.1697346215193716,1.1699159119851386,,,,,,,,,,,,,,,
82,1,2,237.83999633789062,12,12082,237.83999633789062,237.49999809265137,238.66974759545468,237.78237031228343,0.05762602560719188,0,-0.5473790379319894,-0.8297512575640553,0.3399982452392578,237.83999633789062,237.78237031228343,237.23499127435144,236.95261905471938,238.1223685575227,,,,,12082,-0.5473790379319894,,,,,,,1.9931712220437325,1.2359901909773794,1.2361714814431464,,,,,,,,,,,,,,,
83,1,2,237.4600067138672,12,12083,237.4600067138672,237.82250213623047,238.66974759545468,237.78237031228343,-0.3223635984162456,0,-1.2498727055345284,-1.2097408815874928,-0.36249542236328125,237.4600067138672,237.78237031228343,236.5324976067489,236.57262943069594,237.41987488992015,,,,,12083,-1.2498727055345284,,,,,,,2.360669619870881,1.6034885888045278,1.6036698792702948,,,,,,,,,,,,,,,
84,1,2,237.7823703122834,12,12084,237.7823703122834,237.66309135736773,238.66974759545468,237.78237031228343,-0.00000000000002842170943040401,0,-0.7680983282555758,-0.8873772831712756,0.11927895491567142,237.7823703122834,237.78237031228343,237.01427198402786,236.89499302911216,237.9016492671991,,,,,12084,-0.7680983282555758,,,,,,,1.2700803987336164,0.5128993676672633,0.5130806581330304,,,,,,,,,,,,,,,
85,1,2,239.57000732421875,12,12085,239.57000732421875,237.7375030517578,238.66974759545468,237.78237031228343,1.7876370119353169,0,0.9451269892896903,0.9002597287640697,1.8325042724609375,239.57000732421875,237.78237031228343,238.72749730157312,238.6826300410475,239.61487458474437,,,,,12085,0.9451269892896903,,,,,,,0.07567358715603717,-0.6815074439103159,-0.6813261534445489,,,,,,,,,,,,,,,
86,1,2,239.27000427246094,12,12086,239.27000427246094,237.9612522125244,238.66974759545468,237.78237031228343,1.4876339601775044,0,0.42137477676527624,0.6002566770062572,1.3087520599365234,239.27000427246094,237.78237031228343,238.2037450890487,238.3826269892897,239.09112237221996,,,,,12086,0.42137477676527624,,,,,,,0.3719286988503731,-0.38525233221597993,-0.3850710417502129,,,,,,,,,,,,,,,
87,1,2,238.47999572753906,12,12087,238.47999572753906,237.7824993133545,238.66974759545468,237.78237031228343,0.6976254152556294,0,-0.1898808689866769,-0.18975186791561782,0.6974964141845703,238.47999572753906,237.78237031228343,237.59248944329676,237.59261844436782,238.479866726468,,,,,12087,-0.1898808689866769,,,,,,,0.2706675599343575,-0.48651347113199556,-0.4863321806662285,,,,,,,,,,,,,,,
88,1,2,239.4499969482422,12,12088,239.4499969482422,238.04999923706055,238.66974759545468,237.78237031228343,1.6676266359587544,0,0.5126204280103934,0.7802493527875072,1.3999977111816406,239.4499969482422,237.78237031228343,238.29499074029383,238.56261966507094,239.18236802346507,,,,,12088,0.5126204280103934,,,,,,,0.9031767915017402,0.1459957604353872,0.1461770509011543,,,,,,,,,,,,,,,
89,1,2,239.0399932861328,12,12089,239.0399932861328,237.9699993133545,238.66974759545468,237.78237031228343,1.2576229738493794,0,0.1826166896070731,0.3702456906781322,1.0699939727783203,239.0399932861328,237.78237031228343,237.9649870018905,238.15261600296157,238.85236428506175,,,,,12089,0.1826166896070731,,,,,,,0.23317671520779498,-0.5240043158585581,-0.523823025392791,,,,,,,,,,,,,,,
90,1,2,237.99000549316406,12,12090,237.99000549316406,237.40374946594238,238.66974759545468,237.78237031228343,0.20763518088062938,0,-0.3011212559495675,-0.6797421022906178,0.5862560272216797,237.99000549316406,237.78237031228343,237.48124905633387,237.10262820999282,238.3686263395051,,,,,12090,-0.3011212559495675,,,,,,,1.1994204591042794,0.44223942803792626,0.44242071850369336,,,,,,,,,,,,,,,
91,1,2,239.77999877929687,12,12091,239.77999877929687,237.67125129699707,238.66974759545468,237.78237031228343,1.9976284670134419,0,1.2213701991285575,1.1102511838421947,2.1087474822998047,239.77999877929687,237.78237031228343,239.003740511412,238.89262149612563,239.89111779458324,,,,,12091,1.2213701991285575,,,,,,,-0.5680813719504082,-1.3252624030167612,-1.3250811125509943,,,,,,,,,,,,,,,
92,1,2,239.14999389648437,12,12092,239.14999389648437,237.9162483215332,238.66974759545468,237.78237031228343,1.3676235842009419,0,0.3463682917799247,0.4802463010296947,1.2337455749511719,239.14999389648437,237.78237031228343,238.12873860406336,238.26261661331313,239.0161158872346,,,,,12092,0.3463682917799247,,,,,,,0.5469222138650216,-0.2102588172013315,-0.21007752673556446,,,,,,,,,,,,,,,
93,1,2,238.35000610351562,12,12093,238.35000610351562,236.86500358581543,238.66974759545468,237.78237031228343,0.5676357912321919,0,0.5976252345289481,-0.3197414919390553,1.4850025177001953,238.35000610351562,237.78237031228343,238.37999554681238,237.46262882034438,239.26737282998363,,,,,12093,0.5976252345289481,,,,,,,1.1481700013406075,0.3909889702742544,0.3911702607400215,,,,,,,,,,,,,,,
94,1,2,239.3699951171875,12,12094,239.3699951171875,237.7887477874756,238.66974759545468,237.78237031228343,1.5876248049040669,0,0.6938700465406669,0.7002475217328197,1.581247329711914,239.3699951171875,237.78237031228343,238.4762403588241,238.48261783401625,239.36361764199535,,,,,12094,0.6938700465406669,,,,,,,0.5344233582742013,-0.2227576727921518,-0.22257638232638477,,,,,,,,,,,,,,,
95,1,2,239.77000427246094,12,12095,239.77000427246094,237.8300018310547,238.66974759545468,237.78237031228343,1.9876339601775044,0,1.0526251582350028,1.1002566770062572,1.94000244140625,239.77000427246094,237.78237031228343,238.83499547051844,238.8826269892897,239.72237275368968,,,,,12095,1.0526251582350028,,,,,,,-0.04682397143771283,-0.8040050025040659,-0.8038237120382989,,,,,,,,,,,,,,,
96,1,2,238.8800048828125,12,12096,238.8800048828125,237.75000190734863,238.66974759545468,237.78237031228343,1.0976345705290669,0,0.24262569229262,0.21025728735781968,1.1300029754638672,238.8800048828125,237.78237031228343,238.02499600457605,237.99262759964125,238.9123732877473,,,,,12096,0.24262569229262,,,,,,,0.31317473156521686,-0.4440062995011362,-0.44382500903536914,,,,,,,,,,,,,,,
97,1,2,238.89999389648437,12,12097,238.89999389648437,237.61750030517578,238.66974759545468,237.78237031228343,1.1176235842009419,0,0.39511630813734655,0.23024630102969468,1.2824935913085937,238.89999389648437,237.78237031228343,238.17748662042078,238.01261661331313,239.06486390359203,,,,,12097,0.39511630813734655,,,,,,,0.825665957761506,0.06848492669515288,0.06866621716091992,,,,,,,,,,,,,,,
98,1,2,240.16000366210937,12,12098,240.16000366210937,238.59249877929687,238.66974759545468,237.78237031228343,2.377633349825942,0,0.6801275996412528,1.4902560666546947,1.5675048828125,240.16000366210937,237.78237031228343,238.4624979119247,239.27262637893813,239.34987519509593,,,,,12098,0.6801275996412528,,,,,,,-1.0193276335470878,-1.776508664613441,-1.776327374147674,,,,,,,,,,,,,,,
99,1,2,238.8800048828125,12,12099,238.8800048828125,238.17184227289505,238.66974759545468,237.78237031228343,1.0976345705290669,0,-0.1792146732537958,0.21025728735781968,0.7081626099174514,238.8800048828125,237.78237031228343,237.60315563902964,237.99262759964125,238.49053292220088,,,,,12099,-0.1792146732537958,,,,,,,-0.02866380292651144,-0.7858448339928645,-0.7856635435270976,,,,,,,,,,,,,,,
100,1,2,238.9499969482422,12,12100,238.9499969482422,238.0587501525879,238.66974759545468,237.78237031228343,1.1676266359587544,0,0.003869512483049675,0.2802493527875072,0.8912467956542969,238.9499969482422,237.78237031228343,237.78623982476648,238.06261966507094,238.67361710793773,,,,,12100,0.003869512483049675,,,,,,,0.08442831738064655,-0.6727527136857066,-0.6725714232199396,,,,,,,,,,,,,,,
1,2,1,236.3000030517578,21,21001,236.3000030517578,237.25749969482422,237.3947003173828,237.78237031228343,-1.4823672605256206,0,-0.5698266481657868,-1.0946972656250011,-0.9574966430664063,236.3000030517578,237.78237031228343,237.21254366411765,236.68767304665843,236.82487366921703,,,,,21001,-0.5698266481657868,,,,,,,-0.9352917159434657,-0.27763452227729046,0.2535087143543857,,,,,,,,,,,,,,,
2,2,1,236.30999755859375,21,21002,236.30999755859375,237.84124755859375,237.3947003173828,237.78237031228343,-1.4723727536896831,0,-1.1435800050993805,-1.0847027587890636,-1.53125,236.30999755859375,237.78237031228343,236.63879030718405,236.69766755349437,236.25112031228343,,,,,21002,-1.1435800050993805,,,,,,,-2.959042021119247,-2.301384827453072,-1.7702415908213958,,,,,,,,,,,,,,,
3,2,1,236.47000122070312,21,21003,236.47000122070312,237.30999946594238,237.3947003173828,237.78237031228343,-1.3123690915803081,0,-0.4523282503386383,-0.9246990966796886,-0.8399982452392578,236.47000122070312,237.78237031228343,237.3300420619448,236.85767121560374,236.94237206704418,,,,,21003,-0.4523282503386383,,,,,,,-3.0677933181163173,-2.4101361244501422,-1.878992887818466,,,,,,,,,,,,,,,
4,2,1,236.69000244140625,21,21004,236.69000244140625,237.61529812009013,237.3947003173828,237.78237031228343,-1.0923678708771831,0,-0.5376256837832614,-0.7046978759765636,-0.9252956786838809,236.69000244140625,237.78237031228343,237.24474462850017,237.07767243630687,236.85707463359955,,,,,21004,-0.5376256837832614,,,,,,,-1.9430840376937528,-1.2854268440275776,-0.7542836073959014,,,,,,,,,,,,,,,
5,2,1,236.85000610351562,21,21005,236.85000610351562,238.04625129699707,237.3947003173828,237.78237031228343,-0.9323642087678081,0,-0.8085751985808258,-0.5446942138671886,-1.1962451934814453,236.85000610351562,237.78237031228343,236.9737951137026,237.23767609841624,236.586125118802,,,,,21005,-0.8085751985808258,,,,,,,-0.7240433181163173,-0.06638612445014203,0.46475711218153415,,,,,,,,,,,,,,,
6,2,1,236.77999877929687,21,21006,236.77999877929687,237.98250007629395,237.3947003173828,237.78237031228343,-1.0023715329865581,0,-0.8148313020964508,-0.6147015380859386,-1.2025012969970703,236.77999877929687,237.78237031228343,236.96753901018698,237.1676687741975,236.57986901528636,,,,,21006,-0.8148313020964508,,,,,,,-3.140287824952255,-2.4826306312860797,-1.9514873946544036,,,,,,,,,,,,,,,
7,2,1,236.8699951171875,21,21007,236.8699951171875,237.35875129699707,237.3947003173828,237.78237031228343,-0.9123751950959331,0,-0.10108618490895083,-0.5247052001953136,-0.4887561798095703,236.8699951171875,237.78237031228343,237.68128412737448,237.25766511208812,237.29361413247386,,,,,21007,-0.10108618490895083,,,,,,,-3.57653660424913,-2.9188794105829547,-2.3877361739512786,,,,,,,,,,,,,,,
8,2,1,236.9499969482422,21,21008,236.9499969482422,237.80000114440918,237.3947003173828,237.78237031228343,-0.8323733640412456,0,-0.4623342012663727,-0.44470336914062614,-0.8500041961669922,236.9499969482422,237.78237031228343,237.32003611101706,237.3376669431428,236.93236611611644,,,,,21008,-0.4623342012663727,,,,,,,-1.1877846206065517,-0.5301274269403764,0.0010158096912997738,,,,,,,,,,,,,,,
9,2,1,236.97000122070312,21,21009,236.97000122070312,237.82499885559082,237.3947003173828,237.78237031228343,-0.8123690915803081,0,-0.4673276399870758,-0.42469909667968864,-0.8549976348876953,236.97000122070312,237.78237031228343,237.31504267229636,237.35767121560374,236.92737267739574,,,,,21009,-0.4673276399870758,,,,,,,-2.072782942139755,-1.4151257484735795,-0.8839825118419034,,,,,,,,,,,,,,,
10,2,1,236.57000732421875,21,21010,236.57000732421875,237.77375411987305,237.3947003173828,237.78237031228343,-1.2123629880646831,0,-0.8160768007536774,-0.8246929931640636,-1.2037467956542969,236.57000732421875,237.78237031228343,236.96629351152976,236.95767731911937,236.57862351662914,,,,,21010,-0.8160768007536774,,,,,,,-1.9115375960704188,-1.2538804024042436,-0.7227371657725674,,,,,,,,,,,,,,,
11,2,1,237.39999389648437,21,21011,237.39999389648437,237.79500198364258,237.3947003173828,237.78237031228343,-0.3823764157990581,0,-0.007338092257583639,0.005293579101561363,-0.3950080871582031,237.39999389648437,237.78237031228343,237.77503222002585,237.787663891385,237.38736222512523,,,,,21011,-0.007338092257583639,,,,,,,-0.7927860701915126,-0.13512887652533734,0.39601436010633884,,,,,,,,,,,,,,,
12,2,1,237.16000366210937,21,21012,237.16000366210937,237.82000160217285,237.3947003173828,237.78237031228343,-0.6223666501740581,0,-0.2723279451628571,-0.23469665527343864,-0.6599979400634766,237.16000366210937,237.78237031228343,237.51004236712058,237.54767365701,237.12237237221996,,,,,21012,-0.2723279451628571,,,,,,,-1.5577911818858485,-0.9001339882196733,-0.3689907515879971,,,,,,,,,,,,,,,
13,2,1,237.55999755859375,21,21013,237.55999755859375,238.0974998474121,237.3947003173828,237.78237031228343,-0.22237275368968312,0,-0.1498322939177399,0.16529724121093636,-0.5375022888183594,237.55999755859375,237.78237031228343,237.6325380183657,237.94766755349437,237.24486802346507,,,,,21013,-0.1498322939177399,,,,,,,-0.7652821029063563,-0.10762490924018109,0.4235183273914951,,,,,,,,,,,,,,,
14,2,1,237.7100067138672,21,21014,237.7100067138672,237.29000091552734,237.3947003173828,237.78237031228343,-0.07236359841624562,0,0.8076757932404632,0.31530639648437386,0.42000579833984375,237.7100067138672,237.78237031228343,238.5900461055239,238.0976767087678,238.20237611062328,,,,,21014,0.8076757932404632,,,,,,,0.06220584265028428,0.7198630363164595,1.2510062729481357,,,,,,,,,,,,,,,
15,2,1,237.2899932861328,21,21015,237.2899932861328,238.42374992370605,237.3947003173828,237.78237031228343,-0.4923770261506206,0,-0.7460866426726227,-0.10470703125000114,-1.1337566375732422,237.2899932861328,237.78237031228343,237.0362836696108,237.67766328103343,236.6486136747102,,,,,21015,-0.7460866426726227,,,,,,,-2.421534010254989,-1.763876816588814,-1.2327335799571377,,,,,,,,,,,,,,,
16,2,1,236.8000030517578,21,21016,236.8000030517578,237.71875190734863,237.3947003173828,237.78237031228343,-0.9823672605256206,0,-0.5310788606902008,-0.5946972656250011,-0.9187488555908203,236.8000030517578,237.78237031228343,237.25129145159323,237.18767304665843,236.8636214566926,,,,,21016,-0.5310788606902008,,,,,,,-2.106535383546005,-1.4488781898798295,-0.9177349532481534,,,,,,,,,,,,,,,
17,2,1,236.60000610351562,21,21017,236.60000610351562,238.00875091552734,237.3947003173828,237.78237031228343,-1.1823642087678081,0,-1.0210748171110993,-0.7946942138671886,-1.4087448120117187,236.60000610351562,237.78237031228343,236.76129549517233,236.98767609841624,236.37362550027171,,,,,21017,-1.0210748171110993,,,,,,,-1.9765362227794032,-1.318879029113228,-0.7877357924815518,,,,,,,,,,,,,,,
18,2,1,235.47999572753906,21,21018,235.47999572753906,237.62374877929687,237.3947003173828,237.78237031228343,-2.3023745847443706,0,-1.756083056857193,-1.9147045898437511,-2.1437530517578125,235.47999572753906,237.78237031228343,236.02628725542624,235.86766572243968,235.63861726052562,,,,,21018,-1.756083056857193,,,,,,,-3.211544462525497,-2.553887268859322,-2.0227440322276458,,,,,,,,,,,,,,,
19,2,1,236.69000244140625,21,21019,236.69000244140625,237.7199993133545,237.3947003173828,237.78237031228343,-1.0923678708771831,0,-0.6423268770476227,-0.7046978759765636,-1.0299968719482422,236.69000244140625,237.78237031228343,237.1400434352358,237.07767243630687,236.7523734403352,,,,,21019,-0.6423268770476227,,,,,,,-2.807794996583114,-2.150137802916939,-1.618994566285263,,,,,,,,,,,,,,,
20,2,1,236.86000061035156,21,21020,236.86000061035156,237.57000160217285,237.3947003173828,237.78237031228343,-0.9223697019318706,0,-0.3223309969206696,-0.5346997070312511,-0.7100009918212891,236.86000061035156,237.78237031228343,237.46003931536276,237.24767060525218,237.07236932046214,,,,,21020,-0.3223309969206696,,,,,,,-2.8977875197764735,-2.2401303261102985,-1.7089870894786223,,,,,,,,,,,,,,,
21,2,1,236.66000366210937,21,21021,236.66000366210937,237.69250106811523,237.3947003173828,237.78237031228343,-1.1223666501740581,0,-0.6448274111052399,-0.7346966552734386,-1.0324974060058594,236.66000366210937,237.78237031228343,237.1375429011782,237.04767365701,236.74987290627757,,,,,21021,-0.6448274111052399,,,,,,,-2.4002918685313563,-1.742634674865181,-1.211491438233505,,,,,,,,,,,,,,,
22,2,1,237.47000122070313,21,21022,237.47000122070313,237.7037525177002,237.3947003173828,237.78237031228343,-0.3123690915803081,0,0.15391869790354917,0.07530090332031136,-0.2337512969970703,237.47000122070313,237.78237031228343,237.93628901018698,237.85767121560374,237.54861901528636,,,,,21022,0.15391869790354917,,,,,,,-1.4515366042491298,-0.7938794105829545,-0.26273617395127835,,,,,,,,,,,,,,,
23,2,1,236.6699981689453,21,21023,236.6699981689453,237.67500114440918,237.3947003173828,237.78237031228343,-1.1123721433381206,0,-0.6173329805632477,-0.7247021484375011,-1.0050029754638672,236.6699981689453,237.78237031228343,237.16503733172019,237.05766816384593,236.77736733681957,,,,,21023,-0.6173329805632477,,,,,,,-1.8027901137706142,-1.145132920104439,-0.6139896834727627,,,,,,,,,,,,,,,
24,2,1,236.88999938964844,21,21024,236.88999938964844,237.81250190734863,237.3947003173828,237.78237031228343,-0.8923709226349956,0,-0.5348325227995758,-0.5047009277343761,-0.9225025177001953,236.88999938964844,237.78237031228343,237.24753778948386,237.27766938454906,236.85986779458324,,,,,21024,-0.5348325227995758,,,,,,,-1.2302841628428798,-0.5726269691767045,-0.04148373254502835,,,,,,,,,,,,,,,
25,2,1,237.49000549316406,21,21025,237.49000549316406,237.72904667050517,237.3947003173828,237.78237031228343,-0.2923648191193706,0,0.14862881755951207,0.09530517578124886,-0.2390411773411074,237.49000549316406,237.78237031228343,237.93099912984295,237.87767548806468,237.54332913494233,,,,,21025,0.14862881755951207,,,,,,,-1.1468289259994169,-0.4891717323332416,0.04197150429843455,,,,,,,,,,,,,,,
26,2,1,238.30999755859375,21,21026,238.30999755859375,237.86124992370605,237.3947003173828,237.78237031228343,0.5276272463103169,0,0.8364176297883148,0.9152972412109364,0.4487476348876953,238.30999755859375,237.78237031228343,238.61878794207175,238.69766755349437,238.23111794717113,,,,,21026,0.8364176297883148,,,,,,,-0.23903889306748916,0.4186183005986861,0.9497615372303623,,,,,,,,,,,,,,,
27,2,1,237.6199951171875,21,21027,237.6199951171875,237.9412498474121,237.3947003173828,237.78237031228343,-0.16237519509593312,0,0.06641526467601011,0.22529479980468636,-0.3212547302246094,237.6199951171875,237.78237031228343,237.84878557695944,238.00766511208812,237.46111558205882,,,,,21027,0.06641526467601011,,,,,,,0.39096789709364366,1.048625090759819,1.579768327391495,,,,,,,,,,,,,,,
28,2,1,236.97999572753906,21,21028,236.97999572753906,238.30749702453613,237.3947003173828,237.78237031228343,-0.8023745847443706,0,-0.9398313020964508,-0.41470458984375114,-1.3275012969970703,236.97999572753906,237.78237031228343,236.84253901018698,237.36766572243968,236.45486901528636,,,,,21028,-0.9398313020964508,,,,,,,0.5747085129383702,1.2323657066045455,1.7635089432362216,,,,,,,,,,,,,,,
29,2,1,237.9199981689453,21,21029,237.9199981689453,237.5500030517578,237.3947003173828,237.78237031228343,0.13762785666187938,0,0.7576651120881195,0.5252978515624989,0.3699951171875,237.9199981689453,237.78237031228343,238.54003542437155,238.30766816384593,238.15236542947093,,,,,21029,0.7576651120881195,,,,,,,-2.927792021119247,-2.270134827453072,-1.7389915908213958,,,,,,,,,,,,,,,
30,2,1,237.52999877929687,21,21030,237.52999877929687,238.1862506866455,237.3947003173828,237.78237031228343,-0.2523715329865581,0,-0.2685819124480133,0.13529846191406136,-0.6562519073486328,237.52999877929687,237.78237031228343,237.51378839983542,237.9176687741975,237.1261184049348,,,,,21030,-0.2685819124480133,,,,,,,1.6259627853993075,2.2836199790654828,2.814763215697159,,,,,,,,,,,,,,,
31,2,1,237.05999755859375,21,21031,237.05999755859375,237.5887508392334,237.3947003173828,237.78237031228343,-0.7223727536896831,0,-0.14108328573902895,-0.33470275878906364,-0.5287532806396484,237.05999755859375,237.78237031228343,237.6412870265444,237.44766755349437,237.25361703164378,,,,,21031,-0.14108328573902895,,,,,,,1.2934546982411044,1.9511118919072796,2.482255128538956,,,,,,,,,,,,,,,
32,2,1,236.67999267578125,21,21032,236.67999267578125,237.81749725341797,237.3947003173828,237.78237031228343,-1.1023776365021831,0,-0.7498345827360993,-0.7147076416015636,-1.1375045776367187,236.67999267578125,237.78237031228343,237.03253572954733,237.06766267068187,236.64486573464671,,,,,21032,-0.7498345827360993,,,,,,,1.254710725462784,1.9123679191289593,2.4435111557606355,,,,,,,,,,,,,,,
33,2,1,237.4199981689453,21,21033,237.4199981689453,238.20374870300293,237.3947003173828,237.78237031228343,-0.3623721433381206,0,-0.3960805391569977,0.025297851562498863,-0.7837505340576172,237.4199981689453,237.78237031228343,237.38628977312644,237.80766816384593,236.99861977822582,,,,,21033,-0.3960805391569977,,,,,,,0.5584617172840733,1.2161189109502486,1.7472621475819248,,,,,,,,,,,,,,,
34,2,1,236.8699951171875,21,21034,236.8699951171875,238.10624885559082,237.3947003173828,237.78237031228343,-0.9123751950959331,0,-0.8485837435027008,-0.5247052001953136,-1.2362537384033203,236.8699951171875,237.78237031228343,236.93378656878073,237.25766511208812,236.5461165738801,,,,,21034,-0.8485837435027008,,,,,,,1.6859603439930575,2.3436175376592328,2.874760774290909,,,,,,,,,,,,,,,
35,2,1,236.97000122070312,21,21035,236.97000122070312,237.7324981689453,237.3947003173828,237.78237031228343,-0.8123690915803081,0,-0.374826953341568,-0.42469909667968864,-0.7624969482421875,236.97000122070312,237.78237031228343,237.40754335894187,237.35767121560374,237.01987336404125,,,,,21035,-0.374826953341568,,,,,,,1.0397067581776278,1.697363951843803,2.2285071884754792,,,,,,,,,,,,,,,
36,2,1,236.44000244140625,21,21036,236.44000244140625,237.7824993133545,237.3947003173828,237.78237031228343,-1.3423678708771831,0,-0.9548268770476227,-0.9546978759765636,-1.3424968719482422,236.44000244140625,237.78237031228343,236.8275434352358,236.82767243630687,236.4398734403352,,,,,21036,-0.9548268770476227,,,,,,,0.8097129379871983,1.4673701316533736,1.9985133682850498,,,,,,,,,,,,,,,
37,2,1,236.97999572753906,21,21037,236.97999572753906,237.78874969482422,237.3947003173828,237.78237031228343,-0.8023745847443706,0,-0.42108397238453676,-0.41470458984375114,-0.8087539672851563,236.97999572753906,237.78237031228343,237.3612863398989,237.36766572243968,236.97361634499828,,,,,21037,-0.42108397238453676,,,,,,,0.4134631668690343,1.0711203605352095,1.6022635971668857,,,,,,,,,,,,,,,
38,2,1,237.49000549316406,21,21038,237.49000549316406,237.7800006866455,237.3947003173828,237.78237031228343,-0.2923648191193706,0,0.09767480141917417,0.09530517578124886,-0.2899951934814453,237.49000549316406,237.78237031228343,237.8800451137026,237.87767548806468,237.492375118802,,,,,21038,0.09767480141917417,,,,,,,0.22221522680555772,0.879872420471733,1.4110156571034091,,,,,,,,,,,,,,,
39,2,1,236.1999969482422,21,21039,236.1999969482422,237.7012481689453,237.3947003173828,237.78237031228343,-1.5823733640412456,0,-1.1135812258025055,-1.1947033691406261,-1.501251220703125,236.1999969482422,237.78237031228343,236.66878908648093,236.5876669431428,236.2811190915803,,,,,21039,-1.1135812258025055,,,,,,,-0.14902920373643447,0.5086279899297408,1.039771226561417,,,,,,,,,,,,,,,
40,2,1,237.0399932861328,21,21040,237.0399932861328,238.24809044184036,237.3947003173828,237.78237031228343,-0.7423770261506206,0,-0.8204271608069291,-0.35470703125000114,-1.2080971557075486,237.0399932861328,237.78237031228343,236.9619431514765,237.42766328103343,236.57427315657588,,,,,21040,-0.8204271608069291,,,,,,,-0.23350848856682838,0.4241487050993469,0.955291941731023,,,,,,,,,,,,,,,
41,2,1,237.32000732421875,21,21041,237.32000732421875,238.13125038146973,237.3947003173828,237.78237031228343,-0.4623629880646831,0,-0.4235730623503571,-0.07469299316406364,-0.8112430572509766,237.32000732421875,237.78237031228343,237.35879724993308,237.70767731911937,236.97112725503246,,,,,21041,-0.4235730623503571,,,,,,,-1.069036909424911,-0.4113797157587358,0.1197635208729404,,,,,,,,,,,,,,,
42,2,1,237.52999877929687,21,21042,237.52999877929687,237.57875061035156,237.3947003173828,237.78237031228343,-0.2523715329865581,0,0.338918163845932,0.13529846191406136,-0.0487518310546875,237.52999877929687,237.78237031228343,238.12128847612937,237.9176687741975,237.73361848122875,,,,,21042,0.338918163845932,,,,,,,-0.9065365279551845,-0.2488793342890092,0.28226390234266696,,,,,,,,,,,,,,,
43,2,1,237.5800018310547,21,21043,237.5800018310547,238.16875076293945,237.3947003173828,237.78237031228343,-0.20236848122874562,0,-0.20107893698414614,0.18530151367187386,-0.5887489318847656,237.5800018310547,237.78237031228343,237.5812913752993,237.9676718259553,237.19362138039867,,,,,21043,-0.20107893698414614,,,,,,,-0.7465366805430751,-0.08887948687689984,0.44226374975477634,,,,,,,,,,,,,,,
44,2,1,236.1999969482422,21,21044,236.1999969482422,237.55500030517578,237.3947003173828,237.78237031228343,-1.5823733640412456,0,-0.9673333620329743,-1.1947033691406261,-1.3550033569335937,236.1999969482422,237.78237031228343,236.81503695025046,236.5876669431428,236.42736695534984,,,,,21044,-0.9673333620329743,,,,,,,-2.942783781373153,-2.285126587706978,-1.753983351075302,,,,,,,,,,,,,,,
45,2,1,237,21,21045,237,237.87750244140625,237.3947003173828,237.78237031228343,-0.7823703122834331,0,-0.4898324465056305,-0.39470031738281364,-0.87750244140625,237,237.78237031228343,237.2925378657778,237.38766999490062,236.90486787087718,,,,,21045,-0.4898324465056305,,,,,,,-2.365292021119247,-1.7076348274530717,-1.1764915908213955,,,,,,,,,,,,,,,
46,2,1,236.1300048828125,21,21046,236.1300048828125,237.68999862670898,237.3947003173828,237.78237031228343,-1.6523654294709331,0,-1.172323748995865,-1.2646954345703136,-1.5599937438964844,236.1300048828125,237.78237031228343,236.61004656328757,236.51767487771312,236.22237656838695,,,,,21046,-1.172323748995865,,,,,,,-2.3977894271251063,-1.740132233458931,-1.208988996827255,,,,,,,,,,,,,,,
47,2,1,236.9600067138672,21,21047,236.9600067138672,237.30124855041504,237.3947003173828,237.78237031228343,-0.8223635984162456,0,0.04642815835276792,-0.43469360351562614,-0.34124183654785156,236.9600067138672,237.78237031228343,237.8287984706362,237.3476767087678,237.44112847573558,,,,,21047,0.04642815835276792,,,,,,,-4.099035688721786,-3.441378495055611,-2.910235258423935,,,,,,,,,,,,,,,
48,2,1,237.39999389648437,21,21048,237.39999389648437,237.75125122070312,237.3947003173828,237.78237031228343,-0.3823764157990581,0,0.036412670681869486,0.005293579101561363,-0.35125732421875,237.39999389648437,237.78237031228343,237.8187829829653,237.787663891385,237.43111298806468,,,,,21048,0.036412670681869486,,,,,,,-2.829037138306747,-2.171379944640572,-1.6402367080088958,,,,,,,,,,,,,,,
49,2,1,235.97000122070312,21,21049,235.97000122070312,237.63250160217285,237.3947003173828,237.78237031228343,-1.8123690915803081,0,-1.274830386569107,-1.4246990966796886,-1.6625003814697266,235.97000122070312,237.78237031228343,236.50753992571433,236.35767121560374,236.1198699308137,,,,,21049,-1.274830386569107,,,,,,,-2.7402862990733485,-2.0826291054071735,-1.551485868775497,,,,,,,,,,,,,,,
50,2,1,237.63999938964844,21,21050,237.63999938964844,237.75500106811523,237.3947003173828,237.78237031228343,-0.14237092263499562,0,0.2726683164338226,0.24529907226562386,-0.11500167846679688,237.63999938964844,237.78237031228343,238.05503862871726,238.02766938454906,237.66736863381664,,,,,21050,0.2726683164338226,,,,,,,-1.8627857650157313,-1.205128571349556,-0.6739853347178799,,,,,,,,,,,,,,,
51,2,1,236.2100067138672,21,21051,236.2100067138672,237.72875213623047,237.3947003173828,237.78237031228343,-1.5723635984162456,0,-1.1310754274626618,-1.1846936035156261,-1.5187454223632813,236.2100067138672,237.78237031228343,236.65129488482077,236.5976767087678,236.26362488992015,,,,,21051,-1.1310754274626618,,,,,,,-1.0865368331309657,-0.42887963946479046,0.10226359716688571,,,,,,,,,,,,,,,
52,2,1,236.85000610351562,21,21052,236.85000610351562,237.8375015258789,237.3947003173828,237.78237031228343,-0.9323642087678081,0,-0.5998254274626618,-0.5446942138671886,-0.9874954223632813,236.85000610351562,237.78237031228343,237.18254488482077,237.23767609841624,236.79487488992015,,,,,21052,-0.5998254274626618,,,,,,,-2.385288664185653,-1.727631470519478,-1.1964882338878018,,,,,,,,,,,,,,,
53,2,1,237.39999389648437,21,21053,237.39999389648437,237.29124641418457,237.3947003173828,237.78237031228343,-0.3823764157990581,0,0.4964174772004242,0.005293579101561363,0.10874748229980469,237.39999389648437,237.78237031228343,238.27878778948386,237.787663891385,237.89111779458324,,,,,21053,0.4964174772004242,,,,,,,-0.21903843530381728,0.438618758362358,0.9697619949940342,,,,,,,,,,,,,,,
54,2,1,237.1300048828125,21,21054,237.1300048828125,238.30249786376953,237.3947003173828,237.78237031228343,-0.6523654294709331,0,-0.7848229860564118,-0.26469543457031364,-1.1724929809570312,237.1300048828125,237.78237031228343,236.99754732622702,237.51767487771312,236.6098773313264,,,,,21054,-0.7848229860564118,,,,,,,-0.8802837813731532,-0.22262658770697796,0.3085166489246982,,,,,,,,,,,,,,,
55,2,1,236.5800018310547,21,21055,236.5800018310547,237.54749870300293,237.3947003173828,237.78237031228343,-1.2023684812287456,0,-0.5798268770476227,-0.8146984863281261,-0.9674968719482422,236.5800018310547,237.78237031228343,237.2025434352358,236.9676718259553,236.8148734403352,,,,,21055,-0.5798268770476227,,,,,,,-2.7552895034190517,-2.0976323097528766,-1.5664890731212002,,,,,,,,,,,,,,,
56,2,1,236.7899932861328,21,21056,236.7899932861328,237.86374855041504,237.3947003173828,237.78237031228343,-0.9923770261506206,0,-0.6860852693816071,-0.6047070312500011,-1.0737552642822266,236.7899932861328,237.78237031228343,237.09628504290183,237.17766328103343,236.7086150480012,,,,,21056,-0.6860852693816071,,,,,,,-2.4315399611827235,-1.7738827675165483,-1.242739530884872,,,,,,,,,,,,,,,
57,2,1,237.0800018310547,21,21057,237.0800018310547,237.60000038146973,237.3947003173828,237.78237031228343,-0.7023684812287456,0,-0.13232855551441958,-0.31469848632812614,-0.5199985504150391,237.0800018310547,237.78237031228343,237.650041756769,237.4676718259553,237.2623717618684,,,,,21057,-0.13232855551441958,,,,,,,-1.817785688721786,-1.1601284950556108,-0.6289852584239346,,,,,,,,,,,,,,,
58,2,1,237.2899932861328,21,21058,237.2899932861328,238.00625038146973,237.3947003173828,237.78237031228343,-0.4923770261506206,0,-0.3285871004362946,-0.10470703125000114,-0.7162570953369141,237.2899932861328,237.78237031228343,237.45378321184714,237.67766328103343,237.06611321694652,,,,,21058,-0.3285871004362946,,,,,,,-1.034033247315536,-0.3763760536493608,0.1547671829823154,,,,,,,,,,,,,,,
59,2,1,236.5,21,21059,236.5,237.73624992370605,237.3947003173828,237.78237031228343,-1.2823703122834331,0,-0.8485799288054352,-0.8947003173828136,-1.2362499237060547,236.5,237.78237031228343,236.933790383478,236.88766999490062,236.54612038857738,,,,,21059,-0.8485799288054352,,,,,,,-2.734034010254989,-2.076376816588814,-1.5452335799571377,,,,,,,,,,,,,,,
60,2,1,237.11000061035156,21,21060,237.11000061035156,237.47250175476074,237.3947003173828,237.78237031228343,-0.6723697019318706,0,0.025168850491439798,-0.28469970703125114,-0.3625011444091797,237.11000061035156,237.78237031228343,237.80753916277487,237.49767060525218,237.41986916787425,,,,,21060,0.025168850491439798,,,,,,,-2.4402870620128017,-1.7826298683466264,-1.2514866317149502,,,,,,,,,,,,,,,
61,2,1,237.10000610351562,21,21061,237.10000610351562,237.87499809265137,237.3947003173828,237.78237031228343,-0.6823642087678081,0,-0.3873219942351227,-0.29469421386718864,-0.7749919891357422,237.10000610351562,237.78237031228343,237.3950483180483,237.48767609841624,237.0073783231477,,,,,21061,-0.3873219942351227,,,,,,,-2.1927895034190517,-1.5351323097528764,-1.0039890731212002,,,,,,,,,,,,,,,
62,2,1,237.72000122070312,21,21062,237.72000122070312,237.4537525177002,237.3947003173828,237.78237031228343,-0.06236909158030812,0,0.6539186979035492,0.32530090332031136,0.2662487030029297,237.72000122070312,237.78237031228343,238.43628901018698,238.10767121560374,238.04861901528636,,,,,21062,0.6539186979035492,,,,,,,-1.9115433181163173,-1.253886124450142,-0.7227428878184659,,,,,,,,,,,,,,,
63,2,1,236.44000244140625,21,21063,236.44000244140625,237.59249877929687,237.3947003173828,237.78237031228343,-1.3423678708771831,0,-0.7648263429900055,-0.9546978759765636,-1.152496337890625,236.44000244140625,237.78237031228343,237.01754396929343,236.82767243630687,236.6298739743928,,,,,21063,-0.7648263429900055,,,,,,,-1.330288359009872,-0.6726311653436967,-0.14148792871202054,,,,,,,,,,,,,,,
64,2,1,237.22000122070312,21,21064,237.22000122070312,238.1437473297119,237.3947003173828,237.78237031228343,-0.5623690915803081,0,-0.5360761141081696,-0.17469909667968864,-0.9237461090087891,237.22000122070312,237.78237031228343,237.24629419817526,237.60767121560374,236.85862420327464,,,,,21064,-0.5360761141081696,,,,,,,-1.541540571534286,-0.8838833778681108,-0.3527401412364346,,,,,,,,,,,,,,,
65,2,1,237.66000366210937,21,21065,237.66000366210937,237.4112491607666,237.3947003173828,237.78237031228343,-0.12236665017405812,0,0.6364244962433929,0.26530334472656136,0.24875450134277344,237.66000366210937,237.78237031228343,238.41879480852683,238.04767365701,238.0311248136262,,,,,21065,0.6364244962433929,,,,,,,-6.039038130128036,-5.381380936461861,-4.850237699830185,,,,,,,,,,,,,,,
66,2,1,239.5500030517578,21,21066,239.5500030517578,238.07999992370605,237.3947003173828,237.78237031228343,1.7676327394743794,0,1.8576731229523773,2.155302734374999,1.4700031280517578,239.5500030517578,237.78237031228343,239.6400434352358,239.93767304665843,239.2523734403352,,,,,21066,1.8576731229523773,,,,,,,-0.36779255517686416,0.2898646384893111,0.8210078751209873,,,,,,,,,,,,,,,
67,2,1,239.39999389648437,21,21067,239.39999389648437,237.49999809265137,237.3947003173828,237.78237031228343,1.6176235842009419,0,2.2876657987336273,2.0052935791015614,1.8999958038330078,239.39999389648437,237.78237031228343,240.07003611101706,239.787663891385,239.68236611611644,,,,,21067,2.2876657987336273,,,,,,,-1.8377937758799892,-1.180136582213814,-0.6489933455821377,,,,,,,,,,,,,,,
68,2,1,239.1199951171875,21,21068,239.1199951171875,237.77625274658203,237.3947003173828,237.78237031228343,1.3376248049040669,0,1.7314123655060882,1.7252947998046864,1.3437423706054687,239.1199951171875,237.78237031228343,239.51378267778952,239.50766511208812,239.1261126828889,,,,,21068,1.7314123655060882,,,,,,,-2.444035002076278,-1.786377808410103,-1.2552345717784268,,,,,,,,,,,,,,,
69,2,1,236.61000061035156,21,21069,236.61000061035156,237.1733899352215,237.3947003173828,237.78237031228343,-1.1723697019318706,0,-0.1757193299693256,-0.7846997070312511,-0.5633893248699451,236.61000061035156,237.78237031228343,237.6066509823141,236.99767060525218,237.2189809874135,,,,,21069,-0.1757193299693256,,,,,,,-1.8511819563407546,-1.1935247626745793,-0.6623815260429031,,,,,,,,,,,,,,,
70,2,1,239.2100067138672,21,21070,239.2100067138672,238.16000175476074,237.3947003173828,237.78237031228343,1.4276364015837544,0,1.4376749540070648,1.8153063964843739,1.0500049591064453,239.2100067138672,237.78237031228343,239.2200452662905,239.5976767087678,238.83237527138988,,,,,21070,1.4376749540070648,,,,,,,-0.09778828271592666,0.5598689109502486,1.0910121475819248,,,,,,,,,,,,,,,
71,2,1,238.5500030517578,21,21071,238.5500030517578,237.4950008392334,237.3947003173828,237.78237031228343,0.7676327394743794,0,1.4426722074250335,1.1553027343749989,1.055002212524414,238.5500030517578,237.78237031228343,239.22504251970847,238.93767304665843,238.83737252480785,,,,,21071,1.4426722074250335,,,,,,,1.3472114121082919,2.004868605774467,2.5360118424061433,,,,,,,,,,,,,,,
72,2,1,239.24000549316406,21,21072,239.24000549316406,237.99374961853027,237.3947003173828,237.78237031228343,1.4576351808806294,0,1.6339258695344085,1.8453051757812489,1.246255874633789,239.24000549316406,237.78237031228343,239.41629618181784,239.62767548806468,239.02862618691722,,,,,21072,1.6339258695344085,,,,,,,0.3084693466786046,0.9661265403447799,1.497269776976456,,,,,,,,,,,,,,,
73,2,1,238.55999755859375,21,21073,238.55999755859375,237.81625175476074,237.3947003173828,237.78237031228343,0.7776272463103169,0,1.1314157987336273,1.1652972412109364,0.7437458038330078,238.55999755859375,237.78237031228343,238.91378611101706,238.94766755349437,238.52611611611644,,,,,21073,1.1314157987336273,,,,,,,-0.8740333999034267,-0.2163762062372514,0.3147670303944248,,,,,,,,,,,,,,,
74,2,1,238.0800018310547,21,21074,238.0800018310547,237.46249771118164,237.3947003173828,237.78237031228343,0.2976315187712544,0,1.0051741147736664,0.6853015136718739,0.6175041198730469,238.0800018310547,237.78237031228343,238.7875444270571,238.4676718259553,238.39987443215648,,,,,21074,1.0051741147736664,,,,,,,0.3997188126209874,1.0573760062871627,1.5885192429188388,,,,,,,,,,,,,,,
75,2,1,239.25,21,21075,239.25,237.97875213623047,237.3947003173828,237.78237031228343,1.4676296877165669,0,1.6589178586701507,1.8552996826171864,1.2712478637695313,239.25,237.78237031228343,239.44128817095358,239.63766999490062,239.05361817605296,,,,,21075,1.6589178586701507,,,,,,,0.08346133581434678,0.741118529480522,1.2722617661121982,,,,,,,,,,,,,,,
76,2,1,238.5500030517578,21,21076,238.5500030517578,237.85000038146973,237.3947003173828,237.78237031228343,0.7676327394743794,0,1.0876726651887054,1.1553027343749989,0.7000026702880859,238.5500030517578,237.78237031228343,238.87004297747214,238.93767304665843,238.48237298257152,,,,,21076,1.0876726651887054,,,,,,,-0.9377960646983485,-0.2801388710321733,0.2510043655995029,,,,,,,,,,,,,,,
77,2,1,239.16000366210937,21,21077,239.16000366210937,238.25,237.3947003173828,237.78237031228343,1.3776333498259419,0,1.2976736570099945,1.7653033447265614,0.910003662109375,239.16000366210937,237.78237031228343,239.08004396929343,239.54767365701,238.6923739743928,,,,,21077,1.2976736570099945,,,,,,,-1.3077816451426845,-0.6501244514765092,-0.11898121484483304,,,,,,,,,,,,,,,
78,2,1,239.6300048828125,21,21078,239.6300048828125,238.08250045776367,237.3947003173828,237.78237031228343,1.8476345705290669,0,1.9351744199494476,2.2353045654296864,1.5475044250488281,239.6300048828125,237.78237031228343,239.71754473223288,240.01767487771312,239.32987473733226,,,,,21078,1.9351744199494476,,,,,,,0.5797038590077062,1.2373610526738814,1.7685042893055576,,,,,,,,,,,,,,,
79,2,1,237.9600067138672,21,21079,237.9600067138672,237.1425018310547,237.3947003173828,237.78237031228343,0.17763640158375438,0,1.2051748777131195,0.5653063964843739,0.8175048828125,237.9600067138672,237.78237031228343,238.98754518999655,238.3476767087678,238.59987519509593,,,,,21079,1.2051748777131195,,,,,,,1.0797153030995028,1.737372496765678,2.2685157333973542,,,,,,,,,,,,,,,
80,2,1,239.6300048828125,21,21080,239.6300048828125,238.05749893188477,237.3947003173828,237.78237031228343,1.8476345705290669,0,1.9601759458283539,2.2353045654296864,1.5725059509277344,239.6300048828125,237.78237031228343,239.7425462581118,240.01767487771312,239.35487626321117,,,,,21080,1.9601759458283539,,,,,,,-0.03529400476182509,0.6223631889043502,1.1535064255360263,,,,,,,,,,,,,,,
81,2,1,239.0399932861328,21,21081,239.0399932861328,237.87625122070312,237.3947003173828,237.78237031228343,1.2576229738493794,0,1.551412060330307,1.6452929687499989,1.1637420654296875,239.0399932861328,237.78237031228343,239.33378237261374,239.42766328103343,238.94611237771312,,,,,21081,1.551412060330307,,,,,,,0.34596591345106553,1.0036231071172408,1.534766343748917,,,,,,,,,,,,,,,
82,2,1,238.72999572753906,21,21082,238.72999572753906,237.49999809265137,237.3947003173828,237.78237031228343,0.9476254152556294,0,1.6176676297883148,1.3352954101562489,1.2299976348876953,238.72999572753906,237.78237031228343,239.40003794207175,239.11766572243968,239.01236794717113,,,,,21082,1.6176676297883148,,,,,,,0.13220744482313584,0.7898646384893111,1.3210078751209873,,,,,,,,,,,,,,,
83,2,1,239.4199981689453,21,21083,239.4199981689453,237.82250213623047,237.3947003173828,237.78237031228343,1.6376278566618794,0,1.9851660276154632,2.025297851562499,1.5974960327148437,239.4199981689453,237.78237031228343,239.7675363398989,239.80766816384593,239.37986634499828,,,,,21083,1.9851660276154632,,,,,,,0.07970767370497178,0.737364867371147,1.2685081040028232,,,,,,,,,,,,,,,
84,2,1,238.1699981689453,21,21084,238.1699981689453,237.66309135736773,237.3947003173828,237.78237031228343,0.3876278566618794,0,0.8945768064781987,0.7752978515624989,0.5069068115775792,238.1699981689453,237.78237031228343,238.67694711876163,238.55766816384593,238.289277123861,,,,,21084,0.8945768064781987,,,,,,,-0.26088154743229275,0.3967756462338825,0.9279188828655587,,,,,,,,,,,,,,,
85,2,1,237.0500030517578,21,21085,237.0500030517578,237.7375030517578,237.3947003173828,237.78237031228343,-0.7323672605256206,0,-0.2998300050993805,-0.34469726562500114,-0.6875,237.0500030517578,237.78237031228343,237.48254030718405,237.43767304665843,237.09487031228343,,,,,21085,-0.2998300050993805,,,,,,,0.09471469274794053,0.7523718864141158,1.283515123045792,,,,,,,,,,,,,,,
86,2,1,237.57000732421875,21,21086,237.57000732421875,237.9612522125244,237.3947003173828,237.78237031228343,-0.21236298806468312,0,-0.003574893405044577,0.17530700683593636,-0.39124488830566406,237.57000732421875,237.78237031228343,237.7787954188784,237.95767731911937,237.39112542397777,,,,,21086,-0.003574893405044577,,,,,,,-0.10904545434678603,0.5486117393193892,1.0797549759510654,,,,,,,,,,,,,,,
87,2,1,237.2899932861328,21,21087,237.2899932861328,237.7824993133545,237.3947003173828,237.78237031228343,-0.4923770261506206,0,-0.1048360323210602,-0.10470703125000114,-0.4925060272216797,237.2899932861328,237.78237031228343,237.67753427996237,237.67766328103343,237.28986428506175,,,,,21087,-0.1048360323210602,,,,,,,0.08971171728407335,0.7473689109502486,1.2785121475819248,,,,,,,,,,,,,,,
88,2,1,238.19000244140625,21,21088,238.19000244140625,238.04999923706055,237.3947003173828,237.78237031228343,0.4076321291228169,0,0.5276731992463226,0.7953021240234364,0.14000320434570313,238.19000244140625,237.78237031228343,238.31004351152976,238.57767243630687,237.92237351662914,,,,,21088,0.5276731992463226,,,,,,,1.052207521117081,1.7098647147832562,2.2410079514149324,,,,,,,,,,,,,,,
89,2,1,237.44000244140625,21,21089,237.44000244140625,237.9699993133545,237.3947003173828,237.78237031228343,-0.3423678708771831,0,-0.1423268770476227,0.04530212402343636,-0.5299968719482422,237.44000244140625,237.78237031228343,237.6400434352358,237.82767243630687,237.2523734403352,,,,,21089,-0.1423268770476227,,,,,,,-0.23778767236436416,0.4198695213018111,0.9510127579334873,,,,,,,,,,,,,,,
90,2,1,237.83999633789062,21,21090,237.83999633789062,237.40374946594238,237.3947003173828,237.78237031228343,0.05762602560719188,0,0.8239168668488617,0.44529602050781136,0.4362468719482422,237.83999633789062,237.78237031228343,238.6062871791323,238.22766633279124,238.21861718423168,,,,,21090,0.8239168668488617,,,,,,,0.7184615646961827,1.376118758362358,1.9072619949940341,,,,,,,,,,,,,,,
91,2,1,236.33999633789063,21,21091,236.33999633789063,237.67125129699707,237.3947003173828,237.78237031228343,-1.4423739743928081,0,-0.9435849642058258,-1.0547039794921886,-1.3312549591064453,236.33999633789063,237.78237031228343,236.8387853480776,236.72766633279124,236.451115353177,,,,,21091,-0.9435849642058258,,,,,,,0.9009566818836827,1.558613875549858,2.089757112181534,,,,,,,,,,,,,,,
92,2,1,237.6999969482422,21,21092,237.6999969482422,237.9162483215332,237.3947003173828,237.78237031228343,-0.08237336404124562,0,0.17141862160960386,0.30529663085937386,-0.21625137329101563,237.6999969482422,237.78237031228343,237.95378893389304,238.0876669431428,237.56611893899242,,,,,21092,0.17141862160960386,,,,,,,0.2859645401600499,0.9436217338262252,1.4747649704579013,,,,,,,,,,,,,,,
93,2,1,237.25,21,21093,237.25,236.86500358581543,237.3947003173828,237.78237031228343,-0.5323703122834331,0,0.7726664090851898,-0.14470031738281364,0.3849964141845703,237.25,237.78237031228343,238.55503672136862,237.63766999490062,238.167366726468,,,,,21093,0.7726664090851898,,,,,,,-5.002787062012802,-4.345129868346627,-3.8139866317149504,,,,,,,,,,,,,,,
94,2,1,237.55999755859375,21,21094,237.55999755859375,237.7887477874756,237.3947003173828,237.78237031228343,-0.22237275368968312,0,0.15891976601878355,0.16529724121093636,-0.22875022888183594,237.55999755859375,237.78237031228343,237.94129007830222,237.94766755349437,237.5536200834016,,,,,21094,0.15891976601878355,,,,,,,-0.026537367188582905,0.6311198264775924,1.1622630631092685,,,,,,,,,,,,,,,
95,2,1,237.02000427246094,21,21095,237.02000427246094,237.8300018310547,237.3947003173828,237.78237031228343,-0.7623660398224956,0,-0.4223275636931305,-0.37469604492187614,-0.80999755859375,237.02000427246094,237.78237031228343,237.3600427485903,237.40767426736156,236.97237275368968,,,,,21095,-0.4223275636931305,,,,,,,-0.24778408654893447,0.4098731071172408,0.941016343748917,,,,,,,,,,,,,,,
96,2,1,237.3000030517578,21,21096,237.3000030517578,237.75000190734863,237.3947003173828,237.78237031228343,-0.4823672605256206,0,-0.06232886069020083,-0.09469726562500114,-0.4499988555908203,237.3000030517578,237.78237031228343,237.72004145159323,237.68767304665843,237.3323714566926,,,,,21096,-0.06232886069020083,,,,,,,-0.2677902663585048,0.3898669273076705,0.9210101639393467,,,,,,,,,,,,,,,
97,2,1,237.67999267578125,21,21097,237.67999267578125,237.61750030517578,237.3947003173828,237.78237031228343,-0.10237763650218312,0,0.45016236550608824,0.28529235839843636,0.06249237060546875,237.67999267578125,237.78237031228343,238.23253267778952,238.06766267068187,237.8448626828889,,,,,21097,0.45016236550608824,,,,,,,-0.13528866418565322,0.522368529480522,1.0535117661121982,,,,,,,,,,,,,,,
98,2,1,236.80999755859375,21,21098,236.80999755859375,238.59249877929687,237.3947003173828,237.78237031228343,-0.9723727536896831,0,-1.3948312258025055,-0.5847027587890636,-1.782501220703125,236.80999755859375,237.78237031228343,236.38753908648093,237.19766755349437,235.9998690915803,,,,,21098,-1.3948312258025055,,,,,,,0.10971408239637803,0.7673712760625533,1.2985145126942295,,,,,,,,,,,,,,,
99,2,1,237.3800048828125,21,21099,237.3800048828125,238.17184227289505,237.3947003173828,237.78237031228343,-0.4023654294709331,0,-0.4041673951819291,-0.014695434570313637,-0.7918373900825486,237.3800048828125,237.78237031228343,237.3782029171015,237.76767487771312,236.99053292220088,,,,,21099,-0.4041673951819291,,,,,,,-0.5196324629596081,0.13802473070656718,0.6691679673382434,,,,,,,,,,,,,,,
100,2,1,237.3800048828125,21,21100,237.3800048828125,238.0587501525879,237.3947003173828,237.78237031228343,-0.4023654294709331,0,-0.29107527487477114,-0.014695434570313637,-0.6787452697753906,237.3800048828125,237.78237031228343,237.49129503740866,237.76767487771312,237.10362504250804,,,,,21100,-0.29107527487477114,,,,,,,-0.5165409530040126,0.14111624066216266,0.6722594772938388,,,,,,,,,,,,,,,
1,2,2,241.35000610351562,22,22001,241.35000610351562,237.25749969482422,238.9210474916949,237.78237031228343,3.567635791232192,0,2.9538292292799326,2.4289586118207183,4.092506408691406,241.35000610351562,237.78237031228343,240.73619954156337,240.21132892410415,241.87487672097484,,,,,22001,2.9538292292799326,,,,,,,-1.1969897139903407,-1.635933014708931,-1.1230905593272549,,,,,,,,,,,,,,,
2,2,2,240.27999877929687,22,22002,240.27999877929687,237.84124755859375,238.9210474916949,237.78237031228343,2.497628467013442,0,1.3000740412916514,1.3589512876019683,2.438751220703125,240.27999877929687,237.78237031228343,239.08244435357508,239.1413215998854,240.22112153298656,,,,,22002,1.3000740412916514,,,,,,,-2.4507357467051842,-2.889679047423775,-2.376836592042099,,,,,,,,,,,,,,,
3,2,2,239.25999450683594,22,22003,239.25999450683594,237.30999946594238,238.9210474916949,237.78237031228343,1.4776241945525044,0,0.8113178614820811,0.33894701514103076,1.9499950408935547,239.25999450683594,237.78237031228343,238.5936881737655,238.12131732742446,239.732365353177,,,,,22003,0.8113178614820811,,,,,,,-1.4594809401866298,-1.89842424090522,-1.385581785523544,,,,,,,,,,,,,,,
4,2,2,239.19000244140625,22,22004,239.19000244140625,237.61529812009013,238.9210474916949,237.78237031228343,1.4076321291228169,0,0.43602714190464553,0.26895494971134326,1.5747043213161191,239.19000244140625,237.78237031228343,238.21839745418808,238.05132526199478,239.35707463359955,,,,,22004,0.43602714190464553,,,,,,,-1.5847869185531278,-2.023730219271718,-1.510887763890042,,,,,,,,,,,,,,,
5,2,2,239.50999450683594,22,22005,239.50999450683594,238.04625129699707,238.9210474916949,237.78237031228343,1.7276241945525044,0,0.32506603042739357,0.5889470151410308,1.4637432098388672,239.50999450683594,237.78237031228343,238.10743634271083,238.37131732742446,239.2461135221223,,,,,22005,0.32506603042739357,,,,,,,-1.1657339919444423,-1.6046772926630326,-1.0918348372813564,,,,,,,,,,,,,,,
6,2,2,240.16000366210937,22,22006,240.16000366210937,237.98250007629395,238.9210474916949,237.78237031228343,2.377633349825942,0,1.038826406403956,1.2389561704144683,2.1775035858154297,240.16000366210937,237.78237031228343,238.8211967186874,239.0213264826979,239.95987389809886,,,,,22006,1.038826406403956,,,,,,,-1.4819876540538173,-1.9209309547724076,-1.4080884993907314,,,,,,,,,,,,,,,
7,2,2,239.16000366210937,22,22007,239.16000366210937,237.35875129699707,238.9210474916949,237.78237031228343,1.3776333498259419,0,0.6625751857008311,0.23895617041446826,1.8012523651123047,239.16000366210937,237.78237031228343,238.44494549798426,238.0213264826979,239.58362267739574,,,,,22007,0.6625751857008311,,,,,,,-1.0882346022960048,-1.527177903014595,-1.014335447632919,,,,,,,,,,,,,,,
8,2,2,238.6300048828125,22,22008,238.6300048828125,237.80000114440918,238.9210474916949,237.78237031228343,0.8476345705290669,0,-0.3086734410081533,-0.29104260888240674,0.8300037384033203,238.6300048828125,237.78237031228343,237.47369687127528,237.49132770340103,238.61237405068675,,,,,22008,-0.3086734410081533,,,,,,,-0.4894911635753017,-0.9284344642938921,-0.4155920089122158,,,,,,,,,,,,,,,
9,2,2,239.77999877929687,22,22009,239.77999877929687,237.82499885559082,238.9210474916949,237.78237031228343,1.9976284670134419,0,0.8163227442945811,0.8589512876019683,1.9549999237060547,239.77999877929687,237.78237031228343,238.598693056578,238.6413215998854,239.7373702359895,,,,,22009,0.8163227442945811,,,,,,,-0.9044882644053799,-1.34343156512397,-0.8305891097422939,,,,,,,,,,,,,,,
10,2,2,239.41000366210937,22,22010,239.41000366210937,237.77375411987305,238.9210474916949,237.78237031228343,1.6276333498259419,0,0.4975723628248545,0.48895617041446826,1.6362495422363281,239.41000366210937,237.78237031228343,238.2799426751083,238.2713264826979,239.41861985451976,,,,,22010,0.4975723628248545,,,,,,,-1.1132380355235438,-1.5521813362421342,-1.039338880860458,,,,,,,,,,,,,,,
11,2,2,238.6999969482422,22,22011,238.6999969482422,237.79500198364258,238.9210474916949,237.78237031228343,0.9176266359587544,0,-0.23368221481186424,-0.22105054345271924,0.9049949645996094,238.6999969482422,237.78237031228343,237.54868809747157,237.5613197688307,238.68736527688304,,,,,22011,-0.23368221481186424,,,,,,,-0.16448467858995014,-0.6034279793085405,-0.09058552392686431,,,,,,,,,,,,,,,
12,2,2,238.69000244140625,22,22012,238.69000244140625,237.82000160217285,238.9210474916949,237.78237031228343,0.9076321291228169,0,-0.2686763401780752,-0.23104505028865674,0.8700008392333984,238.69000244140625,237.78237031228343,237.51369397210536,237.55132526199478,238.65237115151683,,,,,22012,-0.2686763401780752,,,,,,,-0.959488569581161,-1.3984318702997514,-0.8855894149180752,,,,,,,,,,,,,,,
13,2,2,240.13999938964844,22,22013,240.13999938964844,238.0974998474121,238.9210474916949,237.78237031228343,2.3576290773650044,0,0.9038223628248545,1.2189518979535308,2.042499542236328,240.13999938964844,237.78237031228343,238.6861926751083,239.00132221023696,239.82486985451976,,,,,22013,0.9038223628248545,,,,,,,-0.7169825423594815,-1.1559258430780717,-0.6430833876963955,,,,,,,,,,,,,,,
14,2,2,240.9199981689453,22,22014,240.9199981689453,237.29000091552734,238.9210474916949,237.78237031228343,3.1376278566618794,0,2.491320074006495,1.9989506772504058,3.6299972534179687,240.9199981689453,237.78237031228343,240.27369038628993,239.78132098953384,241.4123675657014,,,,,22014,2.491320074006495,,,,,,,0.41050845495497174,-0.028434845763618655,0.48440760961805757,,,,,,,,,,,,,,,
15,2,2,240.24000549316406,22,22015,240.24000549316406,238.42374992370605,238.9210474916949,237.78237031228343,2.4576351808806294,0,0.6775783900465342,1.3189580014691558,1.8162555694580078,240.24000549316406,237.78237031228343,238.45994870232997,239.1013283137526,239.59862588174144,,,,,22015,0.6775783900465342,,,,,,,-1.5032393325206141,-1.9421826332392045,-1.4293401778575283,,,,,,,,,,,,,,,
16,2,2,239.47999572753906,22,22016,239.47999572753906,237.71875190734863,238.9210474916949,237.78237031228343,1.6976254152556294,0,0.6225666407789561,0.5589482358441558,1.7612438201904297,239.47999572753906,237.78237031228343,238.4049369530624,238.3413185481276,239.54361413247386,,,,,22016,0.6225666407789561,,,,,,,-2.1182333815928795,-2.55717668231147,-2.044334226929794,,,,,,,,,,,,,,,
17,2,2,239.8800048828125,22,22017,239.8800048828125,238.00875091552734,238.9210474916949,237.78237031228343,2.097634570529067,0,0.7325767878736826,0.9589573911175933,1.8712539672851563,239.8800048828125,237.78237031228343,238.51494710015712,238.74132770340103,239.6536242795686,,,,,22017,0.7325767878736826,,,,,,,-1.0082384932872157,-1.447181794005806,-0.9343393386241299,,,,,,,,,,,,,,,
18,2,2,239.91000366210937,22,22018,239.91000366210937,237.62374877929687,238.9210474916949,237.78237031228343,2.127633349825942,0,1.1475777034010264,0.9889561704144683,2.2862548828125,239.91000366210937,237.78237031228343,238.92994801568446,238.7713264826979,240.06862519509593,,,,,22018,1.1475777034010264,,,,,,,-1.593237577759872,-2.0321808784784623,-1.5193384230967861,,,,,,,,,,,,,,,
19,2,2,239.1699981689453,22,22019,239.1699981689453,237.7199993133545,238.9210474916949,237.78237031228343,1.3876278566618794,0,0.3113216761793467,0.24895067725040576,1.4499988555908203,239.1699981689453,237.78237031228343,238.09369198846278,238.03132098953384,239.23236916787425,,,,,22019,0.3113216761793467,,,,,,,-1.1594893325206141,-1.5984326332392045,-1.0855901778575283,,,,,,,,,,,,,,,
20,2,2,239.13999938964844,22,22020,239.13999938964844,237.57000160217285,238.9210474916949,237.78237031228343,1.3576290773650044,0,0.4313206080641123,0.21895189795353076,1.569997787475586,239.13999938964844,237.78237031228343,238.21369092034755,238.00132221023696,239.35236809975902,,,,,22020,0.4313206080641123,,,,,,,-0.9394842971202236,-1.3784275978388139,-0.8655851424571377,,,,,,,,,,,,,,,
21,2,2,239.4199981689453,22,22021,239.4199981689453,237.69250106811523,238.9210474916949,237.78237031228343,1.6376278566618794,0,0.5888199214186045,0.49895067725040576,1.7274971008300781,239.4199981689453,237.78237031228343,238.37119023370204,238.28132098953384,239.5098674131135,,,,,22021,0.5888199214186045,,,,,,,-1.3319880355235438,-1.7709313362421342,-1.258088880860458,,,,,,,,,,,,,,,
22,2,2,238.5800018310547,22,22022,238.5800018310547,237.7037525177002,238.9210474916949,237.78237031228343,0.7976315187712544,0,-0.26242786605698143,-0.34104566064021924,0.8762493133544922,238.5800018310547,237.78237031228343,237.51994244622645,237.4413246516432,238.65861962563793,,,,,22022,-0.26242786605698143,,,,,,,-0.7632376540538174,-1.2021809547724076,-0.6893384993907314,,,,,,,,,,,,,,,
23,2,2,239.35000610351562,22,22023,239.35000610351562,237.67500114440918,238.9210474916949,237.78237031228343,1.5676357912321919,0,0.5363277796949717,0.42895861182071826,1.6750049591064453,239.35000610351562,237.78237031228343,238.3186980919784,238.21132892410415,239.45737527138988,,,,,22023,0.5363277796949717,,,,,,,-0.6244856704112393,-1.0634289711298295,-0.5505865157481533,,,,,,,,,,,,,,,
24,2,2,238.91000366210937,22,22024,238.91000366210937,237.81250190734863,238.9210474916949,237.78237031228343,1.1276333498259419,0,-0.04117542465073143,-0.01104382958553174,1.0975017547607422,238.91000366210937,237.78237031228343,237.7411948876327,237.7713264826979,238.87987206704418,,,,,22024,-0.04117542465073143,,,,,,,-1.1119925368663173,-1.5509358375849076,-1.0380933822032314,,,,,,,,,,,,,,,
25,2,2,237.7823703122834,22,22025,237.7823703122834,237.72904667050517,238.9210474916949,237.78237031228343,-0.00000000000002842170943040401,0,-1.0853535376332388,-1.138677179411502,0.05332364177823479,237.7823703122834,237.78237031228343,236.6970167746502,236.64369313287193,237.83569395406167,,,,,22025,-1.0853535376332388,,,,,,,-0.49853852072597943,-0.9374818214445698,-0.42463936606289354,,,,,,,,,,,,,,,
26,2,2,239,22,22026,239,237.86124992370605,238.9210474916949,237.78237031228343,1.2176296877165669,0,0.00007289688247169579,0.07895250830509326,1.1387500762939453,239,237.78237031228343,237.7824432091659,237.86132282058853,238.92112038857738,,,,,22026,0.00007289688247169579,,,,,,,1.1092637192371984,0.670320418518608,1.1831628739002842,,,,,,,,,,,,,,,
27,2,2,238.89999389648437,22,22027,238.89999389648437,237.9412498474121,238.9210474916949,237.78237031228343,1.1176235842009419,0,-0.179933130339208,-0.02105359521053174,0.9587440490722656,238.89999389648437,237.78237031228343,237.60243718194423,237.7613167170729,238.7411143613557,,,,,22027,-0.179933130339208,,,,,,,1.6092656265858312,1.1703223258672408,1.683164781248917,,,,,,,,,,,,,,,
28,2,2,239.72000122070312,22,22028,239.72000122070312,238.30749702453613,238.9210474916949,237.78237031228343,1.9376309084196919,0,0.27382701675551857,0.7989537290082183,1.4125041961669922,239.72000122070312,237.78237031228343,238.05619732903895,238.58132404129165,239.19487450845043,,,,,22028,0.27382701675551857,,,,,,,2.3130105148914955,1.874067214172905,2.386909669554581,,,,,,,,,,,,,,,
29,2,2,239.74000549316406,22,22029,239.74000549316406,237.5500030517578,238.9210474916949,237.78237031228343,1.9576351808806294,0,1.0513252619947764,0.8189580014691558,2.19000244140625,239.74000549316406,237.78237031228343,238.8336955742782,238.6013283137526,239.97237275368968,,,,,22029,1.0513252619947764,,,,,,,2.9805081497791908,2.5415648490606,3.054407304442276,,,,,,,,,,,,,,,
30,2,2,240.5,22,22030,240.5,238.1862506866455,238.9210474916949,237.78237031228343,2.717629687716567,0,1.1750721339430186,1.5789525083050933,2.313749313354492,240.5,237.78237031228343,238.95744244622645,239.36132282058853,240.09611962563793,,,,,22030,1.1750721339430186,,,,,,,1.4442666184071202,1.00532331768853,1.518165773070206,,,,,,,,,,,,,,,
31,2,2,239.6699981689453,22,22031,239.6699981689453,237.5887508392334,238.9210474916949,237.78237031228343,1.8876278566618794,0,0.9425701503004405,0.7489506772504058,2.081247329711914,239.6699981689453,237.78237031228343,238.72494046258387,238.53132098953384,239.86361764199535,,,,,22031,0.9425701503004405,,,,,,,2.4317658554676673,1.9928225547490768,2.5056650101307527,,,,,,,,,,,,,,,
32,2,2,238.5500030517578,22,22032,238.5500030517578,237.81749725341797,238.9210474916949,237.78237031228343,0.7676327394743794,0,-0.40617138107162987,-0.37104443993709424,0.7325057983398438,238.5500030517578,237.78237031228343,237.3761989312118,237.41132587234634,238.51487611062328,,,,,22032,-0.40617138107162987,,,,,,,1.3230145584705968,0.8840712577520065,1.3969137131336826,,,,,,,,,,,,,,,
33,2,2,240.08999633789062,22,22033,240.08999633789062,238.20374870300293,238.9210474916949,237.78237031228343,2.307626025607192,0,0.7475704554762217,1.1689488461957183,1.8862476348876953,240.08999633789062,237.78237031228343,238.52994076775965,238.95131915847915,239.66861794717113,,,,,22033,0.7475704554762217,,,,,,,2.3567612778309486,1.917817977112358,2.430660432494034,,,,,,,,,,,,,,,
34,2,2,239.63999938964844,22,22034,239.63999938964844,238.10624885559082,238.9210474916949,237.78237031228343,1.8576290773650044,0,0.39507335464614357,0.7189518979535308,1.5337505340576172,239.63999938964844,237.78237031228343,238.17744366692958,238.50132221023696,239.31612084634105,,,,,22034,0.39507335464614357,,,,,,,2.054267228758683,1.6153239280400924,2.1281663834217683,,,,,,,,,,,,,,,
35,2,2,239.4600067138672,22,22035,239.4600067138672,237.7324981689453,238.9210474916949,237.78237031228343,1.6776364015837544,0,0.5888313655104014,0.5389592221722808,1.727508544921875,239.4600067138672,237.78237031228343,238.37120167779383,238.3213295344557,239.5098788572053,,,,,22035,0.5888313655104014,,,,,,,1.528008760130753,1.0890654594121627,1.6019079147938389,,,,,,,,,,,,,,,
36,2,2,239.36000061035156,22,22036,239.36000061035156,237.7824993133545,238.9210474916949,237.78237031228343,1.5776302980681294,0,0.4388241175855967,0.43895311865665576,1.5775012969970703,239.36000061035156,237.78237031228343,238.22119442986903,238.2213234309401,239.3598716092805,,,,,22036,0.4388241175855967,,,,,,,1.8480179916981359,1.4090746909795455,1.9219171463612217,,,,,,,,,,,,,,,
37,2,2,239.11000061035156,22,22037,239.11000061035156,237.78874969482422,238.9210474916949,237.78237031228343,1.3276302980681294,0,0.18257373611587013,0.18895311865665576,1.3212509155273437,239.11000061035156,237.78237031228343,237.9649440483993,237.9713234309401,239.10362122781078,,,,,22037,0.18257373611587013,,,,,,,-0.7682330001231533,-1.2071763008417435,-0.6943338454600674,,,,,,,,,,,,,,,
38,2,2,239.42999267578125,22,22038,239.42999267578125,237.7800006866455,238.9210474916949,237.78237031228343,1.6476223634978169,0,0.5113148097242686,0.5089451840863433,1.6499919891357422,239.42999267578125,237.78237031228343,238.2936851220077,238.29131549636978,239.43236230141918,,,,,22038,0.5113148097242686,,,,,,,1.0505135666493077,0.6115702659307173,1.1244127213123936,,,,,,,,,,,,,,,
39,2,2,239.25999450683594,22,22039,239.25999450683594,237.7012481689453,238.9210474916949,237.78237031228343,1.4776241945525044,0,0.4200691584791514,0.33894701514103076,1.558746337890625,239.25999450683594,237.78237031228343,238.20243947076258,238.12131732742446,239.34111665017406,,,,,22039,0.4200691584791514,,,,,,,2.1992581497791908,1.7603148490606002,2.273157304442276,,,,,,,,,,,,,,,
40,2,2,239.17999267578125,22,22040,239.17999267578125,238.24809044184036,238.9210474916949,237.78237031228343,1.3976223634978169,0,-0.20677494547058473,0.25894518408634326,0.9319022339408889,239.17999267578125,237.78237031228343,237.57559536681285,238.04131549636978,238.71427254622432,,,,,22040,-0.20677494547058473,,,,,,,-0.21520770731682842,-0.6541510080354188,-0.14130855265374254,,,,,,,,,,,,,,,
41,2,2,239.17999267578125,22,22041,239.17999267578125,238.13125038146973,238.9210474916949,237.78237031228343,1.3976223634978169,0,-0.08993488509995018,0.25894518408634326,1.0487422943115234,239.17999267578125,237.78237031228343,237.69243542718348,238.04131549636978,238.83111260659496,,,,,22041,-0.08993488509995018,,,,,,,1.7192681442860265,1.2803248435674361,1.7931672989491123,,,,,,,,,,,,,,,
42,2,2,239.83999633789062,22,22042,239.83999633789062,237.57875061035156,238.9210474916949,237.78237031228343,2.057626025607192,0,1.1225685481275889,0.9189488461957183,2.2612457275390625,239.83999633789062,237.78237031228343,238.90493886041102,238.70131915847915,240.0436160398225,,,,,22042,1.1225685481275889,,,,,,,-0.4582430709239345,-0.8971863716425249,-0.38434391626084863,,,,,,,,,,,,,,,
43,2,2,239.67999267578125,22,22043,239.67999267578125,238.16875076293945,238.9210474916949,237.78237031228343,1.8976223634978169,0,0.37256473343032326,0.7589451840863433,1.5112419128417969,239.67999267578125,237.78237031228343,238.15493504571376,238.54131549636978,239.29361222512523,,,,,22043,0.37256473343032326,,,,,,,-1.25823467858995,-1.6971779793085404,-1.1843355239268643,,,,,,,,,,,,,,,
44,2,2,239.77999877929687,22,22044,239.77999877929687,237.55500030517578,238.9210474916949,237.78237031228343,1.9976284670134419,0,1.0863212947096201,0.8589512876019683,2.2249984741210938,239.77999877929687,237.78237031228343,238.86869160699305,238.6413215998854,240.00736878640453,,,,,22044,1.0863212947096201,,,,,,,-2.274489103638778,-2.7134324043573685,-2.2005899489756926,,,,,,,,,,,,,,,
45,2,2,239.99000549316406,22,22045,239.99000549316406,237.87750244140625,238.9210474916949,237.78237031228343,2.2076351808806294,0,0.9738258723463389,1.0689580014691558,2.1125030517578125,239.99000549316406,237.78237031228343,238.75619618462977,238.8513283137526,239.89487336404125,,,,,22045,0.9738258723463389,,,,,,,-2.0769869674083092,-2.5159302681269,-2.003087812745224,,,,,,,,,,,,,,,
46,2,2,239.50999450683594,22,22046,239.50999450683594,237.68999862670898,238.9210474916949,237.78237031228343,1.7276241945525044,0,0.6813187007154795,0.5889470151410308,1.8199958801269531,239.50999450683594,237.78237031228343,238.4636890129989,238.37131732742446,239.6023661924104,,,,,22046,0.6813187007154795,,,,,,,-1.2994868148204188,-1.7384301155390092,-1.225587660157333,,,,,,,,,,,,,,,
47,2,2,238.63999938964844,22,22047,238.63999938964844,237.30124855041504,238.9210474916949,237.78237031228343,0.8576290773650044,0,0.20007365982192482,-0.28104810204646924,1.3387508392333984,238.63999938964844,237.78237031228343,237.98244397210536,237.50132221023696,239.12112115151683,,,,,22047,0.20007365982192482,,,,,,,-0.5707404006358486,-1.0096837013544389,-0.4968412459727627,,,,,,,,,,,,,,,
48,2,2,239.41000366210937,22,22048,239.41000366210937,237.75125122070312,238.9210474916949,237.78237031228343,1.6276333498259419,0,0.5200752619947764,0.48895617041446826,1.65875244140625,239.41000366210937,237.78237031228343,238.3024455742782,238.2713264826979,239.44112275368968,,,,,22048,0.5200752619947764,,,,,,,-0.16074246057237201,-0.5996857612909624,-0.08684330590928618,,,,,,,,,,,,,,,
49,2,2,239.3000030517578,22,22049,239.3000030517578,237.63250160217285,238.9210474916949,237.78237031228343,1.5176327394743794,0,0.5288242701734873,0.37895556006290576,1.667501449584961,239.3000030517578,237.78237031228343,238.31119458245692,238.16132587234634,239.4498717618684,,,,,22049,0.5288242701734873,,,,,,,-1.671982466065536,-2.1109257667841264,-1.5980833114024502,,,,,,,,,,,,,,,
50,2,2,239.36000061035156,22,22050,239.36000061035156,237.75500106811523,238.9210474916949,237.78237031228343,1.5776302980681294,0,0.4663223628248545,0.43895311865665576,1.6049995422363281,239.36000061035156,237.78237031228343,238.2486926751083,238.2213234309401,239.38736985451976,,,,,22050,0.4663223628248545,,,,,,,-1.1144892562266688,-1.5534325569452592,-1.040590101563583,,,,,,,,,,,,,,,
51,2,2,238.74000549316406,22,22051,238.74000549316406,237.72875213623047,238.9210474916949,237.78237031228343,0.9576351808806294,0,-0.12742382247787987,-0.18104199853084424,1.0112533569335937,238.74000549316406,237.78237031228343,237.65494648980555,237.6013283137526,238.79362366921703,,,,,22051,-0.12742382247787987,,,,,,,-0.29824703820909076,-0.7371903389276812,-0.22434788354600488,,,,,,,,,,,,,,,
52,2,2,240.61000061035156,22,22052,240.61000061035156,237.8375015258789,238.9210474916949,237.78237031228343,2.8276302980681294,0,1.6338219050611826,1.6889531186566558,2.7724990844726562,240.61000061035156,237.78237031228343,239.41619221734462,239.4713234309401,240.5548693967561,,,,,22052,1.6338219050611826,,,,,,,-0.49699276574815326,-0.9359360664667437,-0.4230936110850674,,,,,,,,,,,,,,,
53,2,2,240.33999633789063,22,22053,240.33999633789063,237.29124641418457,238.9210474916949,237.78237031228343,2.557626025607192,0,1.910072744294581,1.4189488461957183,3.0487499237060547,240.33999633789063,237.78237031228343,239.692443056578,239.20131915847915,240.8311202359895,,,,,22053,1.910072744294581,,,,,,,0.20926600805555767,-0.22967729266303272,0.2831651627186435,,,,,,,,,,,,,,,
54,2,2,239.97999572753906,22,22054,239.97999572753906,238.30249786376953,238.9210474916949,237.78237031228343,2.1976254152556294,0,0.5388206843580576,1.0589482358441558,1.6774978637695313,239.97999572753906,237.78237031228343,238.3211909966415,238.8413185481276,239.45986817605296,,,,,22054,0.5388206843580576,,,,,,,-1.7719866622325282,-2.2109299629511185,-1.6980875075694426,,,,,,,,,,,,,,,
55,2,2,239.0399932861328,22,22055,239.0399932861328,237.54749870300293,238.9210474916949,237.78237031228343,1.2576229738493794,0,0.3538174037184092,0.11894579443790576,1.4924945831298828,239.0399932861328,237.78237031228343,238.13618771600184,237.90131610672134,239.27486489541332,,,,,22055,0.3538174037184092,,,,,,,-1.2169844497081141,-1.6559277504267045,-1.1430852950450283,,,,,,,,,,,,,,,
56,2,2,238.9600067138672,22,22056,238.9600067138672,237.86374855041504,238.9210474916949,237.78237031228343,1.1776364015837544,0,-0.04241901595932518,0.03895922217228076,1.0962581634521484,238.9600067138672,237.78237031228343,237.7399512963241,237.8213295344557,238.87862847573558,,,,,22056,-0.04241901595932518,,,,,,,-1.4132391799327235,-1.8521824806513139,-1.3393400252696377,,,,,,,,,,,,,,,
57,2,2,238.67999267578125,22,22057,238.67999267578125,237.60000038146973,238.9210474916949,237.78237031228343,0.8976223634978169,0,-0.05868488509995018,-0.24105481591365674,1.0799922943115234,238.67999267578125,237.78237031228343,237.72368542718348,237.54131549636978,238.86236260659496,,,,,22057,-0.05868488509995018,,,,,,,-1.0994879592295985,-1.5384312599481889,-1.0255888045665127,,,,,,,,,,,,,,,
58,2,2,238.9199981689453,22,22058,238.9199981689453,238.00625038146973,238.9210474916949,237.78237031228343,1.1376278566618794,0,-0.22492939193588768,-0.0010493227495942392,0.9137477874755859,238.9199981689453,237.78237031228343,237.55744092034755,237.78132098953384,238.69611809975902,,,,,22058,-0.22492939193588768,,,,,,,-0.3857428420420986,-0.824686142760689,-0.3118436873790127,,,,,,,,,,,,,,,
59,2,2,239.39999389648437,22,22059,239.39999389648437,237.73624992370605,238.9210474916949,237.78237031228343,1.6176235842009419,0,0.5250667933668467,0.47894640478946826,1.6637439727783203,239.39999389648437,237.78237031228343,238.30743710565028,238.2613167170729,239.44611428506175,,,,,22059,0.5250667933668467,,,,,,,-1.0757338393565516,-1.514677140075142,-1.0018346846934658,,,,,,,,,,,,,,,
60,2,2,238.32000732421875,22,22060,238.32000732421875,237.47250175476074,238.9210474916949,237.78237031228343,0.5376370119353169,0,-0.2911716099534658,-0.6010401674761567,0.8475055694580078,238.32000732421875,237.78237031228343,237.49119870232997,237.18133014480728,238.62987588174144,,,,,22060,-0.2911716099534658,,,,,,,-0.3019911635753017,-0.7409344642938921,-0.22809200891221582,,,,,,,,,,,,,,,
61,2,2,239.2899932861328,22,22061,239.2899932861328,237.87499809265137,238.9210474916949,237.78237031228343,1.5076229738493794,0,0.2763180140699717,0.36894579443790576,1.4149951934814453,239.2899932861328,237.78237031228343,238.0586883263534,238.15131610672134,239.19736550576488,,,,,22061,0.2763180140699717,,,,,,,-0.8444868911143643,-1.2834301918329545,-0.7705877364512783,,,,,,,,,,,,,,,
62,2,2,238.32000732421875,22,22062,238.32000732421875,237.4537525177002,238.9210474916949,237.78237031228343,0.5376370119353169,0,-0.27242237289291893,-0.6010401674761567,0.8662548065185547,238.32000732421875,237.78237031228343,237.5099479393905,237.18133014480728,238.648625118802,,,,,22062,-0.27242237289291893,,,,,,,-1.0532461989756923,-1.4921894996942826,-0.9793470443126064,,,,,,,,,,,,,,,
63,2,2,238.8300018310547,22,22063,238.8300018310547,237.59249877929687,238.9210474916949,237.78237031228343,1.0476315187712544,0,0.09882587234633888,-0.09104566064021924,1.2375030517578125,238.8300018310547,237.78237031228343,237.88119618462977,237.6913246516432,239.01987336404125,,,,,22063,0.09882587234633888,,,,,,,-0.7919833052989346,-1.2309266060175248,-0.7180841506358486,,,,,,,,,,,,,,,
64,2,2,239.47999572753906,22,22064,239.47999572753906,238.1437473297119,238.9210474916949,237.78237031228343,1.6976254152556294,0,0.19757121841567482,0.5589482358441558,1.3362483978271484,239.47999572753906,237.78237031228343,237.9799415306991,238.3413185481276,239.11861871011058,,,,,22064,0.19757121841567482,,,,,,,-2.423233686768661,-2.8621769874872514,-2.3493345321055754,,,,,,,,,,,,,,,
65,2,2,238.8300018310547,22,22065,238.8300018310547,237.4112491607666,238.9210474916949,237.78237031228343,1.0476315187712544,0,0.2800754908766123,-0.09104566064021924,1.418752670288086,238.8300018310547,237.78237031228343,238.06244580316005,237.6913246516432,239.20112298257152,,,,,22065,0.2800754908766123,,,,,,,0.3792565476063389,-0.05968675311225147,0.45315570226942475,,,,,,,,,,,,,,,
66,2,2,237.64999389648437,22,22066,237.64999389648437,238.07999992370605,238.9210474916949,237.78237031228343,-0.13237641579905812,0,-1.5686832066331533,-1.2710535952105317,-0.4300060272216797,237.64999389648437,237.78237031228343,236.21368710565028,236.5113167170729,237.35236428506175,,,,,22066,-1.5686832066331533,,,,,,,-1.0194899428721766,-1.458433243590767,-0.9455907882090908,,,,,,,,,,,,,,,
67,2,2,236.6699981689453,22,22067,236.6699981689453,237.49999809265137,238.9210474916949,237.78237031228343,-1.1123721433381206,0,-1.9686771031175283,-2.2510493227495942,-0.8299999237060547,236.6699981689453,237.78237031228343,235.8136932091659,235.53132098953384,236.95237038857738,,,,,22067,-1.9686771031175283,,,,,,,-1.5594832290049891,-1.9984265297235795,-1.4855840743419033,,,,,,,,,,,,,,,
68,2,2,236.74000549316406,22,22068,236.74000549316406,237.77625274658203,238.9210474916949,237.78237031228343,-1.0423648191193706,0,-2.1749244328294424,-2.1810419985308442,-1.0362472534179687,236.74000549316406,237.78237031228343,235.607445879454,235.6013283137526,236.74612305886546,,,,,22068,-2.1749244328294424,,,,,,,-0.41573971399034076,-0.8546830147089312,-0.3418405593272549,,,,,,,,,,,,,,,
69,2,2,238.5800018310547,22,22069,238.5800018310547,237.1733899352215,238.9210474916949,237.78237031228343,0.7976315187712544,0,0.2679347164217063,-0.34104566064021924,1.40661189583318,238.5800018310547,237.78237031228343,238.05030502870514,237.4413246516432,239.1889822081166,,,,,22069,0.2679347164217063,,,,,,,-0.7328750715751297,-1.1718183722937199,-0.6589759169120437,,,,,,,,,,,,,,,
70,2,2,237.3800048828125,22,22070,237.3800048828125,238.16000175476074,238.9210474916949,237.78237031228343,-0.4023654294709331,0,-1.9186740513597158,-1.5410426088824067,-0.7799968719482422,237.3800048828125,237.78237031228343,235.86369626092372,236.24132770340103,237.0023734403352,,,,,22070,-1.9186740513597158,,,,,,,1.2705033432606359,0.8315600425420455,1.3444024979237217,,,,,,,,,,,,,,,
71,2,2,237.02999877929687,22,22071,237.02999877929687,237.4950008392334,238.9210474916949,237.78237031228343,-0.7523715329865581,0,-1.603679239347997,-1.8910487123980317,-0.46500205993652344,237.02999877929687,237.78237031228343,236.17869107293544,235.8913215998854,237.3173682523469,,,,,22071,-1.603679239347997,,,,,,,1.4055054794911046,0.9665621787725143,1.4794046341541904,,,,,,,,,,,,,,,
72,2,2,237.39999389648437,22,22072,237.39999389648437,237.99374961853027,238.9210474916949,237.78237031228343,-0.3823764157990581,0,-1.732432901457372,-1.5210535952105317,-0.5937557220458984,237.39999389648437,237.78237031228343,236.04993741082606,236.2613167170729,237.18861459023753,,,,,22072,-1.732432901457372,,,,,,,1.1367676865223546,0.6978243858037643,1.2106668411854404,,,,,,,,,,,,,,,
73,2,2,237.77000427246094,22,22073,237.77000427246094,237.81625175476074,238.9210474916949,237.78237031228343,-0.012366039822495623,0,-1.1849246617112783,-1.1510432192339692,-0.04624748229980469,237.77000427246094,237.78237031228343,236.59744565057215,236.63132709304946,237.73612282998363,,,,,22073,-1.1849246617112783,,,,,,,0.7742570053700107,0.3353137046514204,0.8481561600330967,,,,,,,,,,,,,,,
74,2,2,237.14999389648437,22,22074,237.14999389648437,237.46249771118164,238.9210474916949,237.78237031228343,-0.6323764157990581,0,-1.4511809941087392,-1.7710535952105317,-0.3125038146972656,237.14999389648437,237.78237031228343,236.3311893181747,236.0113167170729,237.46986649758617,,,,,22074,-1.4511809941087392,,,,,,,1.4380086075428624,0.9990653068242721,1.5119077622059482,,,,,,,,,,,,,,,
75,2,2,236.75,22,22075,236.75,237.97875213623047,238.9210474916949,237.78237031228343,-1.0323703122834331,0,-2.3674293156419424,-2.1710474916949067,-1.2287521362304687,236.75,237.78237031228343,235.4149409966415,235.61132282058853,236.55361817605296,,,,,22075,-2.3674293156419424,,,,,,,0.9917615067127842,0.5528182059941939,1.0656606613758701,,,,,,,,,,,,,,,
76,2,2,238.02000427246094,22,22076,238.02000427246094,237.85000038146973,238.9210474916949,237.78237031228343,0.23763396017750438,0,-0.9686732884202627,-0.9010432192339692,0.17000389099121094,238.02000427246094,237.78237031228343,236.81369702386317,236.88132709304946,237.95237420327464,,,,,22076,-0.9686732884202627,,,,,,,0.6305077683094639,0.19156446759087353,0.7044069229725498,,,,,,,,,,,,,,,
77,2,2,237.9199981689453,22,22077,237.9199981689453,238.25,238.9210474916949,237.78237031228343,0.13762785666187938,0,-1.4686790104661611,-1.0010493227495942,-0.3300018310546875,237.9199981689453,237.78237031228343,236.31369130181727,236.78132098953384,237.45236848122875,,,,,22077,-1.4686790104661611,,,,,,,1.4205105911854405,0.9815672904668502,1.4944097458485264,,,,,,,,,,,,,,,
78,2,2,237.3300018310547,22,22078,237.3300018310547,238.08250045776367,238.9210474916949,237.78237031228343,-0.4523684812287456,0,-1.891175806120458,-1.5910456606402192,-0.7524986267089844,237.3300018310547,237.78237031228343,235.89119450616298,236.1913246516432,237.02987168557445,,,,,22078,-1.891175806120458,,,,,,,1.6280186783436437,1.1890753776250533,1.7019178330067295,,,,,,,,,,,,,,,
79,2,2,236.80999755859375,22,22079,236.80999755859375,237.1425018310547,238.9210474916949,237.78237031228343,-0.9723727536896831,0,-1.4711814518724111,-2.1110499331011567,-0.3325042724609375,236.80999755859375,237.78237031228343,236.31118886041102,235.67132037918228,237.4498660398225,,,,,22079,-1.4711814518724111,,,,,,,1.368005098021378,0.9290617973027877,1.4419042526844639,,,,,,,,,,,,,,,
80,2,2,236.9199981689453,22,22080,236.9199981689453,238.05749893188477,238.9210474916949,237.78237031228343,-0.8623721433381206,0,-2.2761779423509267,-2.0010493227495942,-1.1375007629394531,236.9199981689453,237.78237031228343,235.5061923699325,235.78132098953384,236.64486954934398,,,,,22080,-2.2761779423509267,,,,,,,1.7830098282459874,1.344066527527397,1.8569089829090732,,,,,,,,,,,,,,,
81,2,2,236.72999572753906,22,22081,236.72999572753906,237.87625122070312,238.9210474916949,237.78237031228343,-1.0523745847443706,0,-2.284932672575536,-2.1910517641558442,-1.1462554931640625,236.72999572753906,237.78237031228343,235.4974376397079,235.5913185481276,236.63611481911937,,,,,22081,-2.284932672575536,,,,,,,0.374261201537003,-0.0646820991815874,0.4481603562000888,,,,,,,,,,,,,,,
82,2,2,236.44000244140625,22,22082,236.44000244140625,237.49999809265137,238.9210474916949,237.78237031228343,-1.3423678708771831,0,-2.198672830656591,-2.4810450502886567,-1.0599956512451172,236.44000244140625,237.78237031228343,235.58369748162684,235.30132526199478,236.72237466103832,,,,,22082,-2.198672830656591,,,,,,,1.6405137192371984,1.201570418518608,1.7144128739002842,,,,,,,,,,,,,,,
83,2,2,237.3800048828125,22,22083,237.3800048828125,237.82250213623047,238.9210474916949,237.78237031228343,-0.4023654294709331,0,-1.5811744328294424,-1.5410426088824067,-0.44249725341796875,237.3800048828125,237.78237031228343,236.201195879454,236.24132770340103,237.33987305886546,,,,,22083,-1.5811744328294424,,,,,,,1.3480084549549718,0.9090651542363815,1.4219076096180576,,,,,,,,,,,,,,,
84,2,2,237.7823703122834,22,22084,237.7823703122834,237.66309135736773,238.9210474916949,237.78237031228343,-0.00000000000002842170943040401,0,-1.0193982244958022,-1.138677179411502,0.11927895491567142,237.7823703122834,237.78237031228343,236.76297208778763,236.64369313287193,237.9016492671991,,,,,22084,-1.0193982244958022,,,,,,,0.5574222855755197,0.11847898485692931,0.6313214402386056,,,,,,,,,,,,,,,
85,2,2,238.86000061035156,22,22085,238.86000061035156,237.7375030517578,238.9210474916949,237.78237031228343,1.0776302980681294,0,-0.016179620817723617,-0.06104688134334424,1.12249755859375,238.86000061035156,237.78237031228343,237.7661906914657,237.7213234309401,238.90486787087718,,,,,22085,-0.016179620817723617,,,,,,,1.033013642943253,0.5940703422246626,1.1069127976063389,,,,,,,,,,,,,,,
86,2,2,238.49000549316406,22,22086,238.49000549316406,237.9612522125244,238.9210474916949,237.78237031228343,0.7076351808806294,0,-0.6099238987718252,-0.43104199853084424,0.5287532806396484,238.49000549316406,237.78237031228343,237.1724464135116,237.3513283137526,238.31112359292308,,,,,22086,-0.6099238987718252,,,,,,,1.359267533934464,0.9203242332158736,1.4331666885975498,,,,,,,,,,,,,,,
87,2,2,238.22000122070312,22,22087,238.22000122070312,237.7824993133545,238.9210474916949,237.78237031228343,0.4376309084196919,0,-0.7011752720628408,-0.7010462709917817,0.4375019073486328,238.22000122070312,237.78237031228343,237.0811950402206,237.08132404129165,238.21987221963207,,,,,22087,-0.7011752720628408,,,,,,,0.6680100571278232,0.2290667564092329,0.7419092117909092,,,,,,,,,,,,,,,
88,2,2,239.25999450683594,22,22088,239.25999450683594,238.04999923706055,238.9210474916949,237.78237031228343,1.4776241945525044,0,0.07131809036391701,0.33894701514103076,1.2099952697753906,239.25999450683594,237.78237031228343,237.85368840264735,238.12131732742446,238.99236558205882,,,,,22088,0.07131809036391701,,,,,,,2.0205205093983314,1.5815772086797408,2.0944196640614168,,,,,,,,,,,,,,,
89,2,2,238.83999633789063,22,22089,238.83999633789063,237.9699993133545,238.9210474916949,237.78237031228343,1.0576260256071919,0,-0.2686801548753408,-0.08105115380428174,0.8699970245361328,238.83999633789063,237.78237031228343,237.5136901574081,237.70131915847915,238.65236733681957,,,,,22089,-0.2686801548753408,,,,,,,2.0505173813465736,1.611574080627983,2.124416536009659,,,,,,,,,,,,,,,
90,2,2,238.08999633789062,22,22090,238.08999633789062,237.40374946594238,238.9210474916949,237.78237031228343,0.3076260256071919,0,-0.45243030746323143,-0.8310511538042817,0.6862468719482422,238.08999633789062,237.78237031228343,237.3299400048202,236.95131915847915,238.46861718423168,,,,,22090,-0.45243030746323143,,,,,,,1.0967629562977452,0.6578196555791549,1.170662110960831,,,,,,,,,,,,,,,
91,2,2,239.32000732421875,22,22091,239.32000732421875,237.67125129699707,238.9210474916949,237.78237031228343,1.5376370119353169,0,0.5100788478102061,0.39895983252384326,1.6487560272216797,239.32000732421875,237.78237031228343,238.29244916009364,238.18133014480728,239.4311263395051,,,,,22091,0.5100788478102061,,,,,,,1.9292672287586827,1.4903239280400924,2.0031663834217683,,,,,,,,,,,,,,,
92,2,2,238.6699981689453,22,22092,238.6699981689453,237.9162483215332,238.9210474916949,237.78237031228343,0.8876278566618794,0,-0.38492733199936424,-0.25104932274959424,0.7537498474121094,238.6699981689453,237.78237031228343,237.39744298028407,237.53132098953384,238.53612015969554,,,,,22092,-0.38492733199936424,,,,,,,0.8542683731678623,0.41532507244927197,0.9281675278309483,,,,,,,,,,,,,,,
93,2,2,237.6300048828125,22,22093,237.6300048828125,236.86500358581543,238.9210474916949,237.78237031228343,-0.15236542947093312,0,-0.3736758824144033,-1.2910426088824067,0.7650012969970703,237.6300048828125,237.78237031228343,237.40869442986903,236.49132770340103,238.5473716092805,,,,,22093,-0.3736758824144033,,,,,,,1.3455155502918859,0.9065722495732955,1.4194147049549717,,,,,,,,,,,,,,,
94,2,2,238.49000549316406,22,22094,238.49000549316406,237.7887477874756,238.9210474916949,237.78237031228343,0.7076351808806294,0,-0.43741947372299705,-0.43104199853084424,0.7012577056884766,238.49000549316406,237.78237031228343,237.34495083856044,237.3513283137526,238.4836280179719,,,,,22094,-0.43741947372299705,,,,,,,0.641757310545792,0.20281400982720166,0.7156564652088779,,,,,,,,,,,,,,,
95,2,2,239.44000244140625,22,22095,239.44000244140625,237.8300018310547,238.9210474916949,237.78237031228343,1.6576321291228169,0,0.4713234309400889,0.5189549497113433,1.6100006103515625,239.44000244140625,237.78237031228343,238.25369374322352,238.30132526199478,239.392370922635,,,,,22095,0.4713234309400889,,,,,,,1.0405057083729405,0.6015624076543501,1.1144048630360264,,,,,,,,,,,,,,,
96,2,2,238.19000244140625,22,22096,238.19000244140625,237.75000190734863,238.9210474916949,237.78237031228343,0.4076321291228169,0,-0.6986766453538564,-0.7310450502886567,0.4400005340576172,238.19000244140625,237.78237031228343,237.08369366692958,237.05132526199478,238.22237084634105,,,,,22096,-0.6986766453538564,,,,,,,0.22051173559462017,-0.21843156512397022,0.294410890257706,,,,,,,,,,,,,,,
97,2,2,238.32000732421875,22,22097,238.32000732421875,237.61750030517578,238.9210474916949,237.78237031228343,0.5376370119353169,0,-0.43617016036850487,-0.6010401674761567,0.7025070190429688,238.32000732421875,237.78237031228343,237.34620015191493,237.18133014480728,238.4848773313264,,,,,22097,-0.43617016036850487,,,,,,,0.7130139481190342,0.27407064740044385,0.7869131027821201,,,,,,,,,,,,,,,
98,2,2,240.5,22,22098,240.5,238.59249877929687,238.9210474916949,237.78237031228343,2.717629687716567,0,0.7688240412916514,1.5789525083050933,1.907501220703125,240.5,237.78237031228343,238.55119435357508,239.36132282058853,239.68987153298656,,,,,22098,0.7688240412916514,,,,,,,1.1680081497791905,0.7290648490606002,1.2419073044422764,,,,,,,,,,,,,,,
99,2,2,240.1199951171875,22,22099,240.1199951171875,238.17184227289505,238.9210474916949,237.78237031228343,2.337624804904067,0,0.8094756648809778,1.1989476254925933,1.9481528442924514,240.1199951171875,237.78237031228343,238.5918459771644,238.98131793777603,239.73052315657588,,,,,22099,0.8094756648809778,,,,,,,2.718669538993517,2.2797262382749266,2.7925686936566025,,,,,,,,,,,,,,,
100,2,2,240.1300048828125,22,22100,240.1300048828125,238.0587501525879,238.9210474916949,237.78237031228343,2.347634570529067,0,0.9325775508131358,1.2089573911175933,2.0712547302246094,240.1300048828125,237.78237031228343,238.71494786309657,238.99132770340103,239.85362504250804,,,,,22100,0.9325775508131358,,,,,,,-1.668238340699325,-2.1071816414179154,-1.5943391860362393,,,,,,,,,,,,,,,
1,3,1,236.08999633789063,31,31001,236.08999633789063,237.25749969482422,236.5108240388162,237.78237031228343,-1.6923739743928081,0,0.10404291653364339,-0.420827700925571,-1.1675033569335937,236.08999633789063,237.78237031228343,237.88641322881708,237.36154261135786,236.61486695534984,,,,,31001,0.10404291653364339,,,,,,,-0.1483124100330967,-0.37320014953613284,-0.8557429223006217,,,,,,,,,,,,,,,
2,3,1,234.64999389648437,31,31002,234.64999389648437,237.84124755859375,236.5108240388162,237.78237031228343,-3.132376415799058,0,-1.9197073886421379,-1.860830142331821,-3.191253662109375,234.64999389648437,237.78237031228343,235.8626629236413,235.9215401699516,234.59111665017406,,,,,31002,-1.9197073886421379,,,,,,,-1.732060273802628,-1.9569480133056643,-2.439490786070153,,,,,,,,,,,,,,,
3,3,1,234.00999450683594,31,31003,234.00999450683594,237.30999946594238,236.5108240388162,237.78237031228343,-3.7723758054474956,0,-2.028458685639208,-2.5008295319802585,-3.3000049591064453,234.00999450683594,237.78237031228343,235.75391162664422,235.28154078030317,234.482365353177,,,,,31003,-2.028458685639208,,,,,,,-0.33081706396376076,-0.5557048034667969,-1.0382475762312857,,,,,,,,,,,,,,,
4,3,1,235.44000244140625,31,31004,235.44000244140625,237.61529812009013,236.5108240388162,237.78237031228343,-2.342367870877183,0,-0.9037494052166437,-1.070821597409946,-2.175295678683881,235.44000244140625,237.78237031228343,236.8786209070668,236.7115487148735,235.60707463359955,,,,,31004,-0.9037494052166437,,,,,,,1.3738940475134913,1.1490063080104551,0.6664635352459662,,,,,,,,,,,,,,,
5,3,1,237.08999633789062,31,31005,237.08999633789062,238.04625129699707,236.5108240388162,237.78237031228343,-0.6923739743928081,0,0.31529131436079183,0.579172299074429,-0.9562549591064453,237.08999633789062,237.78237031228343,238.09766162664422,238.36154261135786,236.826115353177,,,,,31005,0.31529131436079183,,,,,,,0.7529384292003017,0.5280506896972657,0.045507916932776726,,,,,,,,,,,,,,,
6,3,1,234.61000061035156,31,31006,234.61000061035156,237.98250007629395,236.5108240388162,237.78237031228343,-3.1723697019318706,0,-2.1009531924751457,-1.9008234284646335,-3.372499465942383,234.61000061035156,237.78237031228343,235.6814171198083,235.8815468838188,234.40987084634105,,,,,31006,-2.1009531924751457,,,,,,,1.3466884292003019,1.1218006896972657,0.6392579169327768,,,,,,,,,,,,,,,
7,3,1,233.5500030517578,31,31007,233.5500030517578,237.35875129699707,236.5108240388162,237.78237031228343,-4.232367260525621,0,-2.5372019717720207,-2.9608209870583835,-3.808748245239258,233.5500030517578,237.78237031228343,235.2451683405114,234.82154932522505,233.97362206704418,,,,,31007,-2.5372019717720207,,,,,,,0.36043659814561424,0.1355488586425781,-0.3469939141219108,,,,,,,,,,,,,,,
8,3,1,236.3800048828125,31,31008,236.3800048828125,237.80000114440918,236.5108240388162,237.78237031228343,-1.4023654294709331,0,-0.14844998812944254,-0.13081915600369598,-1.4199962615966797,236.3800048828125,237.78237031228343,237.633920324154,237.65155115627974,236.36237405068675,,,,,31008,-0.14844998812944254,,,,,,,0.43919102319444236,0.21430328369140622,-0.26823948907308265,,,,,,,,,,,,,,,
9,3,1,235.52000427246094,31,31009,235.52000427246094,237.82499885559082,236.5108240388162,237.78237031228343,-2.2623660398224956,0,-1.0334483096626457,-0.9908197663552585,-2.304994583129883,235.52000427246094,237.78237031228343,236.7489220026208,236.79155054592817,235.47737572915355,,,,,31009,-1.0334483096626457,,,,,,,0.7641841567393642,0.5392964172363282,0.056753644471839226,,,,,,,,,,,,,,,
10,3,1,235.6300048828125,31,31010,235.6300048828125,237.77375411987305,236.5108240388162,237.78237031228343,-2.152365429470933,0,-0.8722029635933097,-0.880819156003696,-2.143749237060547,235.6300048828125,237.78237031228343,236.91016734869012,236.90155115627974,235.6386210752229,,,,,31010,-0.8722029635933097,,,,,,,1.2654410994883878,1.0405533599853516,0.5580105872208627,,,,,,,,,,,,,,,
11,3,1,236.77000427246094,31,31011,236.77000427246094,237.79500198364258,236.5108240388162,237.78237031228343,-1.0123660398224956,0,0.24654856228559652,0.2591802336447415,-1.0249977111816406,236.77000427246094,237.78237031228343,238.02891887456903,238.04155054592817,236.7573726011018,,,,,31011,0.24654856228559652,,,,,,,0.8841926253672939,0.6593048858642578,0.1767621130997689,,,,,,,,,,,,,,,
12,3,1,236.02999877929687,31,31012,236.02999877929687,237.82000160217285,236.5108240388162,237.78237031228343,-1.7523715329865581,0,-0.5184565494087394,-0.480825259519321,-1.7900028228759766,236.02999877929687,237.78237031228343,237.2639137628747,237.3015450527641,235.99236748940746,,,,,31012,-0.5184565494087394,,,,,,,1.0691844619151456,0.8442967224121094,0.3617539496476205,,,,,,,,,,,,,,,
13,3,1,237.10000610351562,31,31013,237.10000610351562,238.0974998474121,236.5108240388162,237.78237031228343,-0.6823642087678081,0,0.27405252957075277,0.589182064699429,-0.9974937438964844,237.10000610351562,237.78237031228343,238.0564228418542,238.37155237698286,236.78487656838695,,,,,31013,0.27405252957075277,,,,,,,0.7016898787852627,0.47680213928222653,-0.005740633482262336,,,,,,,,,,,,,,,
14,3,1,237.1199951171875,31,31014,237.1199951171875,237.29000091552734,236.5108240388162,237.78237031228343,-0.6623751950959331,0,1.1015404751273934,0.609171078371304,-0.17000579833984375,237.1199951171875,237.78237031228343,238.88391078741083,238.39154139065474,237.6123645139436,,,,,31014,1.1015404751273934,,,,,,,-5.250805696165909,-5.475693435668945,-5.958236208433434,,,,,,,,,,,,,,,
15,3,1,235.77000427246094,31,31015,235.77000427246094,238.42374992370605,236.5108240388162,237.78237031228343,-2.0123660398224956,0,-1.38219937777788,-0.7408197663552585,-2.653745651245117,235.77000427246094,237.78237031228343,236.40017093450555,237.04155054592817,235.12862466103832,,,,,31015,-1.38219937777788,,,,,,,-1.8045681320789952,-2.0294558715820314,-2.5119986443465203,,,,,,,,,,,,,,,
16,3,1,235.3800048828125,31,31016,235.3800048828125,237.71875190734863,236.5108240388162,237.78237031228343,-2.402365429470933,0,-1.0672007510688957,-1.130819156003696,-2.338747024536133,235.3800048828125,237.78237031228343,236.71516956121454,236.65155115627974,235.4436232877473,,,,,31016,-1.0672007510688957,,,,,,,0.5604335463878017,0.3355458068847656,-0.14699696587972327,,,,,,,,,,,,,,,
17,3,1,235.8000030517578,31,31017,235.8000030517578,238.00875091552734,236.5108240388162,237.78237031228343,-1.9823672605256206,0,-0.9372015903022941,-0.7108209870583835,-2.2087478637695313,235.8000030517578,237.78237031228343,236.84516872198114,237.07154932522505,235.5736224485139,,,,,31017,-0.9372015903022941,,,,,,,0.9304382003184658,0.7055504608154297,0.2230076880509408,,,,,,,,,,,,,,,
18,3,1,234.17999267578125,31,31018,234.17999267578125,237.62374877929687,236.5108240388162,237.78237031228343,-3.602377636502183,0,-2.172209830048388,-2.330831363034946,-3.443756103515625,234.17999267578125,237.78237031228343,235.61016048223505,235.4515389492485,234.3386142087678,,,,,31018,-2.172209830048388,,,,,,,0.03544155725205955,-0.1894461822509766,-0.6719889550154654,,,,,,,,,,,,,,,
19,3,1,234.67999267578125,31,31019,234.67999267578125,237.7199993133545,236.5108240388162,237.78237031228343,-3.102377636502183,0,-1.768460364106005,-1.830831363034946,-3.040006637573242,234.67999267578125,237.78237031228343,236.01390994817743,235.9515389492485,234.7423636747102,,,,,31019,-1.768460364106005,,,,,,,0.019192854249129865,-0.20569488525390628,-0.6882376580183951,,,,,,,,,,,,,,,
20,3,1,234.44000244140625,31,31020,234.44000244140625,237.57000160217285,236.5108240388162,237.78237031228343,-3.342367870877183,0,-1.8584528872993644,-2.070821597409946,-3.1299991607666016,234.44000244140625,237.78237031228343,235.92391742498407,235.7115487148735,234.65237115151683,,,,,31020,-1.8584528872993644,,,,,,,0.2291881240245205,0.004300384521484346,-0.4782423882430045,,,,,,,,,,,,,,,
21,3,1,235.05999755859375,31,31021,235.05999755859375,237.69250106811523,236.5108240388162,237.78237031228343,-2.722372753689683,0,-1.3609572360542472,-1.450826480222446,-2.6325035095214844,235.05999755859375,237.78237031228343,236.4214130762292,236.331543832061,235.14986680276195,,,,,31021,-1.3609572360542472,,,,,,,-0.11331256262098732,-0.33820030212402347,-0.8207430748885123,,,,,,,,,,,,,,,
22,3,1,236.02000427246094,31,31022,236.02000427246094,237.7037525177002,236.5108240388162,237.78237031228343,-1.7623660398224956,0,-0.41220197177202067,-0.4908197663552585,-1.6837482452392578,236.02000427246094,237.78237031228343,237.3701683405114,237.29155054592817,236.09862206704418,,,,,31022,-0.41220197177202067,,,,,,,-0.02455790869032326,-0.2494456481933594,-0.7319884209578482,,,,,,,,,,,,,,,
23,3,1,235.63999938964844,31,31023,235.63999938964844,237.67500114440918,236.5108240388162,237.78237031228343,-2.1423709226349956,0,-0.763455481293505,-0.8708246491677585,-2.035001754760742,235.63999938964844,237.78237031228343,237.01891483098993,236.91154566311567,235.7473685575227,,,,,31023,-0.763455481293505,,,,,,,-0.035815080321182635,-0.2607028198242188,-0.7432455925887076,,,,,,,,,,,,,,,
24,3,1,236.35000610351562,31,31024,236.35000610351562,237.81250190734863,236.5108240388162,237.78237031228343,-1.4323642087678081,0,-0.19094953036577067,-0.16081793530057098,-1.4624958038330078,236.35000610351562,237.78237031228343,237.59142078191766,237.62155237698286,236.31987450845043,,,,,31024,-0.19094953036577067,,,,,,,0.06668964990342674,-0.1581980895996094,-0.6407408623640982,,,,,,,,,,,,,,,
25,3,1,236.35000610351562,31,31025,236.35000610351562,237.72904667050517,236.5108240388162,237.78237031228343,-1.4323642087678081,0,-0.10749429352230777,-0.16081793530057098,-1.379040566989545,236.35000610351562,237.78237031228343,237.67487601876113,237.62155237698286,236.4033297452939,,,,,31025,-0.10749429352230777,,,,,,,0.6701339004187646,0.4452461609157285,-0.037296611848760375,,,,,,,,,,,,,,,
26,3,1,237.38999938964844,31,31026,237.38999938964844,237.86124992370605,236.5108240388162,237.78237031228343,-0.3923709226349956,0,0.80029573940962,0.8791753508322415,-0.4712505340576172,237.38999938964844,237.78237031228343,238.58266605169305,238.66154566311567,237.31111977822582,,,,,31026,0.80029573940962,,,,,,,1.137936750733505,0.9130490112304688,0.43050623846597985,,,,,,,,,,,,,,,
27,3,1,238.10000610351562,31,31027,238.10000610351562,237.9412498474121,236.5108240388162,237.78237031228343,0.3176357912321919,0,1.4303025295707528,1.589182064699429,0.15875625610351563,238.10000610351562,237.78237031228343,239.2126728418542,239.37155237698286,237.94112656838695,,,,,31027,1.4303025295707528,,,,,,,0.6879417098399502,0.46305397033691403,-0.019488802427574836,,,,,,,,,,,,,,,
28,3,1,238.64999389648437,31,31028,238.64999389648437,238.30749702453613,236.5108240388162,237.78237031228343,0.8676235842009419,0,1.6140431454154793,2.139169857668179,0.3424968719482422,238.64999389648437,237.78237031228343,239.3964134576989,239.9215401699516,238.12486718423168,,,,,31028,1.6140431454154793,,,,,,,0.6716853774424892,0.4467976379394531,-0.035745134825035774,,,,,,,,,,,,,,,
29,3,1,234.38999938964844,31,31029,234.38999938964844,237.5500030517578,236.5108240388162,237.78237031228343,-3.3923709226349956,0,-1.8884573886421379,-2.1208246491677585,-3.160003662109375,234.38999938964844,237.78237031228343,235.8939129236413,235.66154566311567,234.62236665017406,,,,,31029,-1.8884573886421379,,,,,,,1.2691909469004972,1.044303207397461,0.5617604346329721,,,,,,,,,,,,,,,
30,3,1,239.5800018310547,31,31030,239.5800018310547,238.1862506866455,236.5108240388162,237.78237031228343,1.7976315187712544,0,2.665297417876417,3.0691777922384915,1.3937511444091797,239.5800018310547,237.78237031228343,240.44766773015985,240.85154810452192,239.1761214566926,,,,,31030,2.665297417876417,,,,,,,1.1429378188487394,0.9180500793457032,0.4355073065812142,,,,,,,,,,,,,,,
31,3,1,238.64999389648437,31,31031,238.64999389648437,237.5887508392334,236.5108240388162,237.78237031228343,0.8676235842009419,0,2.3327893307182137,2.139169857668179,1.0612430572509766,238.64999389648437,237.78237031228343,240.11515964300165,239.9215401699516,238.8436133695344,,,,,31031,2.3327893307182137,,,,,,,0.7304431594249111,0.505555419921875,0.0230126471573861,,,,,,,,,,,,,,,
32,3,1,238.83999633789063,31,31032,238.83999633789063,237.81749725341797,236.5108240388162,237.78237031228343,1.0576260256071919,0,2.2940453579398934,2.329172299074429,1.0224990844726562,238.83999633789063,237.78237031228343,240.07641567022333,240.11154261135786,238.8048693967561,,,,,31032,2.2940453579398934,,,,,,,0.1816894210215908,-0.04319831848144534,-0.5257410912459342,,,,,,,,,,,,,,,
33,3,1,238.52999877929687,31,31033,238.52999877929687,238.20374870300293,236.5108240388162,237.78237031228343,0.7476284670134419,0,1.5977963497611825,2.019174740480679,0.3262500762939453,238.52999877929687,237.78237031228343,239.38016666204462,239.8015450527641,238.10862038857738,,,,,31033,1.5977963497611825,,,,,,,0.8854343093272549,0.6605465698242188,0.17800379705972985,,,,,,,,,,,,,,,
34,3,1,239.55999755859375,31,31034,239.55999755859375,238.10624885559082,236.5108240388162,237.78237031228343,1.7776272463103169,0,2.725294976470167,3.049173519777554,1.4537487030029297,239.55999755859375,237.78237031228343,240.5076652887536,240.831543832061,239.23611901528636,,,,,31034,2.725294976470167,,,,,,,0.7029353774424892,0.4780476379394531,-0.004495134825035774,,,,,,,,,,,,,,,
35,3,1,238.5399932861328,31,31035,238.5399932861328,237.7324981689453,236.5108240388162,237.78237031228343,0.7576229738493794,0,2.079041390654737,2.0291692473166165,0.8074951171875,238.5399932861328,237.78237031228343,239.86141170293817,239.81153955960005,238.58986542947093,,,,,31035,2.079041390654737,,,,,,,0.6266891158458096,0.4018013763427734,-0.08074139642171546,,,,,,,,,,,,,,,
36,3,1,238.36000061035156,31,31036,238.36000061035156,237.7824993133545,236.5108240388162,237.78237031228343,0.5776302980681294,0,1.8490475704643075,1.8491765715353665,0.5775012969970703,238.36000061035156,237.78237031228343,239.63141788274774,239.6315468838188,238.3598716092805,,,,,31036,1.8490475704643075,,,,,,,0.47668186792100486,0.2517941284179687,-0.23074864434652015,,,,,,,,,,,,,,,
37,3,1,237.97000122070312,31,31037,237.97000122070312,237.78874969482422,236.5108240388162,237.78237031228343,0.18763090841969188,0,1.4527977993461434,1.459177181886929,0.18125152587890625,237.97000122070312,237.78237031228343,239.23516811162958,239.24154749417036,237.96362183816234,,,,,31037,1.4527977993461434,,,,,,,0.9204436934825283,0.6955559539794922,0.2130131812150033,,,,,,,,,,,,,,,
38,3,1,237.77000427246094,31,31038,237.77000427246094,237.7800006866455,236.5108240388162,237.78237031228343,-0.012366039822495623,0,1.2615498592826668,1.2591802336447415,-0.009996414184570313,237.77000427246094,237.78237031228343,239.0439201715661,239.04155054592817,237.77237389809886,,,,,31038,1.2615498592826668,,,,,,,0.5791865981456142,0.3542988586425781,-0.12824391412191077,,,,,,,,,,,,,,,
39,3,1,237.32000732421875,31,31039,237.32000732421875,237.7012481689453,236.5108240388162,237.78237031228343,-0.4623629880646831,0,0.8903054287406746,0.809183285402554,-0.3812408447265625,237.32000732421875,237.78237031228343,238.6726757410241,238.591553597686,237.40112946755687,,,,,31039,0.8903054287406746,,,,,,,0.827937284791122,0.603049545288086,0.12050677252359704,,,,,,,,,,,,,,,
40,3,1,237.7823703122834,31,31040,237.7823703122834,238.24809044184036,236.5108240388162,237.78237031228343,-0.00000000000002842170943040401,0,0.8058261439102807,1.2715462734672087,-0.4657201295569564,237.7823703122834,237.78237031228343,238.5881964561937,239.05391658575064,237.31665018272648,,,,,31040,0.8058261439102807,,,,,,,0.5810980636538859,0.3562103241508498,-0.12633244861363907,,,,,,,,,,,,,,,
41,3,1,236.8300018310547,31,31041,236.8300018310547,238.13125038146973,236.5108240388162,237.78237031228343,-0.9523684812287456,0,-0.02970227694780192,0.3191777922384915,-1.301248550415039,236.8300018310547,237.78237031228343,237.75266803533563,238.10154810452192,236.4811217618684,,,,,31041,-0.02970227694780192,,,,,,,1.0379344619151456,0.8130467224121094,0.3305039496476205,,,,,,,,,,,,,,,
42,3,1,236.44000244140625,31,31042,236.44000244140625,237.57875061035156,236.5108240388162,237.78237031228343,-1.3423678708771831,0,0.13279810452192464,-0.07082159740994598,-1.1387481689453125,236.44000244140625,237.78237031228343,237.91516841680536,237.7115487148735,236.64362214333812,,,,,31042,0.13279810452192464,,,,,,,1.2704421676036222,1.045554428100586,0.5630116553360971,,,,,,,,,,,,,,,
43,3,1,237.19000244140625,31,31043,237.19000244140625,238.16875076293945,236.5108240388162,237.78237031228343,-0.5923678708771831,0,0.292797951934034,0.679178402590054,-0.9787483215332031,237.19000244140625,237.78237031228343,238.07516826421747,238.4615487148735,236.80362199075023,,,,,31043,0.292797951934034,,,,,,,1.1104346907969815,0.8855469512939453,0.4030041785294564,,,,,,,,,,,,,,,
44,3,1,234.3800048828125,31,31044,234.3800048828125,237.55500030517578,236.5108240388162,237.78237031228343,-3.402365429470933,0,-1.903449148896044,-2.130819156003696,-3.1749954223632813,234.3800048828125,237.78237031228343,235.8789211633874,235.65155115627974,234.60737488992015,,,,,31044,-1.903449148896044,,,,,,,1.1941863692637784,0.9692986297607422,0.4867558569962533,,,,,,,,,,,,,,,
45,3,1,235.27999877929687,31,31045,235.27999877929687,237.87750244140625,236.5108240388162,237.78237031228343,-2.502371532986558,0,-1.3259573886421379,-1.230825259519321,-2.597503662109375,235.27999877929687,237.78237031228343,236.4564129236413,236.5515450527641,235.18486665017406,,,,,31045,-1.3259573886421379,,,,,,,0.831690946900497,0.606803207397461,0.12426043463297204,,,,,,,,,,,,,,,
46,3,1,235.05999755859375,31,31046,235.05999755859375,237.68999862670898,236.5108240388162,237.78237031228343,-2.722372753689683,0,-1.3584547946479972,-1.450826480222446,-2.6300010681152344,235.05999755859375,237.78237031228343,236.42391551763544,236.331543832061,235.1523692441682,,,,,31046,-1.3584547946479972,,,,,,,1.1191856063243253,0.8942978668212891,0.41175509405680016,,,,,,,,,,,,,,,
47,3,1,232.97000122070312,31,31047,232.97000122070312,237.30124855041504,236.5108240388162,237.78237031228343,-4.812369091580308,0,-3.059701056244677,-3.540822818113071,-4.331247329711914,232.97000122070312,237.78237031228343,234.72266925603876,234.24154749417036,233.45112298257152,,,,,31047,-3.059701056244677,,,,,,,0.8479320205088955,0.6230442810058594,0.14050150824137048,,,,,,,,,,,,,,,
48,3,1,234.69000244140625,31,31048,234.69000244140625,237.75125122070312,236.5108240388162,237.78237031228343,-3.092367870877183,0,-1.7897025058296379,-1.820821597409946,-3.061248779296875,234.69000244140625,237.78237031228343,235.9926678064538,235.9615487148735,234.72112153298656,,,,,31048,-1.7897025058296379,,,,,,,0.6879378951426846,0.4630501556396484,-0.01949261712484046,,,,,,,,,,,,,,,
49,3,1,234.66000366210937,31,31049,234.66000366210937,237.63250160217285,236.5108240388162,237.78237031228343,-3.122366650174058,0,-1.7009516665962394,-1.850820376706821,-2.9724979400634766,234.66000366210937,237.78237031228343,236.0814186456872,235.9315499355766,234.80987237221996,,,,,31049,-1.7009516665962394,,,,,,,1.7166911757823329,1.4918034362792967,1.009260663514808,,,,,,,,,,,,,,,
50,3,1,235.66000366210937,31,31050,235.66000366210937,237.75500106811523,236.5108240388162,237.78237031228343,-2.122366650174058,0,-0.8234511325386222,-0.850820376706821,-2.0949974060058594,235.66000366210937,237.78237031228343,236.9589191797448,236.9315499355766,235.68737290627757,,,,,31050,-0.8234511325386222,,,,,,,0.4141837752696377,0.18929603576660153,-0.29324673699788734,,,,,,,,,,,,,,,
51,3,1,236.41000366210937,31,31051,236.41000366210937,237.72875213623047,236.5108240388162,237.78237031228343,-1.3723666501740581,0,-0.04720220065385661,-0.10082037670682098,-1.3187484741210937,236.41000366210937,237.78237031228343,237.73516811162958,237.6815499355766,236.46362183816234,,,,,31051,-0.04720220065385661,,,,,,,1.090441862427841,0.8655541229248047,0.3830113501603158,,,,,,,,,,,,,,,
52,3,1,235.22000122070312,31,31052,235.22000122070312,237.8375015258789,236.5108240388162,237.78237031228343,-2.562369091580308,0,-1.345954031708544,-1.290822818113071,-2.6175003051757813,235.22000122070312,237.78237031228343,236.4364162805749,236.49154749417036,235.16487000710765,,,,,31052,-1.345954031708544,,,,,,,1.7416869796153407,1.5167992401123045,1.0342564673478158,,,,,,,,,,,,,,,
53,3,1,236.83999633789062,31,31053,236.83999633789062,237.29124641418457,236.5108240388162,237.78237031228343,-0.9423739743928081,0,0.8202961971732918,0.329172299074429,-0.4512500762939453,236.83999633789062,237.78237031228343,238.60266650945672,238.11154261135786,237.3311202359895,,,,,31053,0.8202961971732918,,,,,,,2.357934156739364,2.133046417236328,1.650503644471839,,,,,,,,,,,,,,,
54,3,1,237.19000244140625,31,31054,237.19000244140625,238.30249786376953,236.5108240388162,237.78237031228343,-0.5923678708771831,0,0.1590508511039559,0.679178402590054,-1.1124954223632813,237.19000244140625,237.78237031228343,237.9414211633874,238.4615487148735,236.66987488992015,,,,,31054,0.1590508511039559,,,,,,,0.2266875899669033,0.0017998504638671586,-0.4807429223006217,,,,,,,,,,,,,,,
55,3,1,234.55999755859375,31,31055,234.55999755859375,237.54749870300293,236.5108240388162,237.78237031228343,-3.222372753689683,0,-1.7159548709419425,-1.950826480222446,-2.9875011444091797,234.55999755859375,237.78237031228343,236.0664154413415,235.831543832061,234.79486916787425,,,,,31055,-1.7159548709419425,,,,,,,1.20168797143663,0.9768002319335938,0.49425745916910485,,,,,,,,,,,,,,,
56,3,1,235.1999969482422,31,31056,235.1999969482422,237.86374855041504,236.5108240388162,237.78237031228343,-2.5823733640412456,0,-1.3922053287056144,-1.3108270905740085,-2.6637516021728516,235.1999969482422,237.78237031228343,236.39016498357782,236.47154322170942,235.11861871011058,,,,,31056,-1.3922053287056144,,,,,,,0.745438734376083,0.5205509948730469,0.038008222108557976,,,,,,,,,,,,,,,
57,3,1,235.5500030517578,31,31057,235.5500030517578,237.60000038146973,236.5108240388162,237.78237031228343,-2.2323672605256206,0,-0.7784510562446769,-0.9608209870583835,-2.049997329711914,235.5500030517578,237.78237031228343,237.00391925603876,236.82154932522505,235.73237298257152,,,,,31057,-0.7784510562446769,,,,,,,1.309189955079208,1.084302215576172,0.601759442811683,,,,,,,,,,,,,,,
58,3,1,236.74000549316406,31,31058,236.74000549316406,238.00625038146973,236.5108240388162,237.78237031228343,-1.0423648191193706,0,0.00530138516157308,0.22918145434786652,-1.266244888305664,236.74000549316406,237.78237031228343,237.787671697445,238.0115517666313,236.51612542397777,,,,,31058,0.00530138516157308,,,,,,,0.592942396485458,0.36805465698242185,-0.11448811578206702,,,,,,,,,,,,,,,
59,3,1,234.77000427246094,31,31059,234.77000427246094,237.73624992370605,236.5108240388162,237.78237031228343,-3.0123660398224956,0,-1.69469937777788,-1.7408197663552585,-2.966245651245117,234.77000427246094,237.78237031228343,236.08767093450555,236.04155054592817,234.81612466103832,,,,,31059,-1.69469937777788,,,,,,,1.8429385817881923,1.618050842285156,1.1355080695206674,,,,,,,,,,,,,,,
60,3,1,234.8000030517578,31,31060,234.8000030517578,237.47250175476074,236.5108240388162,237.78237031228343,-2.9823672605256206,0,-1.4009524295356925,-1.7108209870583835,-2.6724987030029297,234.8000030517578,237.78237031228343,236.38141788274774,236.07154932522505,235.1098716092805,,,,,31060,-1.4009524295356925,,,,,,,0.8766910231944424,0.6518032836914063,0.16926051092691735,,,,,,,,,,,,,,,
61,3,1,235.4499969482422,31,31061,235.4499969482422,237.87499809265137,236.5108240388162,237.78237031228343,-2.3323733640412456,0,-1.1534548709419425,-1.0608270905740085,-2.4250011444091797,235.4499969482422,237.78237031228343,236.6289154413415,236.72154322170942,235.35736916787425,,,,,31061,-1.1534548709419425,,,,,,,1.2741824782725675,1.0492947387695313,0.5667519660050424,,,,,,,,,,,,,,,
62,3,1,235.30999755859375,31,31062,235.30999755859375,237.4537525177002,236.5108240388162,237.78237031228343,-2.472372753689683,0,-0.8722086856392082,-1.200826480222446,-2.1437549591064453,235.30999755859375,237.78237031228343,236.91016162664422,236.581543832061,235.638615353177,,,,,31062,-0.8722086856392082,,,,,,,1.3654414809581144,1.1405537414550782,0.6580109686905893,,,,,,,,,,,,,,,
63,3,1,236.02999877929687,31,31063,236.02999877929687,237.59249877929687,236.5108240388162,237.78237031228343,-1.7523715329865581,0,-0.29095372653276286,-0.480825259519321,-1.5625,236.02999877929687,237.78237031228343,237.49141658575067,237.3015450527641,236.21987031228343,,,,,31063,-0.29095372653276286,,,,,,,1.1666824019786222,0.941794662475586,0.45925188971109704,,,,,,,,,,,,,,,
64,3,1,236.3699951171875,31,31064,236.3699951171875,238.1437473297119,236.5108240388162,237.78237031228343,-1.4123751950959331,0,-0.5022059390571769,-0.14082892162869598,-1.773752212524414,236.3699951171875,237.78237031228343,237.28016437322626,237.64154139065474,236.00861809975902,,,,,31064,-0.5022059390571769,,,,,,,1.585435072266708,1.360547332763672,0.878004559999183,,,,,,,,,,,,,,,
65,3,1,231.13999938964844,31,31065,231.13999938964844,237.4112491607666,236.5108240388162,237.78237031228343,-6.642370922634996,0,-4.999703497650927,-5.3708246491677585,-6.271249771118164,231.13999938964844,237.78237031228343,232.7826668146325,232.41154566311567,231.51112054116527,,,,,31065,-4.999703497650927,,,,,,,1.8379375136729579,1.6130497741699217,1.130507001405433,,,,,,,,,,,,,,,
66,3,1,237.47999572753906,31,31066,237.47999572753906,238.07999992370605,236.5108240388162,237.78237031228343,-0.3023745847443706,0,0.671542077300245,0.9691716887228665,-0.6000041961669922,237.47999572753906,237.78237031228343,238.45391238958368,238.7515420010063,237.18236611611644,,,,,31066,0.671542077300245,,,,,,,0.5591861403819424,0.3342984008789062,-0.14824437188558265,,,,,,,,,,,,,,,
67,3,1,235.42999267578125,31,31067,235.42999267578125,237.49999809265137,236.5108240388162,237.78237031228343,-2.352377636502183,0,-0.79845914340288,-1.080831363034946,-2.070005416870117,235.42999267578125,237.78237031228343,236.98391116888055,236.7015389492485,235.71236489541332,,,,,31067,-0.79845914340288,,,,,,,0.6991855300303799,0.4742977905273437,-0.008244982237145149,,,,,,,,,,,,,,,
68,3,1,235.10000610351562,31,31068,235.10000610351562,237.77625274658203,236.5108240388162,237.78237031228343,-2.682364208767808,0,-1.404700369599169,-1.410817935300571,-2.6762466430664062,235.10000610351562,237.78237031228343,236.37766994268426,236.37155237698286,235.10612366921703,,,,,31068,-1.404700369599169,,,,,,,1.2629424727794034,1.0380547332763672,0.5555119605118783,,,,,,,,,,,,,,,
69,3,1,235.08999633789062,31,31069,235.08999633789062,237.1733899352215,236.5108240388162,237.78237031228343,-2.692373974392808,0,-0.8118473238636454,-1.420827700925571,-2.0833935973308826,235.08999633789062,237.78237031228343,236.9705229884198,236.36154261135786,235.69897671495255,,,,,31069,-0.8118473238636454,,,,,,,0.32816827220458167,0.10328053270154552,-0.37926224006294335,,,,,,,,,,,,,,,
70,3,1,237.8300018310547,31,31070,237.8300018310547,238.16000175476074,236.5108240388162,237.78237031228343,0.04763151877125438,0,0.9415463497611825,1.3191777922384915,-0.3299999237060547,237.8300018310547,237.78237031228343,238.72391666204462,239.10154810452192,237.45237038857738,,,,,31070,0.9415463497611825,,,,,,,0.029187361085067365,-0.19570037841796878,-0.6782431511824576,,,,,,,,,,,,,,,
71,3,1,238.61000061035156,31,31071,238.61000061035156,237.4950008392334,236.5108240388162,237.78237031228343,0.8276302980681294,0,2.386546044585401,2.0991765715353665,1.114999771118164,238.61000061035156,237.78237031228343,240.16891635686883,239.8815468838188,238.8973700834016,,,,,31071,2.386546044585401,,,,,,,-0.22580989233290139,-0.45069763183593753,-0.9332404046004263,,,,,,,,,,,,,,,
72,3,1,238.07000732421875,31,31072,238.07000732421875,237.99374961853027,236.5108240388162,237.78237031228343,0.2876370119353169,0,1.3478039791557137,1.559183285402554,0.07625770568847656,238.07000732421875,237.78237031228343,239.13017429143915,239.341553597686,237.8586280179719,,,,,31072,1.3478039791557137,,,,,,,-0.3445690476063389,-0.569456787109375,-1.0519995598738638,,,,,,,,,,,,,,,
73,3,1,236.7100067138672,31,31073,236.7100067138672,237.81625175476074,236.5108240388162,237.78237031228343,-1.0723635984162456,0,0.16530123257368246,0.19918267505099152,-1.1062450408935547,236.7100067138672,237.78237031228343,237.94767154485712,237.98155298733442,236.67612527138988,,,,,31073,0.16530123257368246,,,,,,,0.15293614038194236,-0.07195159912109378,-0.5544943718855826,,,,,,,,,,,,,,,
74,3,1,237.6300048828125,31,31074,237.6300048828125,237.46249771118164,236.5108240388162,237.78237031228343,-0.15236542947093312,0,1.4390534450980965,1.119180843996304,0.16750717163085938,237.6300048828125,237.78237031228343,239.22142375738153,238.90155115627974,237.9498774839143,,,,,31074,1.4390534450980965,,,,,,,0.5466834700938564,0.3217957305908203,-0.1607470421736686,,,,,,,,,,,,,,,
75,3,1,237.8300018310547,31,31075,237.8300018310547,237.97875213623047,236.5108240388162,237.78237031228343,0.04763151877125438,0,1.122795968291456,1.3191777922384915,-0.14875030517578125,237.8300018310547,237.78237031228343,238.9051662805749,239.10154810452192,237.63362000710765,,,,,31075,1.122795968291456,,,,,,,0.0704375899669033,-0.15445014953613284,-0.6369929223006217,,,,,,,,,,,,,,,
76,3,1,236.67999267578125,31,31076,236.67999267578125,237.85000038146973,236.5108240388162,237.78237031228343,-1.1023776365021831,0,0.10153856777876058,0.16916863696505402,-1.1700077056884766,236.67999267578125,237.78237031228343,237.8839088800622,237.9515389492485,236.61236260659496,,,,,31076,0.10153856777876058,,,,,,,-0.3008106552723545,-0.5256983947753906,-1.0082411675398795,,,,,,,,,,,,,,,
77,3,1,236.7100067138672,31,31077,236.7100067138672,238.25,236.5108240388162,237.78237031228343,-1.0723635984162456,0,-0.26844701266557536,0.19918267505099152,-1.5399932861328125,236.7100067138672,237.78237031228343,237.51392329961786,237.98155298733442,236.24237702615062,,,,,31077,-0.26844701266557536,,,,,,,0.27918545373643455,0.05429771423339841,-0.42824505853109046,,,,,,,,,,,,,,,
78,3,1,238.42999267578125,31,31078,238.42999267578125,238.08250045776367,236.5108240388162,237.78237031228343,0.6476223634978169,0,1.6190384914848153,1.919168636965054,0.3474922180175781,238.42999267578125,237.78237031228343,239.40140880376825,239.7015389492485,238.129862530301,,,,,31078,1.6190384914848153,,,,,,,-1.753311952269425,-1.9781996917724611,-2.46074246453695,,,,,,,,,,,,,,,
79,3,1,237.99000549316406,31,31079,237.99000549316406,237.1425018310547,236.5108240388162,237.78237031228343,0.20763518088062938,0,2.119049935576612,1.4791814543478665,0.847503662109375,237.99000549316406,237.78237031228343,239.90142024786005,239.2615517666313,238.6298739743928,,,,,31079,2.119049935576612,,,,,,,0.17669216760362205,-0.04819557189941409,-0.5307383446639029,,,,,,,,,,,,,,,
80,3,1,237.7899932861328,31,31080,237.7899932861328,238.05749893188477,236.5108240388162,237.78237031228343,0.0076229738493793775,0,1.004040627715284,1.2791692473166165,-0.2675056457519531,237.7899932861328,237.78237031228343,238.78641093999872,239.06153955960005,237.51486466653148,,,,,31080,1.004040627715284,,,,,,,0.10169140466416893,-0.12319633483886722,-0.605739107603356,,,,,,,,,,,,,,,
81,3,1,237.99000549316406,31,31081,237.99000549316406,237.87625122070312,236.5108240388162,237.78237031228343,0.20763518088062938,0,1.3853005459281746,1.4791814543478665,0.1137542724609375,237.99000549316406,237.78237031228343,239.1676708582116,239.2615517666313,237.89612458474437,,,,,31081,1.3853005459281746,,,,,,,0.5929366744395596,0.3680489349365234,-0.11449383782796546,,,,,,,,,,,,,,,
82,3,1,237.39999389648437,31,31082,237.39999389648437,237.49999809265137,236.5108240388162,237.78237031228343,-0.3823764157990581,0,1.171542077300245,0.889169857668179,-0.10000419616699219,237.39999389648437,237.78237031228343,238.95391238958368,238.6715401699516,237.68236611611644,,,,,31082,1.171542077300245,,,,,,,0.059186140381942365,-0.16570159912109378,-0.6482443718855826,,,,,,,,,,,,,,,
83,3,1,237.6699981689453,31,31083,237.6699981689453,237.82250213623047,236.5108240388162,237.78237031228343,-0.11237214333812062,0,1.119042306182081,1.1591741301291165,-0.15250396728515625,237.6699981689453,237.78237031228343,238.9014126184655,238.94154444241255,237.62986634499828,,,,,31083,1.119042306182081,,,,,,,-0.6433075272205968,-0.868195266723633,-1.3507380394881217,,,,,,,,,,,,,,,
84,3,1,237.1699981689453,31,31084,237.1699981689453,237.66309135736773,236.5108240388162,237.78237031228343,-0.6123721433381206,0,0.7784530850448164,0.6591741301291165,-0.4930931884224208,237.1699981689453,237.78237031228343,238.56082339732825,238.44154444241255,237.289277123861,,,,,31084,0.7784530850448164,,,,,,,-0.16153314994164403,-0.38642088944468017,-0.868963662209169,,,,,,,,,,,,,,,
85,3,1,237.60000610351562,31,31085,237.60000610351562,237.7375030517578,236.5108240388162,237.78237031228343,-0.18236420876780812,0,1.1340493252250496,1.089182064699429,-0.1374969482421875,237.60000610351562,237.78237031228343,238.91641963750848,238.87155237698286,237.64487336404125,,,,,31085,1.1340493252250496,,,,,,,1.5516921676036222,1.326804428100586,0.8442616553360971,,,,,,,,,,,,,,,
86,3,1,237.6199951171875,31,31086,237.6199951171875,237.9612522125244,236.5108240388162,237.78237031228343,-0.16237519509593312,0,0.9302891781303231,1.109171078371304,-0.34125709533691406,237.6199951171875,237.78237031228343,238.71265949041376,238.89154139065474,237.44111321694652,,,,,31086,0.9302891781303231,,,,,,,1.027939955079208,0.8030522155761719,0.320509442811683,,,,,,,,,,,,,,,
87,3,1,237.63999938964844,31,31087,237.63999938964844,237.7824993133545,236.5108240388162,237.78237031228343,-0.14237092263499562,0,1.1290463497611825,1.1291753508322415,-0.1424999237060547,237.63999938964844,237.78237031228343,238.91141666204462,238.91154566311567,237.63987038857738,,,,,31087,1.1290463497611825,,,,,,,0.41668430932725486,0.19179656982421872,-0.29074620294027015,,,,,,,,,,,,,,,
88,3,1,238.8699951171875,31,31088,238.8699951171875,238.04999923706055,236.5108240388162,237.78237031228343,1.0876248049040669,0,2.0915421535941903,2.359171078371304,0.8199958801269531,238.8699951171875,237.78237031228343,239.87391246587762,240.14154139065474,238.6023661924104,,,,,31088,2.0915421535941903,,,,,,,1.1191856063243253,0.8942978668212891,0.41175509405680016,,,,,,,,,,,,,,,
89,3,1,237.5,31,31089,237.5,237.9699993133545,236.5108240388162,237.78237031228343,-0.2823703122834331,0,0.801546960112745,0.989175961183804,-0.4699993133544922,237.5,237.78237031228343,238.58391727239618,238.77154627346724,237.31237099892894,,,,,31089,0.801546960112745,,,,,,,0.7891818679210049,0.5642941284179688,0.08175135565347985,,,,,,,,,,,,,,,
90,3,1,237.88999938964844,31,31090,237.88999938964844,237.40374946594238,236.5108240388162,237.78237031228343,0.10762907736500438,0,1.7577961971732918,1.3791753508322415,0.4862499237060547,237.88999938964844,237.78237031228343,239.54016650945672,239.16154566311567,238.2686202359895,,,,,31090,1.7577961971732918,,,,,,,0.30544392236436424,0.0805561828613281,-0.4019865899031608,,,,,,,,,,,,,,,
91,3,1,238.33999633789062,31,31091,238.33999633789062,237.67125129699707,236.5108240388162,237.78237031228343,0.5576260256071919,0,1.9402913143607918,1.829172299074429,0.6687450408935547,238.33999633789062,237.78237031228343,239.72266162664422,239.61154261135786,238.451115353177,,,,,31091,1.9402913143607918,,,,,,,1.8279353774424891,1.603047637939453,1.1205048651749643,,,,,,,,,,,,,,,
92,3,1,237.97000122070312,31,31092,237.97000122070312,237.9162483215332,236.5108240388162,237.78237031228343,0.18763090841969188,0,1.325299172637159,1.459177181886929,0.053752899169921875,237.97000122070312,237.78237031228343,239.1076694849206,239.24154749417036,237.83612321145335,,,,,31092,1.325299172637159,,,,,,,0.9529334700938564,0.7280457305908203,0.2455029578263314,,,,,,,,,,,,,,,
93,3,1,231.6300048828125,31,31093,231.6300048828125,236.86500358581543,236.5108240388162,237.78237031228343,-6.152365429470933,0,-3.9634524295356925,-4.880819156003696,-5.23499870300293,231.6300048828125,237.78237031228343,233.81891788274774,232.90155115627974,232.5473716092805,,,,,31093,-3.9634524295356925,,,,,,,1.20419041284288,0.9793026733398438,0.49675990057535485,,,,,,,,,,,,,,,
94,3,1,237.52999877929687,31,31094,237.52999877929687,237.7887477874756,236.5108240388162,237.78237031228343,-0.2523715329865581,0,1.0127972652885262,1.019174740480679,-0.25874900817871094,237.52999877929687,237.78237031228343,238.79516757757196,238.8015450527641,237.52362130410472,,,,,31094,1.0127972652885262,,,,,,,1.3004352248545987,1.0755474853515625,0.5930047125870737,,,,,,,,,,,,,,,
95,3,1,237.35000610351562,31,31095,237.35000610351562,237.8300018310547,236.5108240388162,237.78237031228343,-0.4323642087678081,0,0.7915505459281746,0.839182064699429,-0.4799957275390625,237.35000610351562,237.78237031228343,238.5739208582116,238.62155237698286,237.30237458474437,,,,,31095,0.7915505459281746,,,,,,,1.6591903365489344,1.4343025970458982,0.9517598242814096,,,,,,,,,,,,,,,
96,3,1,237.25,31,31096,237.25,237.75000190734863,236.5108240388162,237.78237031228343,-0.5323703122834331,0,0.7715443661186043,0.739175961183804,-0.5000019073486328,237.25,237.78237031228343,238.55391467840204,238.52154627346724,237.2823684049348,,,,,31096,0.7715443661186043,,,,,,,0.8491908706065517,0.6243031311035157,0.14176035833902673,,,,,,,,,,,,,,,
97,3,1,237.25,31,31097,237.25,237.61750030517578,236.5108240388162,237.78237031228343,-0.5323703122834331,0,0.9040459682914559,0.739175961183804,-0.36750030517578125,237.25,237.78237031228343,238.6864162805749,238.52154627346724,237.41487000710765,,,,,31097,0.9040459682914559,,,,,,,1.0016814864512784,0.7767937469482422,0.2942509741837533,,,,,,,,,,,,,,,
98,3,1,238.47000122070312,31,31098,238.47000122070312,238.59249877929687,236.5108240388162,237.78237031228343,0.6876309084196919,0,1.1490487148734871,1.959177181886929,-0.12249755859375,238.47000122070312,237.78237031228343,238.93141902715692,239.74154749417036,237.65987275368968,,,,,31098,1.1490487148734871,,,,,,,1.2866927779551847,1.0618050384521485,0.5792622656876596,,,,,,,,,,,,,,,
99,3,1,237.4199981689453,31,31099,237.4199981689453,238.17184227289505,236.5108240388162,237.78237031228343,-0.3623721433381206,0,0.519702169517501,0.9091741301291165,-0.7518441039497361,237.4199981689453,237.78237031228343,238.30207248180093,238.69154444241255,237.0305262083337,,,,,31099,0.519702169517501,,,,,,,0.42735050506013594,0.2024627655570998,-0.28008000720738907,,,,,,,,,,,,,,,
100,3,1,237.30999755859375,31,31100,237.30999755859375,238.0587501525879,236.5108240388162,237.78237031228343,-0.4723727536896831,0,0.5227936794730965,0.799173519777554,-0.7487525939941406,237.30999755859375,237.78237031228343,238.30516399175653,238.581543832061,237.0336177182893,,,,,31100,0.5227936794730965,,,,,,,0.6104346907969814,0.3855469512939453,-0.09699582147054359,,,,,,,,,,,,,,,
1,3,2,232.3000030517578,32,32001,232.3000030517578,237.25749969482422,236.97524732079648,237.78237031228343,-5.482367260525621,0,-4.150373651579457,-4.6752442690386715,-4.957496643066406,232.3000030517578,237.78237031228343,233.63199666070398,233.10712604324476,232.82487366921703,,,,,32001,-4.150373651579457,,,,,,,3.3293328215353695,3.3355066680908205,3.335325377625053,,,,,,,,,,,,,,,
2,3,2,239.67999267578125,32,32002,239.67999267578125,237.84124755859375,236.97524732079648,237.78237031228343,1.8976223634978169,0,2.645868108674449,2.704745354984766,1.8387451171875,239.67999267578125,237.78237031228343,240.42823842095788,240.4871156672682,239.62111542947093,,,,,32002,2.645868108674449,,,,,,,1.6755776335470878,1.681751480102539,1.6815701896367719,,,,,,,,,,,,,,,
3,3,2,237.22000122070312,32,32003,237.22000122070312,237.30999946594238,236.97524732079648,237.78237031228343,-0.5623690915803081,0,0.7171247462476913,0.24475389990664098,-0.08999824523925781,237.22000122070312,237.78237031228343,238.49949505853112,238.02712421219007,237.69237206704418,,,,,32003,0.7171247462476913,,,,,,,1.1868214537375175,1.1929953002929687,1.1928140098272015,,,,,,,,,,,,,,,
4,3,2,237.82000732421875,32,32004,237.82000732421875,237.61529812009013,236.97524732079648,237.78237031228343,0.03763701193531688,0,1.0118321956155683,0.844760003422266,0.20470920412861915,237.82000732421875,237.78237031228343,238.794202507899,238.6271303157057,237.98707951641205,,,,,32004,1.0118321956155683,,,,,,,0.811530734160082,0.8177045807155332,0.817523290249766,,,,,,,,,,,,,,,
5,3,2,238.64999389648437,32,32005,238.64999389648437,238.04625129699707,236.97524732079648,237.78237031228343,0.8676235842009419,0,1.4108655909742538,1.674746575687891,0.6037425994873047,238.64999389648437,237.78237031228343,239.1932359032577,239.45711688797132,238.38611291177074,,,,,32005,1.4108655909742538,,,,,,,0.7005696226828301,0.7067434692382812,0.706562178772514,,,,,,,,,,,,,,,
6,3,2,238.97000122070312,32,32006,238.97000122070312,237.98250007629395,236.97524732079648,237.78237031228343,1.1876309084196919,0,1.7946241358961288,1.994753899906641,0.9875011444091797,238.97000122070312,237.78237031228343,239.57699444817956,239.77712421219007,238.7698714566926,,,,,32006,1.7946241358961288,,,,,,,1.4143299986593925,1.4205038452148437,1.4203225547490765,,,,,,,,,,,,,,,
7,3,2,237.64999389648437,32,32007,237.64999389648437,237.35875129699707,236.97524732079648,237.78237031228343,-0.13237641579905812,0,1.0983655909742538,0.674746575687891,0.2912425994873047,237.64999389648437,237.78237031228343,238.8807359032577,238.45711688797132,238.07361291177074,,,,,32007,1.0983655909742538,,,,,,,1.0380787779562675,1.0442526245117187,1.0440713340459515,,,,,,,,,,,,,,,
8,3,2,237.91000366210937,32,32008,237.91000366210937,237.80000114440918,236.97524732079648,237.78237031228343,0.12763334982594188,0,0.9171255091871444,0.934756341312891,0.11000251770019531,237.91000366210937,237.78237031228343,238.69949582147058,238.71712665359632,237.89237282998363,,,,,32008,0.9171255091871444,,,,,,,0.0668301512472832,0.07300399780273442,0.07282270733696722,,,,,,,,,,,,,,,
9,3,2,237.8000030517578,32,32009,237.8000030517578,237.82499885559082,236.97524732079648,237.78237031228343,0.017632739474379377,0,0.7821271876539413,0.8247557309613285,-0.024995803833007813,237.8000030517578,237.78237031228343,238.56449749993737,238.60712604324476,237.75737450845043,,,,,32009,0.7821271876539413,,,,,,,1.1918263365500175,1.1980001831054687,1.1978188926397015,,,,,,,,,,,,,,,
10,3,2,238.02000427246094,32,32010,238.02000427246094,237.77375411987305,236.97524732079648,237.78237031228343,0.23763396017750438,0,1.0533731440748397,1.0447569516644535,0.24625015258789063,238.02000427246094,237.78237031228343,238.83574345635827,238.8271272639479,238.02862046487132,,,,,32010,1.0533731440748397,,,,,,,0.873075955080291,0.8792498016357422,0.879068511169975,,,,,,,,,,,,,,,
11,3,2,237.22000122070312,32,32011,237.22000122070312,237.79500198364258,236.97524732079648,237.78237031228343,-0.5623690915803081,0,0.23212222854749598,0.24475389990664098,-0.5750007629394531,237.22000122070312,237.78237031228343,238.01449254083093,238.02712421219007,237.20736954934398,,,,,32011,0.23212222854749598,,,,,,,0.14182137744357226,0.14799522399902348,0.14781393353325628,,,,,,,,,,,,,,,
12,3,2,237.86000061035156,32,32012,237.86000061035156,237.82000160217285,236.97524732079648,237.78237031228343,0.07763029806812938,0,0.84712199966566,0.8847532895550785,0.03999900817871094,237.86000061035156,237.78237031228343,238.6294923119491,238.6671236018385,237.82236932046214,,,,,32012,0.84712199966566,,,,,,,0.10682725207736132,0.11300109863281255,0.11281980816704534,,,,,,,,,,,,,,,
13,3,2,238.33999633789062,32,32013,238.33999633789062,238.0974998474121,236.97524732079648,237.78237031228343,0.5576260256071919,0,1.0496194819654647,1.364749017094141,0.24249649047851563,238.33999633789062,237.78237031228343,238.8319897942489,239.14711932937757,238.02486680276195,,,,,32013,1.0496194819654647,,,,,,,1.279325955080291,1.2854998016357422,1.285318511169975,,,,,,,,,,,,,,,
14,3,2,240.0500030517578,32,32014,240.0500030517578,237.29000091552734,236.97524732079648,237.78237031228343,2.2676327394743794,0,3.567125127717418,3.0747557309613285,2.7600021362304687,240.0500030517578,237.78237031228343,241.34949544000085,240.85712604324476,240.5423724485139,,,,,32014,3.567125127717418,,,,,,,2.866823666261932,2.872997512817383,2.8728162223516156,,,,,,,,,,,,,,,
15,3,2,239.4199981689453,32,32015,239.4199981689453,238.42374992370605,236.97524732079648,237.78237031228343,1.6376278566618794,0,1.803371236726207,2.4447508481488285,0.9962482452392578,239.4199981689453,237.78237031228343,239.58574154900964,240.22712116043226,238.7786185575227,,,,,32015,1.803371236726207,,,,,,,1.0530819823019706,1.0592558288574219,1.0590745383916547,,,,,,,,,,,,,,,
16,3,2,238.27000427246094,32,32016,238.27000427246094,237.71875190734863,236.97524732079648,237.78237031228343,0.4876339601775044,0,1.3583753565992538,1.2947569516644535,0.5512523651123047,238.27000427246094,237.78237031228343,239.1407456688827,239.0771272639479,238.33362267739574,,,,,32016,1.3583753565992538,,,,,,,0.9980702330343926,1.0042440795898437,1.0040627891240765,,,,,,,,,,,,,,,
17,3,2,238.5399932861328,32,32017,238.5399932861328,238.00875091552734,236.97524732079648,237.78237031228343,0.7576229738493794,0,1.3383653620924179,1.5647459653363285,0.5312423706054688,238.5399932861328,237.78237031228343,239.12073567437585,239.34711627761976,238.3136126828889,,,,,32017,1.3383653620924179,,,,,,,1.108080380129119,1.1142542266845703,1.114072936218803,,,,,,,,,,,,,,,
18,3,2,239.08999633789063,32,32018,239.08999633789063,237.62374877929687,236.97524732079648,237.78237031228343,1.3076260256071919,0,2.273370550080699,2.114749017094141,1.46624755859375,239.08999633789063,237.78237031228343,240.05574086236413,239.89711932937757,239.24861787087718,,,,,32018,2.273370550080699,,,,,,,1.5230812956564628,1.529255142211914,1.5290738517461469,,,,,,,,,,,,,,,
19,3,2,237.85000610351562,32,32019,237.85000610351562,237.7199993133545,236.97524732079648,237.78237031228343,0.06763579123219188,0,0.9371297816480819,0.874758782719141,0.1300067901611328,237.85000610351562,237.78237031228343,238.71950009393152,238.65712909500257,237.91237710244457,,,,,32019,0.9371297816480819,,,,,,,0.6868252684347832,0.6929991149902344,0.6928178245244672,,,,,,,,,,,,,,,
20,3,2,237.9600067138672,32,32020,237.9600067138672,237.57000160217285,236.97524732079648,237.78237031228343,0.17763640158375438,0,1.197128103181285,0.9847593930707035,0.39000511169433594,237.9600067138672,237.78237031228343,238.97949841546472,238.76712970535414,238.17237542397777,,,,,32020,1.197128103181285,,,,,,,0.8068242003195488,0.812998046875,0.8128167564092328,,,,,,,,,,,,,,,
21,3,2,237.9600067138672,32,32021,237.9600067138672,237.69250106811523,236.97524732079648,237.78237031228343,0.17763640158375438,0,1.0746286372389022,0.9847593930707035,0.2675056457519531,237.9600067138672,237.78237031228343,238.85699894952234,238.76712970535414,238.0498759580354,,,,,32021,1.0746286372389022,,,,,,,0.964323513674041,0.9704973602294922,0.970316069763725,,,,,,,,,,,,,,,
22,3,2,237.58999633789063,32,32022,237.58999633789063,237.7037525177002,236.97524732079648,237.78237031228343,-0.19237397439280812,0,0.6933668116773788,0.614749017094141,-0.11375617980957031,237.58999633789063,237.78237031228343,238.4757371239608,238.39711932937757,237.66861413247386,,,,,32022,0.6933668116773788,,,,,,,0.11307572619845507,0.1192495727539063,0.1190682822881391,,,,,,,,,,,,,,,
23,3,2,237.77000427246094,32,32023,237.77000427246094,237.67500114440918,236.97524732079648,237.78237031228343,-0.012366039822495623,0,0.9021261195387069,0.7947569516644535,0.09500312805175781,237.77000427246094,237.78237031228343,238.68449643182214,238.5771272639479,237.8773734403352,,,,,32023,0.9021261195387069,,,,,,,0.9118313719504082,0.9180052185058594,0.9178239280400922,,,,,,,,,,,,,,,
24,3,2,238.08999633789062,32,32024,238.08999633789062,237.81250190734863,236.97524732079648,237.78237031228343,0.3076260256071919,0,1.0846174220289413,1.114749017094141,0.2774944305419922,238.08999633789062,237.78237031228343,238.86698773431237,238.89711932937757,238.05986474282543,,,,,32024,1.0846174220289413,,,,,,,0.3343281676047051,0.3405020141601563,0.3403207236943891,,,,,,,,,,,,,,,
25,3,2,237.5,32,32025,237.5,237.72904667050517,236.97524732079648,237.78237031228343,-0.2823703122834331,0,0.5780763209817792,0.524752679203516,-0.2290466705051699,237.5,237.78237031228343,238.3604466332652,238.30712299148695,237.55332364177826,,,,,32025,0.5780763209817792,,,,,,,-0.7098499453778023,-0.7036760988223512,-0.7038573892881184,,,,,,,,,,,,,,,
26,3,2,235.3699951171875,32,32026,235.3699951171875,237.86124992370605,236.97524732079648,237.78237031228343,-2.412375195095933,0,-1.6841318150316056,-1.605252203608984,-2.4912548065185547,235.3699951171875,237.78237031228343,236.09823849725183,236.17711810867445,235.29111550576488,,,,,32026,-1.6841318150316056,,,,,,,0.3755764891379082,0.3817503356933594,0.3815690452275922,,,,,,,,,,,,,,,
27,3,2,236.14999389648437,32,32027,236.14999389648437,237.9412498474121,236.97524732079648,237.78237031228343,-1.6323764157990581,0,-0.9841329594407853,-0.825253424312109,-1.7912559509277344,236.14999389648437,237.78237031228343,236.79823735284265,236.95711688797132,235.9911143613557,,,,,32027,-0.9841329594407853,,,,,,,0.1955704619162285,0.20174430847167973,0.20156301800591253,,,,,,,,,,,,,,,
28,3,2,236.85000610351562,32,32028,236.85000610351562,238.30749702453613,236.97524732079648,237.78237031228343,-0.9323642087678081,0,-0.6503679295335587,-0.12524121728085902,-1.4574909210205078,236.85000610351562,237.78237031228343,237.13200238274987,237.65712909500257,236.32487939126293,,,,,32028,-0.6503679295335587,,,,,,,0.6493306090109551,0.6555044555664062,0.655323165100639,,,,,,,,,,,,,,,
29,3,2,237.49000549316406,32,32029,237.49000549316406,237.5500030517578,236.97524732079648,237.78237031228343,-0.2923648191193706,0,0.7471254328931991,0.5147581723675785,-0.05999755859375,237.49000549316406,237.78237031228343,238.52949574517663,238.297128484651,237.72237275368968,,,,,32029,0.7471254328931991,,,,,,,1.4268288542502128,1.433002700805664,1.4328214103398969,,,,,,,,,,,,,,,
30,3,2,236.44000244140625,32,32030,236.44000244140625,238.1862506866455,236.97524732079648,237.78237031228343,-1.3423678708771831,0,-0.9391252537523087,-0.535244879390234,-1.7462482452392578,236.44000244140625,237.78237031228343,236.84324505853112,237.2471254328932,236.03612206704418,,,,,32030,-0.9391252537523087,,,,,,,1.550575726198455,1.5567495727539062,1.556568282288139,,,,,,,,,,,,,,,
31,3,2,231.8300018310547,32,32031,231.8300018310547,237.5887508392334,236.97524732079648,237.78237031228343,-5.952368481228746,0,-4.951626016691762,-5.1452454897417965,-5.758749008178711,231.8300018310547,237.78237031228343,232.83074429559167,232.63712482254164,232.02362130410472,,,,,32031,-4.951626016691762,,,,,,,1.3180737425558768,1.3242475891113281,1.324066298645561,,,,,,,,,,,,,,,
32,3,2,236.1999969482422,32,32032,236.1999969482422,237.81749725341797,236.97524732079648,237.78237031228343,-1.5823733640412456,0,-0.8103773136888322,-0.7752503725542965,-1.6175003051757813,236.1999969482422,237.78237031228343,236.9719929985946,237.00711993972914,236.16487000710765,,,,,32032,-0.8103773136888322,,,,,,,-0.030667788816193364,-0.02449394226074214,-0.024675232726509344,,,,,,,,,,,,,,,
33,3,2,235.24000549316406,32,32033,235.24000549316406,238.20374870300293,236.97524732079648,237.78237031228343,-2.5423648191193706,0,-2.156620218351918,-1.7352418276324215,-2.963743209838867,235.24000549316406,237.78237031228343,235.62575009393152,236.047128484651,234.81862710244457,,,,,32033,-2.156620218351918,,,,,,,1.123074047731658,1.1292478942871094,1.1290666038213422,,,,,,,,,,,,,,,
34,3,2,235.92999267578125,32,32034,235.92999267578125,238.10624885559082,236.97524732079648,237.78237031228343,-1.8523776365021831,0,-1.3691331883226212,-1.045254645015234,-2.1762561798095703,235.92999267578125,237.78237031228343,236.4132371239608,236.7371156672682,235.60611413247386,,,,,32034,-1.3691331883226212,,,,,,,0.7705769469015801,0.7767507934570312,0.776569502991264,,,,,,,,,,,,,,,
35,3,2,234.86000061035156,32,32035,234.86000061035156,237.7324981689453,236.97524732079648,237.78237031228343,-2.9223697019318706,0,-2.065374567106801,-2.1152467104449215,-2.87249755859375,234.86000061035156,237.78237031228343,235.71699574517663,235.6671236018385,234.90987275368968,,,,,32035,-2.065374567106801,,,,,,,0.9643349577658379,0.970508804321289,0.9703275138555219,,,,,,,,,,,,,,,
36,3,2,234.89999389648437,32,32036,234.89999389648437,237.7824993133545,236.97524732079648,237.78237031228343,-2.882376415799058,0,-2.075382425383168,-2.075253424312109,-2.882505416870117,234.89999389648437,237.78237031228343,235.70698788690027,235.70711688797132,234.89986489541332,,,,,32036,-2.075382425383168,,,,,,,0.8143277098410332,0.8205015563964844,0.8203202659307172,,,,,,,,,,,,,,,
37,3,2,235.67999267578125,32,32037,235.67999267578125,237.78874969482422,236.97524732079648,237.78237031228343,-2.102377636502183,0,-1.3016340275560196,-1.295254645015234,-2.1087570190429687,235.67999267578125,237.78237031228343,236.4807362847274,236.4871156672682,235.67361329324046,,,,,32037,-1.3016340275560196,,,,,,,0.5580773283713066,0.5642511749267578,0.5640698844609906,,,,,,,,,,,,,,,
38,3,2,235.52999877929687,32,32038,235.52999877929687,237.7800006866455,236.97524732079648,237.78237031228343,-2.252371532986558,0,-1.4428789158616837,-1.445248541499609,-2.250001907348633,235.52999877929687,237.78237031228343,236.33949139642175,236.33712177078382,235.5323684049348,,,,,32038,-1.4428789158616837,,,,,,,0.8868184019797051,0.8929922485351562,0.892810958069389,,,,,,,,,,,,,,,
39,3,2,235.89999389648437,32,32039,235.89999389648437,237.7012481689453,236.97524732079648,237.78237031228343,-1.8823764157990581,0,-0.9941312809739884,-1.075253424312109,-1.8012542724609375,235.89999389648437,237.78237031228343,236.78823903130944,236.70711688797132,235.9811160398225,,,,,32039,-0.9941312809739884,,,,,,,0.7955727507345879,0.801746597290039,0.8015653068242719,,,,,,,,,,,,,,,
40,3,2,237.6999969482422,32,32040,237.6999969482422,238.24809044184036,236.97524732079648,237.78237031228343,-0.08237336404124562,0,0.2590294978887755,0.7247496274457035,-0.5480934935981736,237.6999969482422,237.78237031228343,238.0413998101722,238.50711993972914,237.23427681868526,,,,,32040,0.2590294978887755,,,,,,,0.16872864678485178,0.174902493340303,0.1747212028745358,,,,,,,,,,,,,,,
41,3,2,237.75999450683594,32,32041,237.75999450683594,238.13125038146973,236.97524732079648,237.78237031228343,-0.022375805447495623,0,0.43586711685316004,0.7847471860394535,-0.37125587463378906,237.75999450683594,237.78237031228343,238.2182374291366,238.5671174983229,237.41111443764964,,,,,32041,0.43586711685316004,,,,,,,0.2855687071554863,0.29174255371093755,0.29156126324517034,,,,,,,,,,,,,,,
42,3,2,234.3699951171875,32,32042,234.3699951171875,237.57875061035156,236.97524732079648,237.78237031228343,-3.412375195095933,0,-2.4016325016771134,-2.605252203608984,-3.2087554931640625,234.3699951171875,237.78237031228343,235.38073781060632,235.17711810867445,234.57361481911937,,,,,32042,-2.4016325016771134,,,,,,,1.4980721403830253,1.5042459869384766,1.5040646964727094,,,,,,,,,,,,,,,
43,3,2,239.11000061035156,32,32043,239.11000061035156,238.16875076293945,236.97524732079648,237.78237031228343,1.3276302980681294,0,1.7483728388990585,2.1347532895550785,0.9412498474121094,239.11000061035156,237.78237031228343,239.5307431511825,239.9171236018385,238.72362015969554,,,,,32043,1.7483728388990585,,,,,,,0.7480683256857598,0.7542421722412109,0.7540608817754437,,,,,,,,,,,,,,,
44,3,2,238.67999267578125,32,32044,238.67999267578125,237.55500030517578,236.97524732079648,237.78237031228343,0.8976223634978169,0,1.9321153620924179,1.704745354984766,1.1249923706054687,238.67999267578125,237.78237031228343,239.71448567437585,239.4871156672682,238.9073626828889,,,,,32044,1.9321153620924179,,,,,,,1.4618248869650565,1.4679987335205078,1.4678174430547406,,,,,,,,,,,,,,,
45,3,2,239.02000427246094,32,32045,239.02000427246094,237.87750244140625,236.97524732079648,237.78237031228343,1.2376339601775044,0,1.9496248225416366,2.0447569516644535,1.1425018310546875,239.02000427246094,237.78237031228343,239.73199513482507,239.8271272639479,238.92487214333812,,,,,32045,1.9496248225416366,,,,,,,1.3493294646017753,1.3555033111572266,1.3553220206914594,,,,,,,,,,,,,,,
46,3,2,238.05999755859375,32,32046,238.05999755859375,237.68999862670898,236.97524732079648,237.78237031228343,0.2776272463103169,0,1.1771219233717147,1.084750237797266,0.3699989318847656,238.05999755859375,237.78237031228343,238.95949223565515,238.8671205500807,238.1523692441682,,,,,32046,1.1771219233717147,,,,,,,1.056822292970916,1.0629961395263672,1.0628148490606,,,,,,,,,,,,,,,
47,3,2,238.08999633789062,32,32047,238.08999633789062,237.30124855041504,236.97524732079648,237.78237031228343,0.3076260256071919,0,1.595870778962535,1.114749017094141,0.7887477874755859,238.08999633789062,237.78237031228343,239.37824109124597,238.89711932937757,238.57111809975902,,,,,32047,1.595870778962535,,,,,,,0.5755772520773613,0.5817510986328125,0.5815698081670453,,,,,,,,,,,,,,,
48,3,2,237.61000061035156,32,32048,237.61000061035156,237.75125122070312,236.97524732079648,237.78237031228343,-0.17236970193187062,0,0.6658723811353866,0.6347532895550785,-0.1412506103515625,237.61000061035156,237.78237031228343,238.44824269341882,238.4171236018385,237.64111970193187,,,,,32048,0.6658723811353866,,,,,,,0.8955788542502129,0.901752700805664,0.9015714103398969,,,,,,,,,,,,,,,
49,3,2,238.3800048828125,32,32049,238.3800048828125,237.63250160217285,236.97524732079648,237.78237031228343,0.5976345705290669,0,1.5546262721265975,1.404757562016016,0.7475032806396484,238.3800048828125,237.78237031228343,239.33699658441003,239.18712787429945,238.52987359292308,,,,,32049,1.5546262721265975,,,,,,,0.9043278624289238,0.910501708984375,0.9103204185186078,,,,,,,,,,,,,,,
50,3,2,237.88999938964844,32,32050,237.88999938964844,237.75500106811523,236.97524732079648,237.78237031228343,0.10762907736500438,0,0.9421213130201522,0.9147520688519535,0.13499832153320313,237.88999938964844,237.78237031228343,238.72449162530359,238.6971223811354,237.91736863381664,,,,,32050,0.9421213130201522,,,,,,,0.841825955080291,0.8479998016357422,0.847818511169975,,,,,,,,,,,,,,,
51,3,2,237.60000610351562,32,32051,237.60000610351562,237.72875213623047,236.97524732079648,237.78237031228343,-0.18236420876780812,0,0.6783769587721054,0.624758782719141,-0.12874603271484375,237.60000610351562,237.78237031228343,238.46074727105554,238.40712909500257,237.6536242795686,,,,,32051,0.6783769587721054,,,,,,,0.24807976977755664,0.25425361633300786,0.25407232586724066,,,,,,,,,,,,,,,
52,3,2,235.24000549316406,32,32052,235.24000549316406,237.8375015258789,236.97524732079648,237.78237031228343,-2.5423648191193706,0,-1.7903730412278946,-1.7352418276324215,-2.5974960327148437,235.24000549316406,237.78237031228343,235.99199727105554,236.047128484651,235.1848742795686,,,,,32052,-1.7903730412278946,,,,,,,2.009325497316619,2.0154993438720705,2.015318053406303,,,,,,,,,,,,,,,
53,3,2,230.30999755859375,32,32053,230.30999755859375,237.29124641418457,236.97524732079648,237.78237031228343,-7.472372753689683,0,-6.174125864103871,-6.665249762202734,-6.98124885559082,230.30999755859375,237.78237031228343,231.60824444817956,231.1171205500807,230.8011214566926,,,,,32053,-6.174125864103871,,,,,,,2.2855763365500175,2.291750183105469,2.2915688926397015,,,,,,,,,,,,,,,
54,3,2,238.39999389648437,32,32054,238.39999389648437,238.30249786376953,236.97524732079648,237.78237031228343,0.6176235842009419,0,0.9046190242017929,1.424746575687891,0.09749603271484375,238.39999389648437,237.78237031228343,238.68698933648523,239.20711688797132,237.87986634499828,,,,,32054,0.9046190242017929,,,,,,,0.9143242766134941,0.9204981231689453,0.9203168327031781,,,,,,,,,,,,,,,
55,3,2,238.72000122070312,32,32055,238.72000122070312,237.54749870300293,236.97524732079648,237.78237031228343,0.9376309084196919,0,1.9796255091871444,1.744753899906641,1.1725025177001953,238.72000122070312,237.78237031228343,239.76199582147058,239.52712421219007,238.95487282998363,,,,,32055,1.9796255091871444,,,,,,,0.7293209959738457,0.7354948425292969,0.7353135520635297,,,,,,,,,,,,,,,
56,3,2,238.3800048828125,32,32056,238.3800048828125,237.86374855041504,236.97524732079648,237.78237031228343,0.5976345705290669,0,1.32337932388441,1.404757562016016,0.5162563323974609,238.3800048828125,237.78237031228343,239.10574963616784,239.18712787429945,238.2986266446809,,,,,32056,1.32337932388441,,,,,,,0.3330845762961113,0.33925842285156255,0.33907713238579534,,,,,,,,,,,,,,,
57,3,2,237.92999267578125,32,32057,237.92999267578125,237.60000038146973,236.97524732079648,237.78237031228343,0.14762236349781688,0,1.1371152857984725,0.954745354984766,0.32999229431152344,237.92999267578125,237.78237031228343,238.9194855980819,238.7371156672682,238.11236260659496,,,,,32057,1.1371152857984725,,,,,,,0.3168187071554863,0.32299255371093755,0.32281126324517034,,,,,,,,,,,,,,,
58,3,2,237.94000244140625,32,32058,237.94000244140625,238.00625038146973,236.97524732079648,237.78237031228343,0.15763212912281688,0,0.7408750514234725,0.964755120609766,-0.06624794006347656,237.94000244140625,237.78237031228343,238.5232453637069,238.7471254328932,237.71612237221996,,,,,32058,0.7408750514234725,,,,,,,0.15057420031954882,0.15674804687500005,0.15656675640923284,,,,,,,,,,,,,,,
59,3,2,238.1699981689453,32,32059,238.1699981689453,237.73624992370605,236.97524732079648,237.78237031228343,0.3876278566618794,0,1.240871236726207,1.1947508481488285,0.4337482452392578,238.1699981689453,237.78237031228343,239.02324154900964,238.97712116043226,238.2161185575227,,,,,32059,1.240871236726207,,,,,,,0.9005703856222832,0.9067442321777344,0.9065629417119672,,,,,,,,,,,,,,,
60,3,2,237.83999633789062,32,32060,237.83999633789062,237.47250175476074,236.97524732079648,237.78237031228343,0.05762602560719188,0,1.174617574616832,0.864749017094141,0.3674945831298828,237.83999633789062,237.78237031228343,238.95698788690027,238.64711932937757,238.14986489541332,,,,,32060,1.174617574616832,,,,,,,0.0843319823019707,0.09050582885742192,0.09032453839165472,,,,,,,,,,,,,,,
61,3,2,237.99000549316406,32,32061,237.99000549316406,237.87499809265137,236.97524732079648,237.78237031228343,0.20763518088062938,0,0.9221303919996444,1.0147581723675785,0.11500740051269531,237.99000549316406,237.78237031228343,238.70450070428308,238.797128484651,237.89737771279613,,,,,32061,0.9221303919996444,,,,,,,0.6518216063254082,0.6579954528808594,0.6578141624150922,,,,,,,,,,,,,,,
62,3,2,237.41000366210937,32,32062,237.41000366210937,237.4537525177002,236.97524732079648,237.78237031228343,-0.3723666501740581,0,0.7633741358961288,0.434756341312891,-0.04374885559082031,237.41000366210937,237.78237031228343,238.54574444817956,238.21712665359632,237.7386214566926,,,,,32062,0.7633741358961288,,,,,,,0.10308121936251757,0.1092550659179688,0.1090737754522016,,,,,,,,,,,,,,,
63,3,2,237.0399932861328,32,32063,237.0399932861328,237.59249877929687,236.97524732079648,237.78237031228343,-0.7423770261506206,0,0.2546174983228866,0.06474596533632848,-0.5525054931640625,237.0399932861328,237.78237031228343,238.03698781060632,237.84711627761976,237.22986481911937,,,,,32063,0.2546174983228866,,,,,,,0.4743294646017754,0.4805033111572266,0.4803220206914594,,,,,,,,,,,,,,,
64,3,2,237.92999267578125,32,32064,237.92999267578125,238.1437473297119,236.97524732079648,237.78237031228343,0.14762236349781688,0,0.593368337556285,0.954745354984766,-0.21375465393066406,237.92999267578125,237.78237031228343,238.37573864983972,238.7371156672682,237.56861565835277,,,,,32064,0.593368337556285,,,,,,,0.5730748106711113,0.5792486572265625,0.5790673667607953,,,,,,,,,,,,,,,
65,3,2,236.8699951171875,32,32065,236.8699951171875,237.4112491607666,236.97524732079648,237.78237031228343,-0.9123751950959331,0,0.26586894790784754,-0.10525220360898402,-0.5412540435791016,236.8699951171875,237.78237031228343,238.04823926019128,237.67711810867445,237.24111626870433,,,,,32065,0.26586894790784754,,,,,,,0.6555790831320488,0.6617529296875,0.6615716392217328,,,,,,,,,,,,,,,
66,3,2,237.3300018310547,32,32066,237.3300018310547,238.07999992370605,236.97524732079648,237.78237031228343,-0.4523684812287456,0,0.057124898835581917,0.3547545102582035,-0.7499980926513672,237.3300018310547,237.78237031228343,237.83949521111902,238.13712482254164,237.03237221963207,,,,,32066,0.057124898835581917,,,,,,,-1.193179614377717,-1.1870057678222656,-1.1871870582880328,,,,,,,,,,,,,,,
67,3,2,237.8300018310547,32,32067,237.8300018310547,237.49999809265137,236.97524732079648,237.78237031228343,0.04763151877125438,0,1.1371267298902694,0.8547545102582035,0.3300037384033203,237.8300018310547,237.78237031228343,238.9194970421737,238.63712482254164,238.11237405068675,,,,,32067,1.1371267298902694,,,,,,,-1.593173510862092,-1.5869996643066406,-1.5871809547724078,,,,,,,,,,,,,,,
68,3,2,237.85000610351562,32,32068,237.85000610351562,237.77625274658203,236.97524732079648,237.78237031228343,0.06763579123219188,0,0.8808763484205429,0.874758782719141,0.07375335693359375,237.85000610351562,237.78237031228343,238.66324666070398,238.65712909500257,237.85612366921703,,,,,32068,0.8808763484205429,,,,,,,-1.7994208405740055,-1.7932469940185545,-1.793428284484322,,,,,,,,,,,,,,,
69,3,2,237.7823703122834,32,32069,237.7823703122834,237.1733899352215,236.97524732079648,237.78237031228343,-0.00000000000002842170943040401,0,1.4161033685488462,0.8071229914869207,0.6089803770618971,237.7823703122834,237.78237031228343,239.19847368083228,238.58949330377035,238.39135068934533,,,,,32069,1.4161033685488462,,,,,,,0.6434383086771428,0.649612155232594,0.6494308647668268,,,,,,,,,,,,,,,
70,3,2,236.35000610351562,32,32070,236.35000610351562,238.16000175476074,236.97524732079648,237.78237031228343,-1.4323642087678081,0,-1.002872659758168,-0.625241217280859,-1.8099956512451172,236.35000610351562,237.78237031228343,236.77949765252527,237.15712909500257,235.97237466103832,,,,,32070,-1.002872659758168,,,,,,,-1.5431704591042794,-1.5369966125488281,-1.5371779030145953,,,,,,,,,,,,,,,
71,3,2,234.58999633789063,32,32071,234.58999633789063,237.4950008392334,236.97524732079648,237.78237031228343,-3.192373974392808,0,-2.0978815098558243,-2.385250982905859,-2.9050045013427734,234.58999633789063,237.78237031228343,235.6844888024276,235.39711932937757,234.87736581094066,,,,,32071,-2.0978815098558243,,,,,,,-1.2281756470925607,-1.2220018005371094,-1.2221830910028766,,,,,,,,,,,,,,,
72,3,2,236.1199951171875,32,32072,236.1199951171875,237.99374961853027,236.97524732079648,237.78237031228343,-1.6623751950959331,0,-1.0666315098558243,-0.855252203608984,-1.8737545013427734,236.1199951171875,237.78237031228343,236.7157388024276,236.92711810867445,235.90861581094066,,,,,32072,-1.0666315098558243,,,,,,,-1.3569293092019357,-1.3507554626464844,-1.3509367531122516,,,,,,,,,,,,,,,
73,3,2,236.49000549316406,32,32073,236.49000549316406,237.81625175476074,236.97524732079648,237.78237031228343,-1.2923648191193706,0,-0.5191232701097306,-0.4852418276324215,-1.3262462615966797,236.49000549316406,237.78237031228343,237.2632470421737,237.297128484651,236.45612405068675,,,,,32073,-0.5191232701097306,,,,,,,-0.8094210694558418,-0.8032472229003906,-0.8034285133661578,,,,,,,,,,,,,,,
74,3,2,235.10000610351562,32,32074,235.10000610351562,237.46249771118164,236.97524732079648,237.78237031228343,-2.682364208767808,0,-1.5553686161790665,-1.875241217280859,-2.3624916076660156,235.10000610351562,237.78237031228343,236.22700169610437,235.90712909500257,235.41987870461742,,,,,32074,-1.5553686161790665,,,,,,,-1.0756774018533029,-1.0695035552978516,-1.0696848457636188,,,,,,,,,,,,,,,
75,3,2,236.7100067138672,32,32075,236.7100067138672,237.97875213623047,236.97524732079648,237.78237031228343,-1.0723635984162456,0,-0.46162243087633215,-0.2652406069292965,-1.2687454223632812,236.7100067138672,237.78237031228343,237.3207478814071,237.51712970535414,236.51362488992015,,,,,32075,-0.46162243087633215,,,,,,,-1.9919257233865055,-1.9857518768310545,-1.985933167296822,,,,,,,,,,,,,,,
76,3,2,237.82000732421875,32,32076,237.82000732421875,237.85000038146973,236.97524732079648,237.78237031228343,0.03763701193531688,0,0.7771299342359725,0.844760003422266,-0.029993057250976563,237.82000732421875,237.78237031228343,238.5595002465194,238.6271303157057,237.75237725503246,,,,,32076,0.7771299342359725,,,,,,,-0.5931696961648262,-0.586995849609375,-0.5871771400751422,,,,,,,,,,,,,,,
77,3,2,237.2899932861328,32,32077,237.2899932861328,238.25,236.97524732079648,237.78237031228343,-0.4923770261506206,0,-0.1528837223802384,0.3147459653363285,-0.9600067138671875,237.2899932861328,237.78237031228343,237.6294865899032,238.09711627761976,236.82236359841625,,,,,32077,-0.1528837223802384,,,,,,,-1.0931754182107247,-1.0870015716552734,-1.0871828621210406,,,,,,,,,,,,,,,
78,3,2,236.55999755859375,32,32078,236.55999755859375,238.08250045776367,236.97524732079648,237.78237031228343,-1.2223727536896831,0,-0.7153799076829728,-0.415249762202734,-1.5225028991699219,236.55999755859375,237.78237031228343,237.06699040460046,237.3671205500807,236.2598674131135,,,,,32078,-0.7153799076829728,,,,,,,-1.5156722138650216,-1.5094983673095703,-1.5096796577753375,,,,,,,,,,,,,,,
79,3,2,234.77000427246094,32,32079,234.77000427246094,237.1425018310547,236.97524732079648,237.78237031228343,-3.0123660398224956,0,-1.565374567106801,-2.2052430483355465,-2.37249755859375,234.77000427246094,237.78237031228343,236.21699574517663,235.5771272639479,235.40987275368968,,,,,32079,-1.565374567106801,,,,,,,-1.0956778596169747,-1.0895040130615234,-1.0896853035272906,,,,,,,,,,,,,,,
80,3,2,235.80999755859375,32,32080,235.80999755859375,238.05749893188477,236.97524732079648,237.78237031228343,-1.9723727536896831,0,-1.4403783818040665,-1.165249762202734,-2.2475013732910156,235.80999755859375,237.78237031228343,236.34199193047937,236.6171205500807,235.53486893899242,,,,,32080,-1.4403783818040665,,,,,,,-1.90067435009549,-1.8945005035400388,-1.8946817940058063,,,,,,,,,,,,,,,
81,3,2,236.49000549316406,32,32081,236.49000549316406,237.87625122070312,236.97524732079648,237.78237031228343,-1.2923648191193706,0,-0.5791227360521134,-0.4852418276324215,-1.3862457275390625,236.49000549316406,237.78237031228343,237.20324757623132,237.297128484651,236.39612458474437,,,,,32081,-0.5791227360521134,,,,,,,-1.9094290803200993,-1.9032552337646482,-1.9034365242304156,,,,,,,,,,,,,,,
82,3,2,235.44000244140625,32,32082,235.44000244140625,237.49999809265137,236.97524732079648,237.78237031228343,-2.342367870877183,0,-1.252872659758168,-1.535244879390234,-2.059995651245117,235.44000244140625,237.78237031228343,236.52949765252527,236.2471254328932,235.72237466103832,,,,,32082,-1.252872659758168,,,,,,,-1.823169238401154,-1.816995391845703,-1.8171766823114703,,,,,,,,,,,,,,,
83,3,2,234.86000061035156,32,32083,234.86000061035156,237.82250213623047,236.97524732079648,237.78237031228343,-2.9223697019318706,0,-2.155378534391957,-2.1152467104449215,-2.9625015258789062,234.86000061035156,237.78237031228343,235.62699177789148,235.6671236018385,234.81986878640453,,,,,32083,-2.155378534391957,,,,,,,-1.205670840574006,-1.1994969940185547,-1.199678284484322,,,,,,,,,,,,,,,
84,3,2,236.3800048828125,32,32084,236.3800048828125,237.66309135736773,236.97524732079648,237.78237031228343,-1.4023654294709331,0,-0.4759634830682842,-0.595242437983984,-1.2830864745552333,236.3800048828125,237.78237031228343,237.30640682921515,237.18712787429945,236.4992838377282,,,,,32084,-0.4759634830682842,,,,,,,-0.6438946322403657,-0.6377207856849145,-0.6379020761506817,,,,,,,,,,,,,,,
85,3,2,235.72999572753906,32,32085,235.72999572753906,237.7375030517578,236.97524732079648,237.78237031228343,-2.0523745847443706,0,-1.200384332731801,-1.2452515932574215,-2.00750732421875,235.72999572753906,237.78237031228343,236.58198597955163,236.537118719026,235.77486298806468,,,,,32085,-1.200384332731801,,,,,,,0.3593239714377129,0.3654978179931641,0.3653165275273969,,,,,,,,,,,,,,,
86,3,2,236.72000122070312,32,32086,236.72000122070312,237.9612522125244,236.97524732079648,237.78237031228343,-1.0623690915803081,0,-0.43412800033433996,-0.255246100093359,-1.241250991821289,236.72000122070312,237.78237031228343,237.3482423119491,237.52712421219007,236.54111932046214,,,,,32086,-0.43412800033433996,,,,,,,-0.23442030651638868,-0.22824645996093745,-0.22842775042670466,,,,,,,,,,,,,,,
87,3,2,236.85000610351562,32,32087,236.85000610351562,237.7824993133545,236.97524732079648,237.78237031228343,-0.9323642087678081,0,-0.12537021835191808,-0.12524121728085902,-0.9324932098388672,236.85000610351562,237.78237031228343,237.65700009393152,237.65712909500257,236.84987710244457,,,,,32087,-0.12537021835191808,,,,,,,-0.3256716798074043,-0.3194978332519531,-0.3196791237177203,,,,,,,,,,,,,,,
88,3,2,237.02999877929687,32,32088,237.02999877929687,238.04999923706055,236.97524732079648,237.78237031228343,-0.7523715329865581,0,-0.21287746627672277,0.05475145850039098,-1.0200004577636719,237.02999877929687,237.78237031228343,237.5694928460067,237.83712177078382,236.76236985451976,,,,,32088,-0.21287746627672277,,,,,,,0.4468216826193535,0.45299552917480473,0.45281423870903753,,,,,,,,,,,,,,,
89,3,2,236.52999877929687,32,32089,236.52999877929687,237.9699993133545,236.97524732079648,237.78237031228343,-1.2523715329865581,0,-0.6328775425706681,-0.445248541499609,-1.4400005340576172,236.52999877929687,237.78237031228343,237.14949276971277,237.33712177078382,236.34236977822582,,,,,32089,-0.6328775425706681,,,,,,,0.1068234373800957,0.11299728393554692,0.11281599346977972,,,,,,,,,,,,,,,
90,3,2,234.4199981689453,32,32090,234.4199981689453,237.40374946594238,236.97524732079648,237.78237031228343,-3.3623721433381206,0,-2.176628305510121,-2.5552491518511715,-2.9837512969970703,234.4199981689453,237.78237031228343,235.6057420067733,235.22712116043226,234.79861901528636,,,,,32090,-2.176628305510121,,,,,,,-0.07692671520779493,-0.0707528686523437,-0.0709341591181109,,,,,,,,,,,,,,,
91,3,2,234.55999755859375,32,32091,234.55999755859375,237.67125129699707,236.97524732079648,237.78237031228343,-3.222372753689683,0,-2.304130746916371,-2.415249762202734,-3.1112537384033203,234.55999755859375,237.78237031228343,235.47823956536706,235.3671205500807,234.6711165738801,,,,,32091,-2.304130746916371,,,,,,,0.8855824400656426,0.8917562866210937,0.8915749961553265,,,,,,,,,,,,,,,
92,3,2,235.94000244140625,32,32092,235.94000244140625,237.9162483215332,236.97524732079648,237.78237031228343,-1.8423678708771831,0,-1.169122888640004,-1.035244879390234,-1.9762458801269531,235.94000244140625,237.78237031228343,236.61324742364343,236.7471254328932,235.80612443215648,,,,,32092,-1.169122888640004,,,,,,,-0.00942373974392774,-0.003249893188476516,-0.003431183654243719,,,,,,,,,,,,,,,
93,3,2,236.69000244140625,32,32093,236.69000244140625,236.86500358581543,236.97524732079648,237.78237031228343,-1.0923678708771831,0,0.6321218470777694,-0.285244879390234,-0.1750011444091797,236.69000244140625,237.78237031228343,238.4144921593612,237.4971254328932,237.60736916787425,,,,,32093,0.6321218470777694,,,,,,,0.0018277098410331982,0.008001556396484422,0.007820265930717218,,,,,,,,,,,,,,,
94,3,2,235.75999450683594,32,32094,235.75999450683594,237.7887477874756,236.97524732079648,237.78237031228343,-2.0223758054474956,0,-1.2216302891526993,-1.2152528139605465,-2.0287532806396484,235.75999450683594,237.78237031228343,236.56074002313073,236.5671174983229,235.75361703164378,,,,,32094,-1.2216302891526993,,,,,,,-0.06191588146756055,-0.05574203491210933,-0.05592332537787653,,,,,,,,,,,,,,,
95,3,2,235.77999877929687,32,32095,235.77999877929687,237.8300018310547,236.97524732079648,237.78237031228343,-2.002371532986558,0,-1.2428800602708634,-1.195248541499609,-2.0500030517578125,235.77999877929687,237.78237031228343,236.53949025201257,236.58712177078382,235.73236726052562,,,,,32095,-1.2428800602708634,,,,,,,0.8468270231955254,0.8530008697509766,0.8528195792852094,,,,,,,,,,,,,,,
96,3,2,237.05999755859375,32,32096,237.05999755859375,237.75000190734863,236.97524732079648,237.78237031228343,-0.7223727536896831,0,0.11711864273206629,0.08475023779726598,-0.6900043487548828,237.05999755859375,237.78237031228343,237.8994889550155,237.8671205500807,237.09236596352855,,,,,32096,0.11711864273206629,,,,,,,-0.3231730530984199,-0.3169992065429687,-0.3171804970087359,,,,,,,,,,,,,,,
97,3,2,235.75,32,32097,235.75,237.61750030517578,236.97524732079648,237.78237031228343,-2.032370312283433,0,-1.0603773136888321,-1.225247320796484,-1.8675003051757812,235.75,237.78237031228343,236.7219929985946,236.55712299148695,235.91487000710765,,,,,32097,-1.0603773136888321,,,,,,,-0.060666568113068364,-0.05449272155761714,-0.054674012023384344,,,,,,,,,,,,,,,
98,3,2,237.55999755859375,32,32098,237.55999755859375,238.59249877929687,236.97524732079648,237.78237031228343,-0.22237275368968312,0,-0.2253782292161759,0.584750237797266,-1.032501220703125,237.55999755859375,237.78237031228343,237.55699208306726,238.3671205500807,236.7498690915803,,,,,32098,-0.2253782292161759,,,,,,,1.1443276335470878,1.150501480102539,1.1503201896367719,,,,,,,,,,,,,,,
99,3,2,237.7823703122834,32,32099,237.7823703122834,238.17184227289505,236.97524732079648,237.78237031228343,-0.00000000000002842170943040401,0,0.4176510308753052,0.8071229914869207,-0.3894719606116439,237.7823703122834,237.78237031228343,238.20002134315874,238.58949330377035,237.3928983516718,,,,,32099,0.4176510308753052,,,,,,,1.1849792571364142,1.1911531036918654,1.1909718132260982,,,,,,,,,,,,,,,
100,3,2,239.4499969482422,32,32100,239.4499969482422,238.0587501525879,236.97524732079648,237.78237031228343,1.6676266359587544,0,2.198369787141246,2.4747496274457035,1.3912467956542969,239.4499969482422,237.78237031228343,239.98074009942468,240.25711993972914,239.17361710793773,,,,,32100,2.198369787141246,,,,,,,1.3080811430685721,1.3142549896240234,1.3140736991582562,,,,,,,,,,,,,,,
1,4,1,235.80999755859375,41,41001,235.80999755859375,237.25749969482422,237.58912375195098,237.78237031228343,-1.9723727536896831,0,-1.2542555758980143,-1.7791261933572287,-1.4475021362304687,235.80999755859375,237.78237031228343,236.52811473638542,236.0032441189262,236.33486817605296,,,,,41001,-1.2542555758980143,,,,,,,-5.189708284056534,-3.768696212768555,-4.299839449400231,,,,,,,,,,,,,,,
2,4,1,235.13999938964844,41,41002,235.13999938964844,237.84124755859375,237.58912375195098,237.78237031228343,-2.6423709226349956,0,-2.508001608612858,-2.449124362302541,-2.7012481689453125,235.13999938964844,237.78237031228343,235.27436870367058,235.3332459499809,235.08112214333812,,,,,41002,-2.508001608612858,,,,,,,1.6065334761973722,3.0275455474853517,2.496402310853675,,,,,,,,,,,,,,,
3,4,1,235.60000610351562,41,41003,235.60000610351562,237.30999946594238,237.58912375195098,237.78237031228343,-2.182364208767808,0,-1.5167468020943033,-1.9891176484353537,-1.7099933624267578,235.60000610351562,237.78237031228343,236.26562351018913,235.79325266384808,236.07237694985668,,,,,41003,-1.5167468020943033,,,,,,,-0.32220988622938573,1.0988021850585938,0.5676589484269174,,,,,,,,,,,,,,,
4,4,1,235.77999877929687,41,41004,235.77999877929687,237.61529812009013,237.58912375195098,237.78237031228343,-2.002371532986558,0,-1.6420527804608014,-1.8091249726541037,-1.8352993407932559,235.77999877929687,237.78237031228343,236.14031753182263,235.97324533962933,235.94707097149018,,,,,41004,-1.6420527804608014,,,,,,,-0.02750243686150866,1.3935096344264708,0.8623663977947944,,,,,,,,,,,,,,,
5,4,1,236.6300048828125,41,41005,236.6300048828125,238.04625129699707,237.58912375195098,237.78237031228343,-1.1523654294709331,0,-1.2229998538521158,-0.9591188691384787,-1.4162464141845703,236.6300048828125,237.78237031228343,236.55937045843132,236.82325144314495,236.36612389809886,,,,,41005,-1.2229998538521158,,,,,,,0.3715309584971769,1.7925430297851563,1.26139979315348,,,,,,,,,,,,,,,
6,4,1,236.25,41,41006,236.25,237.98250007629395,237.58912375195098,237.78237031228343,-1.5323703122834331,0,-1.5392535159614908,-1.3391237519509787,-1.7325000762939453,236.25,237.78237031228343,236.24311679632194,236.44324656033245,236.0498702359895,,,,,41006,-1.5392535159614908,,,,,,,0.7552895034190519,2.1763015747070313,1.6451583380753547,,,,,,,,,,,,,,,
7,4,1,236.02000427246094,41,41007,236.02000427246094,237.35875129699707,237.58912375195098,237.78237031228343,-1.7623660398224956,0,-1.1455004642036783,-1.5691194794900412,-1.3387470245361328,236.02000427246094,237.78237031228343,236.63686984807975,236.2132508327934,236.4436232877473,,,,,41007,-1.1455004642036783,,,,,,,0.05903095849717688,1.4800430297851563,0.9488997931534799,,,,,,,,,,,,,,,
8,4,1,237.05999755859375,41,41008,237.05999755859375,237.80000114440918,237.58912375195098,237.78237031228343,-0.7223727536896831,0,-0.5467570254829752,-0.5291261933572287,-0.7400035858154297,237.05999755859375,237.78237031228343,237.23561328680046,237.2532441189262,237.042366726468,,,,,41008,-0.5467570254829752,,,,,,,-0.12220912328993261,1.298802947998047,0.7676597113663706,,,,,,,,,,,,,,,
9,4,1,236.6699981689453,41,41009,236.6699981689453,237.82499885559082,237.58912375195098,237.78237031228343,-1.1123721433381206,0,-0.9617541263130534,-0.9191255830056662,-1.1550006866455078,236.6699981689453,237.78237031228343,236.82061618597038,236.86324472927777,236.62736962563793,,,,,41009,-0.9617541263130534,,,,,,,-0.25720744482313573,1.1638046264648438,0.6326613898331674,,,,,,,,,,,,,,,
10,4,1,236.41000366210937,41,41010,236.41000366210937,237.77375411987305,237.58912375195098,237.78237031228343,-1.3723666501740581,0,-1.1705038974312174,-1.1791200898416037,-1.3637504577636719,236.41000366210937,237.78237031228343,236.61186641485222,236.60325022244183,236.41861985451976,,,,,41010,-1.1705038974312174,,,,,,,0.014038511597762815,1.4350505828857423,0.9039073462540659,,,,,,,,,,,,,,,
11,4,1,237.3800048828125,41,41011,237.3800048828125,237.79500198364258,237.58912375195098,237.78237031228343,-0.4023654294709331,0,-0.22175054049762366,-0.20911886913847866,-0.4149971008300781,237.3800048828125,237.78237031228343,237.5606197717858,237.57325144314495,237.36737321145335,,,,,41011,-0.22175054049762366,,,,,,,-0.807212403929581,0.6137996673583985,0.08265643072672207,,,,,,,,,,,,,,,
12,4,1,236.61000061035156,41,41012,236.61000061035156,237.82000160217285,237.58912375195098,237.78237031228343,-1.1723697019318706,0,-1.0167544314888346,-0.9791231415994162,-1.210000991821289,236.61000061035156,237.78237031228343,236.7656158807946,236.80324717068402,236.57236932046214,,,,,41012,-1.0167544314888346,,,,,,,-0.19221263281141698,1.2287994384765626,0.6976562018448862,,,,,,,,,,,,,,,
13,4,1,237.1300048828125,41,41013,237.1300048828125,238.0974998474121,237.58912375195098,237.78237031228343,-0.6523654294709331,0,-0.7742484042671549,-0.45911886913847866,-0.9674949645996094,237.1300048828125,237.78237031228343,237.00812190801628,237.32325144314495,236.81487534768382,,,,,41013,-0.7742484042671549,,,,,,,0.010284849488387815,1.4312969207763673,0.9001536841446909,,,,,,,,,,,,,,,
14,4,1,237.4499969482422,41,41014,237.4499969482422,237.29000091552734,237.58912375195098,237.78237031228343,-0.3323733640412456,0,0.3532425930472982,-0.13912680370879116,0.15999603271484375,237.4499969482422,237.78237031228343,238.13561290533073,237.64324350857464,237.94236634499828,,,,,41014,0.3532425930472982,,,,,,,2.5277904952403407,3.9488025665283204,3.417659329896644,,,,,,,,,,,,,,,
15,4,1,236.6699981689453,41,41015,236.6699981689453,238.42374992370605,237.58912375195098,237.78237031228343,-1.1123721433381206,0,-1.5605051944282877,-0.9191255830056662,-1.7537517547607422,236.6699981689453,237.78237031228343,236.22186511785515,236.86324472927777,236.0286185575227,,,,,41015,-1.5605051944282877,,,,,,,0.76403660424913,2.1850486755371095,1.6539054389054328,,,,,,,,,,,,,,,
16,4,1,235.35000610351562,41,41016,235.35000610351562,237.71875190734863,237.58912375195098,237.78237031228343,-2.432364208767808,0,-2.1754992435005533,-2.2391176484353537,-2.368745803833008,235.35000610351562,237.78237031228343,235.60687106878288,235.54325266384808,235.41362450845043,,,,,41016,-2.1754992435005533,,,,,,,0.3190407241221769,1.7400527954101563,1.20890955877848,,,,,,,,,,,,,,,
17,4,1,236.75,41,41017,236.75,238.00875091552734,237.58912375195098,237.78237031228343,-1.0323703122834331,0,-1.0655043551948893,-0.8391237519509787,-1.2587509155273437,236.75,237.78237031228343,236.71686595708854,236.94324656033245,236.5236193967561,,,,,41017,-1.0655043551948893,,,,,,,0.29903072961534094,1.7200428009033204,1.188899564271644,,,,,,,,,,,,,,,
18,4,1,235.77999877929687,41,41018,235.77999877929687,237.62374877929687,237.58912375195098,237.78237031228343,-2.002371532986558,0,-1.6505034396675455,-1.8091249726541037,-1.84375,235.77999877929687,237.78237031228343,236.1318668726159,235.97324533962933,235.93862031228343,,,,,41018,-1.6505034396675455,,,,,,,1.2340359176036222,2.6550479888916017,2.123904752259925,,,,,,,,,,,,,,,
19,4,1,236.30999755859375,41,41019,236.30999755859375,237.7199993133545,237.58912375195098,237.78237031228343,-1.4723727536896831,0,-1.2167551944282877,-1.2791261933572287,-1.4100017547607422,236.30999755859375,237.78237031228343,236.56561511785515,236.5032441189262,236.3723685575227,,,,,41019,-1.2167551944282877,,,,,,,-0.10220485082899511,1.3188072204589845,0.7876639838273081,,,,,,,,,,,,,,,
20,4,1,236.3800048828125,41,41020,236.3800048828125,237.57000160217285,237.58912375195098,237.78237031228343,-1.4023654294709331,0,-0.9967501590278971,-1.2091188691384787,-1.1899967193603516,236.3800048828125,237.78237031228343,236.78562015325554,236.57325144314495,236.59237359292308,,,,,41020,-0.9967501590278971,,,,,,,0.15779347070420813,1.5788055419921876,1.0476623053605112,,,,,,,,,,,,,,,
21,4,1,236.11000061035156,41,41021,236.11000061035156,237.69250106811523,237.58912375195098,237.78237031228343,-1.6723697019318706,0,-1.3892538974312174,-1.4791231415994162,-1.5825004577636719,236.11000061035156,237.78237031228343,236.39311641485222,236.30324717068402,236.19986985451976,,,,,41021,-1.3892538974312174,,,,,,,0.035294004761825315,1.4563060760498048,0.9251628394181284,,,,,,,,,,,,,,,
22,4,1,236.69000244140625,41,41022,236.69000244140625,237.7037525177002,237.58912375195098,237.78237031228343,-1.0923678708771831,0,-0.8205035159614909,-0.8991213105447287,-1.0137500762939453,236.69000244140625,237.78237031228343,236.96186679632194,236.8832490017387,236.7686202359895,,,,,41022,-0.8205035159614909,,,,,,,-0.34596782079969823,1.0750442504882813,0.5439010138566049,,,,,,,,,,,,,,,
23,4,1,236.8000030517578,41,41023,236.8000030517578,237.67500114440918,237.58912375195098,237.78237031228343,-0.9823672605256206,0,-0.6817515323189127,-0.7891207001931662,-0.8749980926513672,236.8000030517578,237.78237031228343,237.10061877996452,236.99324961209027,236.90737221963207,,,,,41023,-0.6817515323189127,,,,,,,-0.1372085129383701,1.2838035583496095,0.7526603217179331,,,,,,,,,,,,,,,
24,4,1,236.4499969482422,41,41024,236.4499969482422,237.81250190734863,237.58912375195098,237.78237031228343,-1.3323733640412456,0,-1.1692583987739908,-1.1391268037087912,-1.3625049591064453,236.4499969482422,237.78237031228343,236.61311191350944,236.64324350857464,236.419865353177,,,,,41024,-1.1692583987739908,,,,,,,0.04528278955186438,1.4662948608398438,0.9351516242081674,,,,,,,,,,,,,,,
25,4,1,236.97999572753906,41,41025,236.97999572753906,237.72904667050517,237.58912375195098,237.78237031228343,-0.8023745847443706,0,-0.555804382633653,-0.6091280244119162,-0.7490509429661074,236.97999572753906,237.78237031228343,237.22656592964978,237.17324228787152,237.03331936931733,,,,,41025,-0.555804382633653,,,,,,,-0.46125831149529783,0.9597537597926817,0.4286105231610053,,,,,,,,,,,,,,,
26,4,1,238.72000122070312,41,41026,238.72000122070312,237.86124992370605,237.58912375195098,237.78237031228343,0.9376309084196919,0,1.0519978573295248,1.1308774687521463,0.8587512969970703,238.72000122070312,237.78237031228343,238.83436816961296,238.91324778103558,238.6411216092805,,,,,41026,1.0519978573295248,,,,,,,-2.7234664475086827,-1.302454376220703,-1.8335976128523794,,,,,,,,,,,,,,,
27,4,1,239.3000030517578,41,41027,239.3000030517578,237.9412498474121,237.58912375195098,237.78237031228343,1.5176327394743794,0,1.5519997646781576,1.7108792998068338,1.3587532043457031,239.3000030517578,237.78237031228343,239.3343700769616,239.49324961209027,239.14112351662914,,,,,41027,1.5519997646781576,,,,,,,-2.0234675919178624,-0.6024555206298827,-1.1335987572615591,,,,,,,,,,,,,,,
28,4,1,240.3699951171875,41,41028,240.3699951171875,238.30749702453613,237.58912375195098,237.78237031228343,2.587624804904067,0,2.2557446529838217,2.7808713652365213,2.062498092651367,240.3699951171875,237.78237031228343,240.03811496526725,240.56324167751995,239.8448684049348,,,,,41028,2.2557446529838217,,,,,,,-1.6897025620106358,-0.2686904907226562,-0.7998337273543326,,,,,,,,,,,,,,,
29,4,1,240.27999877929687,41,41029,240.27999877929687,237.5500030517578,237.58912375195098,237.78237031228343,2.497628467013442,0,2.923242287871517,2.6908750273458963,2.7299957275390625,240.27999877929687,237.78237031228343,240.70561260015495,240.47324533962933,240.5123660398225,,,,,41029,2.923242287871517,,,,,,,-0.2922091995838779,1.1288028717041017,0.5976596350724253,,,,,,,,,,,,,,,
30,4,1,239.3800048828125,41,41030,239.3800048828125,238.1862506866455,237.58912375195098,237.78237031228343,1.5976345705290669,0,1.3870007564994467,1.7908811308615213,1.1937541961669922,239.3800048828125,237.78237031228343,239.16937106878288,239.57325144314495,238.97612450845043,,,,,41030,1.3870007564994467,,,,,,,-1.9784598862293858,-0.5574478149414062,-1.0885910515730826,,,,,,,,,,,,,,,
31,4,1,239.77000427246094,41,41031,239.77000427246094,237.5887508392334,237.58912375195098,237.78237031228343,1.9876339601775044,0,2.3744999935599935,2.180880520509959,2.181253433227539,239.77000427246094,237.78237031228343,240.15687030584343,239.9632508327934,239.96362374551097,,,,,41031,2.3744999935599935,,,,,,,-5.990960649168839,-4.56994857788086,-5.101091814512536,,,,,,,,,,,,,,,
32,4,1,238.88999938964844,41,41032,238.88999938964844,237.81749725341797,237.58912375195098,237.78237031228343,1.1076290773650044,0,1.2657486965629232,1.3008756376974588,1.0725021362304687,238.88999938964844,237.78237031228343,239.04811900884636,239.0832459499809,238.8548724485139,,,,,41032,1.2657486965629232,,,,,,,-1.8497119461659093,-0.42869987487792965,-0.959843111509606,,,,,,,,,,,,,,,
33,4,1,240.30999755859375,41,41033,240.30999755859375,238.20374870300293,237.58912375195098,237.78237031228343,2.527627246310317,0,2.2994954159232748,2.7208738066427713,2.1062488555908203,240.30999755859375,237.78237031228343,240.0818657282067,240.5032441189262,239.88861916787425,,,,,41033,2.2994954159232748,,,,,,,-3.195954850828995,-1.7749427795410155,-2.306086016172692,,,,,,,,,,,,,,,
34,4,1,239.91000366210937,41,41034,239.91000366210937,238.10624885559082,237.58912375195098,237.78237031228343,2.127633349825942,0,1.9970013668510092,2.3208799101583963,1.8037548065185547,239.91000366210937,237.78237031228343,239.77937167913444,240.10325022244183,239.586125118802,,,,,41034,1.9970013668510092,,,,,,,-2.4084678207996983,-0.9874557495117187,-1.518598986143395,,,,,,,,,,,,,,,
35,4,1,239.00999450683594,41,41035,239.00999450683594,237.7324981689453,237.58912375195098,237.78237031228343,1.2276241945525044,0,1.4707428982230795,1.4208707548849588,1.277496337890625,239.00999450683594,237.78237031228343,239.2531132105065,239.2032410671684,239.05986665017406,,,,,41035,1.4707428982230795,,,,,,,-3.104709199583878,-1.6836971282958983,-2.214840364927575,,,,,,,,,,,,,,,
36,4,1,239.3800048828125,41,41036,239.3800048828125,237.7824993133545,237.58912375195098,237.78237031228343,1.5976345705290669,0,1.7907521297904623,1.7908811308615213,1.5975055694580078,239.3800048828125,237.78237031228343,239.5731224420739,239.57325144314495,239.37987588174144,,,,,41036,1.7907521297904623,,,,,,,-3.114717057860245,-1.6937049865722655,-2.224848223203942,,,,,,,,,,,,,,,
37,4,1,236.77000427246094,41,41037,236.77000427246094,237.78874969482422,237.58912375195098,237.78237031228343,-1.0123660398224956,0,-0.8254988620308268,-0.8191194794900412,-1.0187454223632812,236.77000427246094,237.78237031228343,236.9568714502526,236.9632508327934,236.76362488992015,,,,,41037,-0.8254988620308268,,,,,,,-2.340968660033097,-0.9199565887451171,-1.4510998253767935,,,,,,,,,,,,,,,
38,4,1,238.5800018310547,41,41038,238.5800018310547,237.7800006866455,237.58912375195098,237.78237031228343,0.7976315187712544,0,0.9932477047416342,0.9908780791037088,0.8000011444091797,238.5800018310547,237.78237031228343,238.77561801702507,238.77324839138714,238.5823714566926,,,,,41038,0.9932477047416342,,,,,,,-2.482213548338761,-1.0612014770507812,-1.5923447136824576,,,,,,,,,,,,,,,
39,4,1,239.64999389648437,41,41039,239.64999389648437,237.7012481689453,237.58912375195098,237.78237031228343,1.8676235842009419,0,2.141992287871517,2.0608701445333963,1.9487457275390625,239.64999389648437,237.78237031228343,239.92436260015495,239.84324045681683,239.7311160398225,,,,,41039,2.141992287871517,,,,,,,-2.0334659134510655,-0.6124538421630859,-1.1435970787947622,,,,,,,,,,,,,,,
40,4,1,237.7823703122834,41,41040,237.7823703122834,238.24809044184036,237.58912375195098,237.78237031228343,-0.00000000000002842170943040401,0,-0.27247356922450194,0.19324656033242604,-0.4657201295569564,237.7823703122834,237.78237031228343,237.50989674305893,237.97561687261586,237.31665018272648,,,,,41040,-0.27247356922450194,,,,,,,-0.7803051345883015,0.640706936699678,0.10956370006800159,,,,,,,,,,,,,,,
41,4,1,239.60000610351562,41,41041,239.60000610351562,238.13125038146973,237.58912375195098,237.78237031228343,1.8176357912321919,0,1.662002282378353,2.0108823515646463,1.4687557220458984,239.60000610351562,237.78237031228343,239.4443725946618,239.79325266384808,239.25112603432933,,,,,41041,1.662002282378353,,,,,,,-0.603467515623917,0.8175445556640626,0.28640131903238614,,,,,,,,,,,,,,,
42,4,1,236.8699951171875,41,41042,236.8699951171875,237.57875061035156,237.58912375195098,237.78237031228343,-0.9123751950959331,0,-0.515508932831608,-0.7191286347634787,-0.7087554931640625,236.8699951171875,237.78237031228343,237.26686137945183,237.06324167751995,237.07361481911937,,,,,41042,-0.515508932831608,,,,,,,-3.4409671341541905,-2.019955062866211,-2.5510982994978875,,,,,,,,,,,,,,,
43,4,1,236.66000366210937,41,41043,236.66000366210937,238.16875076293945,237.58912375195098,237.78237031228343,-1.1223666501740581,0,-1.3155005404976237,-0.9291200898416037,-1.5087471008300781,236.66000366210937,237.78237031228343,236.4668697717858,236.85325022244183,236.27362321145335,,,,,41043,-1.3155005404976237,,,,,,,0.7090382064219816,2.130050277709961,1.5989070410782846,,,,,,,,,,,,,,,
44,4,1,235.02999877929687,41,41044,235.02999877929687,237.55500030517578,237.58912375195098,237.78237031228343,-2.752371532986558,0,-2.331754965546452,-2.5591249726541037,-2.5250015258789062,235.02999877929687,237.78237031228343,235.45061534673698,235.22324533962933,235.25736878640453,,,,,41044,-2.331754965546452,,,,,,,0.8927807296153409,2.3137928009033204,1.7826495642716438,,,,,,,,,,,,,,,
45,4,1,235.5500030517578,41,41045,235.5500030517578,237.87750244140625,237.58912375195098,237.78237031228343,-2.2323672605256206,0,-2.134252829315983,-2.039120700193166,-2.3274993896484375,235.5500030517578,237.78237031228343,235.64811748296745,235.74324961209027,235.454870922635,,,,,41045,-2.134252829315983,,,,,,,0.9102901900645597,2.331302261352539,1.8001590247208625,,,,,,,,,,,,,,,
46,4,1,236.13999938964844,41,41046,236.13999938964844,237.68999862670898,237.58912375195098,237.78237031228343,-1.6423709226349956,0,-1.3567526767280924,-1.4491243623025412,-1.5499992370605469,236.13999938964844,237.78237031228343,236.42561763555534,236.3332459499809,236.2323710752229,,,,,41046,-1.3567526767280924,,,,,,,0.13778729089463781,1.5587993621826173,1.0276561255509409,,,,,,,,,,,,,,,
47,4,1,236.47999572753906,41,41047,236.47999572753906,237.30124855041504,237.58912375195098,237.78237031228343,-1.3023745847443706,0,-0.6280062625435221,-1.1091280244119162,-0.8212528228759766,236.47999572753906,237.78237031228343,237.1543640497399,236.67324228787152,236.96111748940746,,,,,41047,-0.6280062625435221,,,,,,,0.5565361464854581,1.9775482177734376,1.4464049811417612,,,,,,,,,,,,,,,
48,4,1,237.33999633789062,41,41048,237.33999633789062,237.75125122070312,237.58912375195098,237.78237031228343,-0.4423739743928081,0,-0.21800832248004554,-0.24912741406035366,-0.4112548828125,237.33999633789062,237.78237031228343,237.5643619898034,237.53324289822308,237.37111542947093,,,,,41048,-0.21800832248004554,,,,,,,-0.3734622513416904,1.0475498199462892,0.5164065833146128,,,,,,,,,,,,,,,
49,4,1,235.7100067138672,41,41049,235.7100067138672,237.63250160217285,237.58912375195098,237.78237031228343,-2.0723635984162456,0,-1.7292483279732096,-1.8791170380837912,-1.922494888305664,235.7100067138672,237.78237031228343,236.05312198431022,235.90325327419964,235.85987542397777,,,,,41049,-1.7292483279732096,,,,,,,0.5152916396495206,1.9363037109375,1.4051604743058237,,,,,,,,,,,,,,,
50,4,1,236.38999938964844,41,41050,236.38999938964844,237.75500106811523,237.58912375195098,237.78237031228343,-1.3923709226349956,0,-1.1717551181343424,-1.1991243623025412,-1.3650016784667969,236.38999938964844,237.78237031228343,236.6106151941491,236.5832459499809,236.41736863381664,,,,,41050,-1.1717551181343424,,,,,,,-0.0972133194569248,1.3237987518310548,0.7926555151993784,,,,,,,,,,,,,,,
51,4,1,237.17999267578125,41,41051,237.17999267578125,237.72875213623047,237.58912375195098,237.78237031228343,-0.6023776365021831,0,-0.3555129001167643,-0.40913107616972866,-0.5487594604492188,237.17999267578125,237.78237031228343,237.42685741216667,237.3732392361137,237.23361085183421,,,,,41051,-0.3555129001167643,,,,,,,-0.36095767370497167,1.060054397583008,0.5289111609513315,,,,,,,,,,,,,,,
52,4,1,237.08999633789062,41,41052,237.08999633789062,237.8375015258789,237.58912375195098,237.78237031228343,-0.6923739743928081,0,-0.5542586276558268,-0.49912741406035366,-0.7475051879882813,237.08999633789062,237.78237031228343,237.2281116846276,237.28324289822308,237.03486512429515,,,,,41052,-0.5542586276558268,,,,,,,-2.829707673704972,-1.408695602416992,-1.9398388390486685,,,,,,,,,,,,,,,
53,4,1,237.25,41,41053,237.25,237.29124641418457,237.58912375195098,237.78237031228343,-0.5323703122834331,0,0.15200014614788415,-0.33912375195097866,-0.04124641418457031,237.25,237.78237031228343,237.93437045843132,237.44324656033245,237.74112389809886,,,,,41053,0.15200014614788415,,,,,,,-7.213460496580948,-5.792448425292969,-6.323591661924645,,,,,,,,,,,,,,,
54,4,1,236.27999877929687,41,41054,236.27999877929687,238.30249786376953,237.58912375195098,237.78237031228343,-1.5023715329865581,0,-1.8292525241402018,-1.3091249726541037,-2.0224990844726562,236.27999877929687,237.78237031228343,235.95311778814323,236.47324533962933,235.75987122781078,,,,,41054,-1.8292525241402018,,,,,,,-0.13471560827528417,1.2862964630126954,0.755153226381019,,,,,,,,,,,,,,,
55,4,1,236.0800018310547,41,41055,236.0800018310547,237.54749870300293,237.58912375195098,237.78237031228343,-1.7023684812287456,0,-1.2742503116157877,-1.5091219208962912,-1.4674968719482422,236.0800018310547,237.78237031228343,236.50812000066765,236.27324839138714,236.3148734403352,,,,,41055,-1.2742503116157877,,,,,,,0.9402908767100675,2.361302947998047,1.8301597113663703,,,,,,,,,,,,,,,
56,4,1,236.1999969482422,41,41056,236.1999969482422,237.86374855041504,237.58912375195098,237.78237031228343,-1.5823733640412456,0,-1.470505041840397,-1.3891268037087912,-1.6637516021728516,236.1999969482422,237.78237031228343,236.31186527044304,236.39324350857464,236.11861871011058,,,,,41056,-1.470505041840397,,,,,,,0.2840446914073331,1.7050567626953126,1.1739135260636362,,,,,,,,,,,,,,,
57,4,1,236.25,41,41057,236.25,237.60000038146973,237.58912375195098,237.78237031228343,-1.5323703122834331,0,-1.156753821137272,-1.3391237519509787,-1.3500003814697266,236.25,237.78237031228343,236.62561649114616,236.44324656033245,236.4323699308137,,,,,41057,-1.156753821137272,,,,,,,0.09778065332139563,1.518792724609375,0.9876494879776987,,,,,,,,,,,,,,,
58,4,1,237.3699951171875,41,41058,237.3699951171875,238.00625038146973,237.58912375195098,237.78237031228343,-0.4123751950959331,0,-0.4430087039497721,-0.21912863476347866,-0.6362552642822266,237.3699951171875,237.78237031228343,237.33936160833366,237.56324167751995,237.1461150480012,,,,,41058,-0.4430087039497721,,,,,,,-0.2984595810536045,1.122552490234375,0.5914092536026987,,,,,,,,,,,,,,,
59,4,1,236.41000366210937,41,41059,236.41000366210937,237.73624992370605,237.58912375195098,237.78237031228343,-1.3723666501740581,0,-1.1329997012642252,-1.1791200898416037,-1.3262462615966797,236.41000366210937,237.78237031228343,236.6493706110192,236.60325022244183,236.45612405068675,,,,,41059,-1.1329997012642252,,,,,,,0.20153660424913,1.6225486755371095,1.091405438905433,,,,,,,,,,,,,,,
60,4,1,236.9199981689453,41,41060,236.9199981689453,237.47250175476074,237.58912375195098,237.78237031228343,-0.8623721433381206,0,-0.3592570254829752,-0.6691255830056662,-0.5525035858154297,236.9199981689453,237.78237031228343,237.42311328680046,237.11324472927777,237.229866726468,,,,,41060,-0.3592570254829752,,,,,,,0.135282942139755,1.5562950134277345,1.025151776796058,,,,,,,,,,,,,,,
61,4,1,236.77999877929687,41,41061,236.77999877929687,237.87499809265137,237.58912375195098,237.78237031228343,-1.0023715329865581,0,-0.9017527530220377,-0.8091249726541037,-1.0949993133544922,236.77999877929687,237.78237031228343,236.8806175592614,236.97324533962933,236.68737099892894,,,,,41061,-0.9017527530220377,,,,,,,-0.11720424047743261,1.303807830810547,0.7726645941788706,,,,,,,,,,,,,,,
62,4,1,236.14999389648437,41,41062,236.14999389648437,237.4537525177002,237.58912375195098,237.78237031228343,-1.6323764157990581,0,-1.1105120608833658,-1.4391298554666037,-1.3037586212158203,236.14999389648437,237.78237031228343,236.67185825140007,236.34324045681683,236.4786116910676,,,,,41062,-1.1105120608833658,,,,,,,-0.27596049658094823,1.1450515747070313,0.6139083380753549,,,,,,,,,,,,,,,
63,4,1,236.5500030517578,41,41063,236.5500030517578,237.59249877929687,237.58912375195098,237.78237031228343,-1.2323672605256206,0,-0.849249167206608,-1.0391207001931662,-1.0424957275390625,236.5500030517578,237.78237031228343,236.93312114507683,236.74324961209027,236.73987458474437,,,,,41063,-0.849249167206608,,,,,,,-0.7847171341541904,0.6362949371337892,0.1051517005021127,,,,,,,,,,,,,,,
64,4,1,235.47000122070312,41,41064,235.47000122070312,238.1437473297119,237.58912375195098,237.78237031228343,-2.312369091580308,0,-2.4804995486763346,-2.1191225312478537,-2.673746109008789,235.47000122070312,237.78237031228343,235.3018707636071,235.66324778103558,235.10862420327464,,,,,41064,-2.4804995486763346,,,,,,,-0.445966294920792,0.9750457763671876,0.44390253973551114,,,,,,,,,,,,,,,
65,4,1,237.5399932861328,41,41065,237.5399932861328,237.4112491607666,237.58912375195098,237.78237031228343,-0.24237702615062062,0,0.3219906856986654,-0.04913046581816616,0.12874412536621094,237.5399932861328,237.78237031228343,238.1043609979821,237.73323984646527,237.91111443764964,,,,,41065,0.3219906856986654,,,,,,,-0.7734656845692295,0.6475463867187501,0.11640315008707364,,,,,,,,,,,,,,,
66,4,1,236.80999755859375,41,41066,236.80999755859375,238.07999992370605,237.58912375195098,237.78237031228343,-0.9723727536896831,0,-1.0767558047798502,-0.7791261933572287,-1.2700023651123047,236.80999755859375,237.78237031228343,236.70561450750358,237.0032441189262,236.51236794717113,,,,,41066,-1.0767558047798502,,,,,,,-0.9822097336414951,0.4388023376464844,-0.09234089898519199,,,,,,,,,,,,,,,
67,4,1,235.69000244140625,41,41067,235.69000244140625,237.49999809265137,237.58912375195098,237.78237031228343,-2.092367870877183,0,-1.6167490909126627,-1.8991213105447287,-1.8099956512451172,235.69000244140625,237.78237031228343,236.16562122137077,235.8832490017387,235.97237466103832,,,,,41067,-1.6167490909126627,,,,,,,0.0977920974131925,1.518804168701172,0.9876609320694956,,,,,,,,,,,,,,,
68,4,1,237.11000061035156,41,41068,237.11000061035156,237.77625274658203,237.58912375195098,237.78237031228343,-0.6723697019318706,0,-0.4730055758980143,-0.47912314159941616,-0.6662521362304688,237.11000061035156,237.78237031228343,237.30936473638542,237.30324717068402,237.11611817605296,,,,,41068,-0.4730055758980143,,,,,,,-0.15845828405653417,1.2625537872314454,0.731410550599769,,,,,,,,,,,,,,,
69,4,1,236.19000244140625,41,41069,236.19000244140625,237.1733899352215,237.58912375195098,237.78237031228343,-1.5923678708771831,0,-0.7901409334828031,-1.3991213105447287,-0.9833874938152576,236.19000244140625,237.78237031228343,236.99222937880063,236.3832490017387,236.79898281846818,,,,,41069,-0.7901409334828031,,,,,,,0.3767687360717693,1.7977808073597488,1.2666375707280724,,,,,,,,,,,,,,,
70,4,1,239.17999267578125,41,41070,239.17999267578125,238.16000175476074,237.58912375195098,237.78237031228343,1.3976223634978169,0,1.2132374813529623,1.5908689238302713,1.0199909210205078,239.17999267578125,237.78237031228343,238.9956077936364,239.3732392361137,238.80236123330394,,,,,41070,1.2132374813529623,,,,,,,-2.042207292235245,-0.6211952209472655,-1.152338457578942,,,,,,,,,,,,,,,
71,4,1,238.64999389648437,41,41071,238.64999389648437,237.4950008392334,237.58912375195098,237.78237031228343,0.8676235842009419,0,1.348239617583431,1.0608701445333963,1.1549930572509766,238.64999389648437,237.78237031228343,239.13060992986686,238.84324045681683,238.9373633695344,,,,,41071,1.348239617583431,,,,,,,-3.1372161423329015,-1.7162040710449218,-2.2473473076765984,,,,,,,,,,,,,,,
72,4,1,238.8800048828125,41,41072,238.8800048828125,237.99374961853027,237.58912375195098,237.78237031228343,1.0976345705290669,0,1.079501824614681,1.2908811308615213,0.8862552642822266,238.8800048828125,237.78237031228343,238.8618721368981,239.07325144314495,238.66862557656566,,,,,41072,1.079501824614681,,,,,,,-2.1059661423329015,-0.6849540710449218,-1.2160973076765982,,,,,,,,,,,,,,,
73,4,1,238.33999633789062,41,41073,238.33999633789062,237.81625175476074,237.58912375195098,237.78237031228343,0.5576260256071919,0,0.7169911434623373,0.7508725859396463,0.5237445831298828,238.33999633789062,237.78237031228343,238.49936145574577,238.53324289822308,238.30611489541332,,,,,41073,0.7169911434623373,,,,,,,-1.5584579025868077,-0.1374458312988281,-0.6685890679305044,,,,,,,,,,,,,,,
74,4,1,238.64999389648437,41,41074,238.64999389648437,237.46249771118164,237.58912375195098,237.78237031228343,0.8676235842009419,0,1.3807427456351888,1.0608701445333963,1.1874961853027344,238.64999389648437,237.78237031228343,239.16311305791862,238.84324045681683,238.96986649758617,,,,,41074,1.3807427456351888,,,,,,,-2.5947032486561437,-1.173691177368164,-1.7048344139998404,,,,,,,,,,,,,,,
75,4,1,238.72000122070312,41,41075,238.72000122070312,237.97875213623047,237.58912375195098,237.78237031228343,0.9376309084196919,0,0.9344956448051107,1.1308774687521463,0.7412490844726563,238.72000122070312,237.78237031228343,238.71686595708854,238.91324778103558,238.5236193967561,,,,,41075,0.9344956448051107,,,,,,,-1.5009570633534093,-0.07994499206542965,-0.611088228697106,,,,,,,,,,,,,,,
76,4,1,238.22999572753906,41,41076,238.22999572753906,237.85000038146973,237.58912375195098,237.78237031228343,0.4476254152556294,0,0.5732419064017904,0.6408719755880838,0.37999534606933594,238.22999572753906,237.78237031228343,238.35561221868522,238.42324228787152,238.16236565835277,,,,,41076,0.5732419064017904,,,,,,,-0.2622046982411045,1.158807373046875,0.6276641364151987,,,,,,,,,,,,,,,
77,4,1,239.4199981689453,41,41077,239.4199981689453,238.25,237.58912375195098,237.78237031228343,1.6376278566618794,0,1.363244729277767,1.8308744169943338,1.1699981689453125,239.4199981689453,237.78237031228343,239.1456150415612,239.61324472927777,238.95236848122875,,,,,41077,1.363244729277767,,,,,,,-1.1922183548573155,0.2287937164306641,-0.3023495202010123,,,,,,,,,,,,,,,
78,4,1,239.4600067138672,41,41078,239.4600067138672,238.08250045776367,237.58912375195098,237.78237031228343,1.6776364015837544,0,1.57075281643597,1.8708829619162088,1.3775062561035156,239.4600067138672,237.78237031228343,239.3531231287194,239.65325327419964,239.15987656838695,,,,,41078,1.57075281643597,,,,,,,-1.75471454016005,-0.3337024688720703,-0.8648457055037466,,,,,,,,,,,,,,,
79,4,1,238.25999450683594,41,41079,238.25999450683594,237.1425018310547,237.58912375195098,237.78237031228343,0.4776241945525044,0,1.3107392361137045,0.6708707548849588,1.11749267578125,238.25999450683594,237.78237031228343,239.09310954839714,238.4532410671684,238.89986298806468,,,,,41079,1.3107392361137045,,,,,,,-2.604709199583878,-1.1836971282958983,-1.7148403649275747,,,,,,,,,,,,,,,
80,4,1,239.58999633789062,41,41080,239.58999633789062,238.05749893188477,237.58912375195098,237.78237031228343,1.8076260256071919,0,1.7257439663383138,2.0008725859396463,1.5324974060058594,239.58999633789062,237.78237031228343,239.50811427862175,239.78324289822308,239.3148677182893,,,,,41080,1.7257439663383138,,,,,,,-2.4797130142811437,-1.058700942993164,-1.5898441796248404,,,,,,,,,,,,,,,
81,4,1,238,41,41081,238,237.87625122070312,237.58912375195098,237.78237031228343,0.21762968771656688,0,0.31699533962932946,0.41087624804902134,0.123748779296875,238,237.78237031228343,238.09936565191276,238.19324656033245,237.9061190915803,,,,,41081,0.31699533962932946,,,,,,,-1.6184573685291905,-0.1974452972412109,-0.7285885338728873,,,,,,,,,,,,,,,
82,4,1,238.88999938964844,41,41082,238.88999938964844,237.49999809265137,237.58912375195098,237.78237031228343,1.1076290773650044,0,1.5832478573295248,1.3008756376974588,1.3900012969970703,238.88999938964844,237.78237031228343,239.36561816961296,239.0832459499809,239.1723716092805,,,,,41082,1.5832478573295248,,,,,,,-2.292207292235245,-0.8711952209472655,-1.402338457578942,,,,,,,,,,,,,,,
83,4,1,238.9199981689453,41,41083,238.9199981689453,237.82250213623047,237.58912375195098,237.78237031228343,1.1376278566618794,0,1.2907425930472982,1.3308744169943338,1.0974960327148437,238.9199981689453,237.78237031228343,239.07311290533073,239.11324472927777,238.87986634499828,,,,,41083,1.2907425930472982,,,,,,,-3.1947131668690343,-1.7737010955810546,-2.304844332212731,,,,,,,,,,,,,,,
84,4,1,237.97000122070312,41,41084,237.97000122070312,237.66309135736773,237.58912375195098,237.78237031228343,0.18763090841969188,0,0.5001564236678462,0.38087746875214634,0.3069098633353917,237.97000122070312,237.78237031228343,238.28252673595128,238.16324778103558,238.08928017561882,,,,,41084,0.5001564236678462,,,,,,,-1.5152981155453613,-0.09428604425738169,-0.625429280889058,,,,,,,,,,,,,,,
85,4,1,238.52000427246094,41,41085,238.52000427246094,237.7375030517578,237.58912375195098,237.78237031228343,0.7376339601775044,0,0.9757477810355795,0.9308805205099588,0.782501220703125,238.52000427246094,237.78237031228343,238.758118093319,238.7132508327934,238.56487153298656,,,,,41085,0.9757477810355795,,,,,,,-2.239718965208878,-0.8187068939208984,-1.3498501305525747,,,,,,,,,,,,,,,
86,4,1,239.07000732421875,41,41086,239.07000732421875,237.9612522125244,237.58912375195098,237.78237031228343,1.2876370119353169,0,1.3020016720267904,1.4808835722677713,1.108755111694336,239.07000732421875,237.78237031228343,239.08437198431022,239.2632538845512,238.89112542397777,,,,,41086,1.3020016720267904,,,,,,,-1.473462632811417,-0.05245056152343747,-0.5835937981551138,,,,,,,,,,,,,,,
87,4,1,238.1999969482422,41,41087,238.1999969482422,237.7824993133545,237.58912375195098,237.78237031228343,0.4176266359587544,0,0.6107441952201498,0.6108731962912088,0.4174976348876953,238.1999969482422,237.78237031228343,238.39311450750358,238.39324350857464,238.19986794717113,,,,,41087,0.6107441952201498,,,,,,,-1.1647048508289952,0.2563072204589844,-0.274836016172692,,,,,,,,,,,,,,,
88,4,1,239.82000732421875,41,41088,239.82000732421875,238.04999923706055,237.58912375195098,237.78237031228343,2.037637011935317,0,1.9632546474906576,2.2308835722677713,1.7700080871582031,239.82000732421875,237.78237031228343,239.7456249597741,240.0132538845512,239.55237839944164,,,,,41088,1.9632546474906576,,,,,,,-1.2522120987538,0.16879997253417972,-0.3623432640974967,,,,,,,,,,,,,,,
89,4,1,239.77000427246094,41,41089,239.77000427246094,237.9699993133545,237.58912375195098,237.78237031228343,1.9876339601775044,0,1.9932515194388998,2.180880520509959,1.8000049591064453,239.77000427246094,237.78237031228343,239.77562183172233,239.9632508327934,239.58237527138988,,,,,41089,1.9932515194388998,,,,,,,-1.6722121750477452,-0.2512001037597656,-0.7823433403914419,,,,,,,,,,,,,,,
90,4,1,238.25,41,41090,238.25,237.40374946594238,237.58912375195098,237.78237031228343,0.4676296877165669,0,1.0394970943900717,0.6608762480490213,0.8462505340576172,238.25,237.78237031228343,238.8218674066735,238.44324656033245,238.62862084634105,,,,,41090,1.0394970943900717,,,,,,,-3.2159629379871983,-1.7949508666992187,-2.3260941033308953,,,,,,,,,,,,,,,
91,4,1,239.35000610351562,41,41091,239.35000610351562,237.67125129699707,237.58912375195098,237.78237031228343,1.5676357912321919,0,1.8720013668510092,1.7608823515646463,1.6787548065185547,239.35000610351562,237.78237031228343,239.65437167913444,239.54325266384808,239.461125118802,,,,,41091,1.8720013668510092,,,,,,,-3.3434653793934483,-1.9224533081054687,-2.4535965447371453,,,,,,,,,,,,,,,
92,4,1,238.52000427246094,41,41092,238.52000427246094,237.9162483215332,237.58912375195098,237.78237031228343,0.7376339601775044,0,0.7970025112601888,0.9308805205099588,0.6037559509277344,238.52000427246094,237.78237031228343,238.57937282354362,238.7132508327934,238.38612626321117,,,,,41092,0.7970025112601888,,,,,,,-2.208457521117081,-0.7874454498291015,-1.3185886864607779,,,,,,,,,,,,,,,
93,4,1,237.9600067138672,41,41093,237.9600067138672,236.86500358581543,237.58912375195098,237.78237031228343,0.17763640158375438,0,1.2882496883842123,0.37088296191620884,1.0950031280517578,237.9600067138672,237.78237031228343,239.07062000066765,238.15325327419964,238.8773734403352,,,,,41093,1.2882496883842123,,,,,,,-0.4072127853993076,1.013799285888672,0.4826560492569955,,,,,,,,,,,,,,,
94,4,1,238.17999267578125,41,41094,238.17999267578125,237.7887477874756,237.58912375195098,237.78237031228343,0.3976223634978169,0,0.5844914486381185,0.5908689238302713,0.39124488830566406,238.17999267578125,237.78237031228343,238.36686176092155,238.3732392361137,238.1736152005891,,,,,41094,0.5844914486381185,,,,,,,-2.2609649216297765,-0.8399528503417968,-1.3710960869734732,,,,,,,,,,,,,,,
95,4,1,238.6199951171875,41,41095,238.6199951171875,237.8300018310547,237.58912375195098,237.78237031228343,0.8376248049040669,0,0.983239846465267,1.0308713652365213,0.7899932861328125,238.6199951171875,237.78237031228343,238.7656101587487,238.81324167751995,238.57236359841625,,,,,41095,0.983239846465267,,,,,,,-2.2822146927479405,-0.8612026214599609,-1.3923458580916372,,,,,,,,,,,,,,,
96,4,1,237.72000122070312,41,41096,237.72000122070312,237.75000190734863,237.58912375195098,237.78237031228343,-0.06236909158030812,0,0.16324587368694665,0.13087746875214634,-0.030000686645507813,237.72000122070312,237.78237031228343,237.94561618597038,237.91324778103558,237.75236962563793,,,,,41096,0.16324587368694665,,,,,,,-0.9222159897450107,0.4987960815429688,-0.03234715508870761,,,,,,,,,,,,,,,
97,4,1,238.0800018310547,41,41097,238.0800018310547,237.61750030517578,237.58912375195098,237.78237031228343,0.2976315187712544,0,0.6557480862113607,0.49087807910370884,0.46250152587890625,238.0800018310547,237.78237031228343,238.4381183984948,238.27324839138714,238.24487183816234,,,,,41097,0.6557480862113607,,,,,,,-2.0997119461659093,-0.6786998748779296,-1.209843111509606,,,,,,,,,,,,,,,
98,4,1,239.50999450683594,41,41098,239.50999450683594,238.59249877929687,237.58912375195098,237.78237031228343,1.7276241945525044,0,1.110742287871517,1.9208707548849588,0.9174957275390625,239.50999450683594,237.78237031228343,238.89311260015495,239.7032410671684,238.6998660398225,,,,,41098,1.110742287871517,,,,,,,-1.264712861693253,0.1562992095947266,-0.3748440270369498,,,,,,,,,,,,,,,
99,4,1,240.63999938964844,41,41099,240.63999938964844,238.17184227289505,237.58912375195098,237.78237031228343,2.8576290773650044,0,2.6614036770858434,3.050875637697459,2.468157116753389,240.63999938964844,237.78237031228343,240.44377398936928,240.8332459499809,240.25052742903682,,,,,41099,2.6614036770858434,,,,,,,-0.6216836016017718,0.7993284696862077,0.2681852330545313,,,,,,,,,,,,,,,
100,4,1,236.13999938964844,41,41100,236.13999938964844,238.0587501525879,237.58912375195098,237.78237031228343,-1.6423709226349956,0,-1.7255042026069987,-1.4491243623025412,-1.9187507629394531,236.13999938964844,237.78237031228343,236.05686610967643,236.3332459499809,235.86361954934398,,,,,41100,-1.7255042026069987,,,,,,,1.159035154664169,2.5800472259521485,2.048903989320472,,,,,,,,,,,,,,,
1,4,2,241.88999938964844,42,42001,241.88999938964844,237.25749969482422,238.09014859643125,237.78237031228343,4.107629077365004,0,4.324721410676403,3.799850793217189,4.632499694824219,241.88999938964844,237.78237031228343,242.10709172295984,241.58222110550062,242.41487000710765,,,,,42001,4.324721410676403,,,,,,,4.381987272584091,4.706398849487305,4.193556394105628,,,,,,,,,,,,,,,
2,4,2,240.61000061035156,42,42002,240.61000061035156,237.84124755859375,238.09014859643125,237.78237031228343,2.8276302980681294,0,2.460974767609997,2.519852013920314,2.7687530517578125,240.61000061035156,237.78237031228343,240.24334507989343,240.30222232620375,240.55112336404125,,,,,42002,2.460974767609997,,,,,,,2.5182406295176847,2.8426522064208983,2.329809751039222,,,,,,,,,,,,,,,
3,4,2,238.99000549316406,42,42003,238.99000549316406,237.30999946594238,238.09014859643125,237.78237031228343,1.2076351808806294,0,1.3722277430738643,0.899856896732814,1.6800060272216797,238.99000549316406,237.78237031228343,239.1545980553573,238.68222720901625,239.4623763395051,,,,,42003,1.3722277430738643,,,,,,,1.4294936049815516,1.7539051818847655,1.2410627265030894,,,,,,,,,,,,,,,
4,4,2,238.9499969482422,42,42004,238.9499969482422,237.61529812009013,238.09014859643125,237.78237031228343,1.1676266359587544,0,1.0269205440042413,0.859848351810939,1.3346988281520566,238.9499969482422,237.78237031228343,238.80929085628767,238.64221866409437,239.1170691404355,,,,,42004,1.0269205440042413,,,,,,,1.0841864059119286,1.4085979828151425,0.8957555274334663,,,,,,,,,,,,,,,
5,4,2,239.10000610351562,42,42005,239.10000610351562,238.04625129699707,238.09014859643125,237.78237031228343,1.3176357912321919,0,0.7459765223707393,1.0098575070843765,1.0537548065185547,239.10000610351562,237.78237031228343,238.52834683465417,238.7922278193678,238.836125118802,,,,,42005,0.7459765223707393,,,,,,,0.8032423842784267,1.1276539611816405,0.6148115057999644,,,,,,,,,,,,,,,
6,4,2,239.64999389648437,42,42006,239.64999389648437,237.98250007629395,238.09014859643125,237.78237031228343,1.8676235842009419,0,1.3597155360426143,1.5598453000531265,1.6674938201904297,239.64999389648437,237.78237031228343,239.14208584832605,239.34221561233656,239.44986413247386,,,,,42006,1.3597155360426143,,,,,,,1.4169813979503016,1.7413929748535155,1.2285505194718394,,,,,,,,,,,,,,,
7,4,2,238.9600067138672,42,42007,238.9600067138672,237.35875129699707,238.09014859643125,237.78237031228343,1.1776364015837544,0,1.2934771327223018,0.869858117435939,1.6012554168701172,238.9600067138672,237.78237031228343,239.07584744500573,238.65222842971937,239.38362572915355,,,,,42007,1.2934771327223018,,,,,,,1.3507429946299891,1.675154571533203,1.1623121161515269,,,,,,,,,,,,,,,
8,4,2,238.27000427246094,42,42008,238.27000427246094,237.80000114440918,238.09014859643125,237.78237031228343,0.4876339601775044,0,0.16222484390394243,0.179855676029689,0.4700031280517578,238.27000427246094,237.78237031228343,237.94459515618738,237.96222598831312,238.2523734403352,,,,,42008,0.16222484390394243,,,,,,,0.21949070581162988,0.5439022827148438,0.031059827333167367,,,,,,,,,,,,,,,
9,4,2,239.00999450683594,42,42009,239.00999450683594,237.82499885559082,238.09014859643125,237.78237031228343,1.2276241945525044,0,0.8772173670973018,0.919845910404689,1.1849956512451172,239.00999450683594,237.78237031228343,238.65958767938073,238.70221622268812,238.96736596352855,,,,,42009,0.8772173670973018,,,,,,,0.9344832290049892,1.258894805908203,0.7460523505265269,,,,,,,,,,,,,,,
10,4,2,238.8000030517578,42,42010,238.8000030517578,237.77375411987305,238.09014859643125,237.78237031228343,1.0176327394743794,0,0.7184706477369502,0.709854455326564,1.0262489318847656,238.8000030517578,237.78237031228343,238.50084096002038,238.49222476761,238.8086192441682,,,,,42010,0.7184706477369502,,,,,,,0.7757365096446376,1.1001480865478515,0.5873056311661753,,,,,,,,,,,,,,,
11,4,2,238.22000122070312,42,42011,238.22000122070312,237.79500198364258,238.09014859643125,237.78237031228343,0.4376309084196919,0,0.11722095291273149,0.1298526242718765,0.4249992370605469,238.22000122070312,237.78237031228343,237.89959126519616,237.9122229365553,238.20736954934398,,,,,42011,0.11722095291273149,,,,,,,0.17448681482041895,0.4988983917236328,-0.01394406365804357,,,,,,,,,,,,,,,
12,4,2,239.10000610351562,42,42012,239.10000610351562,237.82000160217285,238.09014859643125,237.78237031228343,1.3176357912321919,0,0.972226217194958,1.0098575070843765,1.2800045013427734,239.10000610351562,237.78237031228343,238.7545965294784,238.7922278193678,239.0623748136262,,,,,42012,0.972226217194958,,,,,,,1.0294920791026454,1.3539036560058593,0.8410612006241831,,,,,,,,,,,,,,,
13,4,2,239.38999938964844,42,42013,239.38999938964844,238.0974998474121,238.09014859643125,237.78237031228343,1.6076290773650044,0,0.9847212580885127,1.299850793217189,1.2924995422363281,239.38999938964844,237.78237031228343,238.76709157037195,239.08222110550062,239.07486985451976,,,,,42013,0.9847212580885127,,,,,,,1.0419871199962,1.366398696899414,0.8535562415177378,,,,,,,,,,,,,,,
14,4,2,240.44000244140625,42,42014,240.44000244140625,237.29000091552734,238.09014859643125,237.78237031228343,2.657632129122817,0,2.842223241731091,2.3498538449750015,3.1500015258789062,240.44000244140625,237.78237031228343,240.62459355401452,240.13222415725843,240.93237183816234,,,,,42014,2.842223241731091,,,,,,,2.8994891036387784,3.223900680541992,2.7110582251603157,,,,,,,,,,,,,,,
15,4,2,241.0500030517578,42,42015,241.0500030517578,238.42374992370605,238.09014859643125,237.78237031228343,3.2676327394743794,0,2.3184748439039424,2.959854455326564,2.626253128051758,241.0500030517578,237.78237031228343,240.10084515618738,240.74222476761,240.4086234403352,,,,,42015,2.3184748439039424,,,,,,,2.37574070581163,2.7001522827148436,2.1873098273331673,,,,,,,,,,,,,,,
16,4,2,239.1300048828125,42,42016,239.1300048828125,237.71875190734863,238.09014859643125,237.78237031228343,1.3476345705290669,0,1.1034746913160518,1.0398562863812515,1.4112529754638672,239.1300048828125,237.78237031228343,238.88584500359948,238.82222659866468,239.1936232877473,,,,,42016,1.1034746913160518,,,,,,,1.1607405532237391,1.485152130126953,0.9723096747452769,,,,,,,,,,,,,,,
17,4,2,239.10000610351562,42,42017,239.10000610351562,238.00875091552734,238.09014859643125,237.78237031228343,1.3176357912321919,0,0.7834769038404659,1.0098575070843765,1.0912551879882812,239.10000610351562,237.78237031228343,238.5658472161239,238.7922278193678,238.87362550027171,,,,,42017,0.7834769038404659,,,,,,,0.8407427657481532,1.165154342651367,0.6523118872696909,,,,,,,,,,,,,,,
18,4,2,240.2100067138672,42,42018,240.2100067138672,237.62374877929687,238.09014859643125,237.78237031228343,2.4276364015837544,0,2.278479650422497,2.119858117435939,2.5862579345703125,240.2100067138672,237.78237031228343,240.06084996270593,239.90222842971937,240.36862824685375,,,,,42018,2.278479650422497,,,,,,,2.3357455123301847,2.6601570892333983,2.147314633851722,,,,,,,,,,,,,,,
19,4,2,239.1199951171875,42,42019,239.1199951171875,237.7199993133545,238.09014859643125,237.78237031228343,1.3376248049040669,0,1.0922175196851924,1.0298465207562515,1.3999958038330078,239.1199951171875,237.78237031228343,238.87458783196863,238.81221683303968,239.18236611611644,,,,,42019,1.0922175196851924,,,,,,,1.1494833815928798,1.4738949584960936,0.9610525031144175,,,,,,,,,,,,,,,
20,4,2,238.9199981689453,42,42020,238.9199981689453,237.57000160217285,238.09014859643125,237.78237031228343,1.1376278566618794,0,1.0422182826246456,0.829849572514064,1.349996566772461,238.9199981689453,237.78237031228343,238.82458859490808,238.6122198847975,239.1323668790559,,,,,42020,1.0422182826246456,,,,,,,1.099484144532333,1.4238957214355468,0.9110532660538706,,,,,,,,,,,,,,,
21,4,2,239.77999877929687,42,42021,239.77999877929687,237.69250106811523,238.09014859643125,237.78237031228343,1.9976284670134419,0,1.7797194270338252,1.6898501828656265,2.0874977111816406,239.77999877929687,237.78237031228343,239.56208973931726,239.47222049514906,239.86986802346507,,,,,42021,1.7797194270338252,,,,,,,1.8369852889415126,2.1613968658447265,1.64855441046305,,,,,,,,,,,,,,,
22,4,2,238.35000610351562,42,42022,238.35000610351562,237.7037525177002,238.09014859643125,237.78237031228343,0.5676357912321919,0,0.3384753016676143,0.2598575070843765,0.6462535858154297,238.35000610351562,237.78237031228343,238.12084561395105,238.0422278193678,238.42862389809886,,,,,42022,0.3384753016676143,,,,,,,0.39574116357530176,0.7201527404785156,0.2073102850968393,,,,,,,,,,,,,,,
23,4,2,238.60000610351562,42,42023,238.60000610351562,237.67500114440918,238.09014859643125,237.78237031228343,0.8176357912321919,0,0.6172266749586299,0.5098575070843765,0.9250049591064453,238.60000610351562,237.78237031228343,238.39959698724206,238.2922278193678,238.70737527138988,,,,,42023,0.6172266749586299,,,,,,,0.6744925368663173,0.9989041137695311,0.4860616583878549,,,,,,,,,,,,,,,
24,4,2,238.82000732421875,42,42024,238.82000732421875,237.81250190734863,238.09014859643125,237.78237031228343,1.0376370119353169,0,0.6997271327223018,0.7298587277875015,1.0075054168701172,238.82000732421875,237.78237031228343,238.48209744500573,238.51222904007093,238.78987572915355,,,,,42024,0.6997271327223018,,,,,,,0.7569929946299892,1.081404571533203,0.5685621161515269,,,,,,,,,,,,,,,
25,4,2,238.3000030517578,42,42025,238.3000030517578,237.72904667050517,238.09014859643125,237.78237031228343,0.5176327394743794,0,0.2631780971048272,0.209854455326564,0.5709563812526426,238.3000030517578,237.78237031228343,238.04554840938826,237.99222476761,238.35332669353608,,,,,42025,0.2631780971048272,,,,,,,0.32044395901251466,0.6448555359157285,0.1320130805340522,,,,,,,,,,,,,,,
26,4,2,236.27000427246094,42,42026,236.27000427246094,237.86124992370605,238.09014859643125,237.78237031228343,-1.5123660398224956,0,-1.8990239353929326,-1.820144323970311,-1.5912456512451172,236.27000427246094,237.78237031228343,235.8833463768905,235.96222598831312,236.19112466103832,,,,,42026,-1.8990239353929326,,,,,,,-1.8417580734852452,-1.5173464965820314,-2.0301889519637077,,,,,,,,,,,,,,,
27,4,2,236.8800048828125,42,42027,236.8800048828125,237.9412498474121,238.09014859643125,237.78237031228343,-0.9023654294709331,0,-1.3690232487474248,-1.2101437136187485,-1.0612449645996094,236.8800048828125,237.78237031228343,236.413347063536,236.57222659866468,236.72112534768382,,,,,42027,-1.3690232487474248,,,,,,,-1.3117573868397374,-0.9873458099365235,-1.5001882653181997,,,,,,,,,,,,,,,
28,4,2,237.25999450683594,42,42028,237.25999450683594,238.30749702453613,238.09014859643125,237.78237031228343,-0.5223758054474956,0,-1.3552808018480107,-0.830154089595311,-1.0475025177001953,237.25999450683594,237.78237031228343,236.42708951043542,236.95221622268812,236.73486779458324,,,,,42028,-1.3552808018480107,,,,,,,-1.2980149399403234,-0.9736033630371095,-1.4864458184187856,,,,,,,,,,,,,,,
29,4,2,237.10000610351562,42,42029,237.10000610351562,237.5500030517578,238.09014859643125,237.78237031228343,-0.6823642087678081,0,-0.7577752323900029,-0.9901424929156235,-0.4499969482421875,237.10000610351562,237.78237031228343,237.02459507989343,236.7922278193678,237.33237336404125,,,,,42029,-0.7577752323900029,,,,,,,-0.7005093704823155,-0.3760977935791016,-0.8889402489607778,,,,,,,,,,,,,,,
30,4,2,236.4199981689453,42,42030,236.4199981689453,238.1862506866455,238.09014859643125,237.78237031228343,-1.3623721433381206,0,-2.0740308018480107,-1.670150427485936,-1.7662525177001953,236.4199981689453,237.78237031228343,235.70833951043542,236.1122198847975,236.01611779458324,,,,,42030,-2.0740308018480107,,,,,,,-2.016764939940323,-1.6923533630371095,-2.205195818418786,,,,,,,,,,,,,,,
31,4,2,236.10000610351562,42,42031,236.10000610351562,237.5887508392334,238.09014859643125,237.78237031228343,-1.6823642087678081,0,-1.7965230198655888,-1.9901424929156235,-1.4887447357177734,236.10000610351562,237.78237031228343,235.98584729241784,235.7922278193678,236.29362557656566,,,,,42031,-1.7965230198655888,,,,,,,-1.7392571579579015,-1.4148455810546876,-1.9276880364363638,,,,,,,,,,,,,,,
32,4,2,236.6199951171875,42,42032,236.6199951171875,237.81749725341797,238.09014859643125,237.78237031228343,-1.1623751950959331,0,-1.5052804203782841,-1.4701534792437485,-1.1975021362304687,236.6199951171875,237.78237031228343,236.27708989190515,236.31221683303968,236.58486817605296,,,,,42032,-1.5052804203782841,,,,,,,-1.4480145584705968,-1.123602981567383,-1.636445436949059,,,,,,,,,,,,,,,
33,4,2,235.64999389648437,42,42033,235.64999389648437,238.20374870300293,238.09014859643125,237.78237031228343,-2.132376415799058,0,-2.86153309066637,-2.4401546999468735,-2.5537548065185547,235.64999389648437,237.78237031228343,234.92083722161706,235.34221561233656,235.22861550576488,,,,,42033,-2.86153309066637,,,,,,,-2.8042672287586825,-2.479855651855469,-2.9926981072371452,,,,,,,,,,,,,,,
34,4,2,235.8800048828125,42,42034,235.8800048828125,238.10624885559082,238.09014859643125,237.78237031228343,-1.9023654294709331,0,-2.5340222569261357,-2.2101437136187485,-2.2262439727783203,235.8800048828125,237.78237031228343,235.2483480553573,235.57222659866468,235.5561263395051,,,,,42034,-2.5340222569261357,,,,,,,-2.476756395018448,-2.1523448181152345,-2.665187273496911,,,,,,,,,,,,,,,
35,4,2,236.33999633789063,42,42035,236.33999633789063,237.7324981689453,238.09014859643125,237.78237031228343,-1.4423739743928081,0,-1.7002801152025029,-1.7501522585406235,-1.3925018310546875,236.33999633789063,237.78237031228343,236.08209019708093,236.0322180537428,236.38986848122875,,,,,42035,-1.7002801152025029,,,,,,,-1.6430142532948155,-1.3186026763916017,-1.8314451317732778,,,,,,,,,,,,,,,
36,4,2,236.41000366210937,42,42036,236.41000366210937,237.7824993133545,238.09014859643125,237.78237031228343,-1.3723666501740581,0,-1.6802739353929326,-1.6801449343218735,-1.3724956512451172,236.41000366210937,237.78237031228343,236.1020963768905,236.10222537796156,236.40987466103832,,,,,42036,-1.6802739353929326,,,,,,,-1.6230080734852452,-1.2985964965820314,-1.8114389519637075,,,,,,,,,,,,,,,
37,4,2,238.4199981689453,42,42037,238.4199981689453,237.78874969482422,238.09014859643125,237.78237031228343,0.6376278566618794,0,0.32347018997327837,0.329849572514064,0.6312484741210938,238.4199981689453,237.78237031228343,238.1058405022567,238.1122198847975,238.41361878640453,,,,,42037,0.32347018997327837,,,,,,,0.3807360518809658,0.7051476287841797,0.19230517340250336,,,,,,,,,,,,,,,
38,4,2,236.3300018310547,42,42038,236.3300018310547,237.7800006866455,238.09014859643125,237.78237031228343,-1.4523684812287456,0,-1.7577771397386357,-1.760146765376561,-1.4499988555908203,236.3300018310547,237.78237031228343,236.0245931725448,236.02222354690687,236.3323714566926,,,,,42038,-1.7577771397386357,,,,,,,-1.7005112778309484,-1.3760997009277345,-1.8889421563094106,,,,,,,,,,,,,,,
39,4,2,235.88999938964844,42,42039,235.88999938964844,237.7012481689453,238.09014859643125,237.78237031228343,-1.8923709226349956,0,-2.1190270634446904,-2.200149206782811,-1.811248779296875,235.88999938964844,237.78237031228343,235.66334324883874,235.58222110550062,235.97112153298656,,,,,42039,-2.1190270634446904,,,,,,,-2.061761201537003,-1.7373496246337892,-2.2501920800154656,,,,,,,,,,,,,,,
40,4,2,239.10000610351562,42,42040,239.10000610351562,238.24809044184036,238.09014859643125,237.78237031228343,1.3176357912321919,0,0.5441373775274485,1.0098575070843765,0.8519156616752639,239.10000610351562,237.78237031228343,238.32650768981088,238.7922278193678,238.6342859739587,,,,,42040,0.5441373775274485,,,,,,,0.6014032394351359,0.9258148163383497,0.4129723609566735,,,,,,,,,,,,,,,
41,4,2,236.3800048828125,42,42041,236.3800048828125,238.13125038146973,238.09014859643125,237.78237031228343,-1.4023654294709331,0,-2.059023782805042,-1.7101437136187485,-1.7512454986572266,236.3800048828125,237.78237031228343,235.7233465294784,236.07222659866468,236.0311248136262,,,,,42041,-2.059023782805042,,,,,,,-2.0017579208973544,-1.6773463439941407,-2.190188799375817,,,,,,,,,,,,,,,
42,4,2,240.3800048828125,42,42042,240.3800048828125,237.57875061035156,238.09014859643125,237.78237031228343,2.597634570529067,0,2.493475988313122,2.2898562863812515,2.8012542724609375,240.3800048828125,237.78237031228343,240.27584630059656,240.07222659866468,240.58362458474437,,,,,42042,2.493475988313122,,,,,,,2.5507418502208097,2.8751534271240233,2.362310971742347,,,,,,,,,,,,,,,
43,4,2,240.8300018310547,42,42043,240.8300018310547,238.16875076293945,238.09014859643125,237.78237031228343,3.0476315187712544,0,2.353472783967419,2.739853234623439,2.6612510681152344,240.8300018310547,237.78237031228343,240.13584309625085,240.52222354690687,240.44362138039867,,,,,42043,2.353472783967419,,,,,,,2.4107386458751066,2.73515022277832,2.222307767396644,,,,,,,,,,,,,,,
44,4,2,239.24000549316406,42,42044,239.24000549316406,237.55500030517578,238.09014859643125,237.78237031228343,1.4576351808806294,0,1.3772269038404659,1.149856896732814,1.6850051879882812,239.24000549316406,237.78237031228343,239.1595972161239,238.93222720901625,239.46737550027171,,,,,42044,1.3772269038404659,,,,,,,1.4344927657481532,1.758904342651367,1.246061887269691,,,,,,,,,,,,,,,
45,4,2,239.19000244140625,42,42045,239.19000244140625,237.87750244140625,238.09014859643125,237.78237031228343,1.4076321291228169,0,1.0047217158521846,1.0998538449750015,1.3125,239.19000244140625,237.78237031228343,238.78709202813562,238.88222415725843,239.09487031228343,,,,,42045,1.0047217158521846,,,,,,,1.061987577759872,1.3863991546630858,0.8735566992814097,,,,,,,,,,,,,,,
46,4,2,239.02000427246094,42,42046,239.02000427246094,237.68999862670898,238.09014859643125,237.78237031228343,1.2376339601775044,0,1.0222273616041377,0.929855676029689,1.3300056457519531,239.02000427246094,237.78237031228343,238.80459767388757,238.71222598831312,239.1123759580354,,,,,42046,1.0222273616041377,,,,,,,1.079493223511825,1.403904800415039,0.8910623450333628,,,,,,,,,,,,,,,
47,4,2,238.3699951171875,42,42047,238.3699951171875,237.30124855041504,238.09014859643125,237.78237031228343,0.5876248049040669,0,0.7609682826246456,0.2798465207562515,1.068746566772461,238.3699951171875,237.78237031228343,238.54333859490808,238.06221683303968,238.8511168790559,,,,,42047,0.7609682826246456,,,,,,,0.8182341445323329,1.1426457214355468,0.6298032660538706,,,,,,,,,,,,,,,
48,4,2,238.1300048828125,42,42048,238.1300048828125,237.75125122070312,238.09014859643125,237.78237031228343,0.3476345705290669,0,0.07097537796155962,0.03985628638125149,0.378753662109375,238.1300048828125,237.78237031228343,237.853345690245,237.82222659866468,238.1611239743928,,,,,42048,0.07097537796155962,,,,,,,0.12824123986924707,0.45265281677246094,-0.060189638609215446,,,,,,,,,,,,,,,
49,4,2,239.7899932861328,42,42049,239.7899932861328,237.63250160217285,238.09014859643125,237.78237031228343,2.0076229738493794,0,1.8497133998121456,1.699844689701564,2.157491683959961,239.7899932861328,237.78237031228343,239.63208371209558,239.482215001985,239.9398619962434,,,,,42049,1.8497133998121456,,,,,,,1.906979261719833,2.2313908386230468,1.7185483832413704,,,,,,,,,,,,,,,
50,4,2,238.35000610351562,42,42050,238.35000610351562,237.75500106811523,238.09014859643125,237.78237031228343,0.5676357912321919,0,0.28722675125257524,0.2598575070843765,0.5950050354003906,238.35000610351562,237.78237031228343,238.069597063536,238.0422278193678,238.37737534768382,,,,,42050,0.28722675125257524,,,,,,,0.3444926131602627,0.6689041900634766,0.15606173468180023,,,,,,,,,,,,,,,
51,4,2,238.25999450683594,42,42051,238.25999450683594,237.72875213623047,238.09014859643125,237.78237031228343,0.4776241945525044,0,0.22346408645765337,0.169845910404689,0.5312423706054688,238.25999450683594,237.78237031228343,238.0058343987411,237.95221622268812,238.3136126828889,,,,,42051,0.22346408645765337,,,,,,,0.2807299483653408,0.6051415252685547,0.0922990698868783,,,,,,,,,,,,,,,
52,4,2,239.94000244140625,42,42052,239.94000244140625,237.8375015258789,238.09014859643125,237.78237031228343,2.157632129122817,0,1.7947226313795284,1.8498538449750015,2.1025009155273437,239.94000244140625,237.78237031228343,239.57709294366296,239.63222415725843,239.88487122781078,,,,,42052,1.7947226313795284,,,,,,,1.8519884932872157,2.1764000701904296,1.6635576148087532,,,,,,,,,,,,,,,
53,4,2,239.88999938964844,42,42053,239.88999938964844,237.29124641418457,238.09014859643125,237.78237031228343,2.1076290773650044,0,2.290974691316052,1.799850793217189,2.598752975463867,239.88999938964844,237.78237031228343,240.07334500359948,239.58222110550062,240.3811232877473,,,,,42053,2.290974691316052,,,,,,,2.3482405532237394,2.672652130126953,2.1598096747452766,,,,,,,,,,,,,,,
54,4,2,239.6999969482422,42,42054,239.6999969482422,238.30249786376953,238.09014859643125,237.78237031228343,1.9176266359587544,0,1.0897208003248409,1.609848351810939,1.3974990844726563,239.6999969482422,237.78237031228343,238.87209111260827,239.39221866409437,239.1798693967561,,,,,42054,1.0897208003248409,,,,,,,1.1469866622325282,1.471398239135742,0.9585557837540659,,,,,,,,,,,,,,,
55,4,2,238.67999267578125,42,42055,238.67999267578125,237.54749870300293,238.09014859643125,237.78237031228343,0.8976223634978169,0,0.8247156886305049,0.5898440793500015,1.1324939727783203,238.67999267578125,237.78237031228343,238.60708600091394,238.37221439163343,238.91486428506175,,,,,42055,0.8247156886305049,,,,,,,0.8819815505381923,1.2063931274414061,0.69355067205973,,,,,,,,,,,,,,,
56,4,2,239.64999389648437,42,42056,239.64999389648437,237.86374855041504,238.09014859643125,237.78237031228343,1.8676235842009419,0,1.4784670619215206,1.5598453000531265,1.786245346069336,239.64999389648437,237.78237031228343,239.26083737420495,239.34221561233656,239.56861565835277,,,,,42056,1.4784670619215206,,,,,,,1.535732923829208,1.8601445007324218,1.3473020453507456,,,,,,,,,,,,,,,
57,4,2,238.35000610351562,42,42057,238.35000610351562,237.60000038146973,238.09014859643125,237.78237031228343,0.5676357912321919,0,0.44222743789808305,0.2598575070843765,0.7500057220458984,238.35000610351562,237.78237031228343,238.22459775018152,238.0422278193678,238.53237603432933,,,,,42057,0.44222743789808305,,,,,,,0.4994932998057705,0.8239048767089844,0.31106242132730805,,,,,,,,,,,,,,,
58,4,2,238.16000366210937,42,42058,238.16000366210937,238.00625038146973,238.09014859643125,237.78237031228343,0.3776333498259419,0,-0.15402500350816695,0.0698550656781265,0.15375328063964844,238.16000366210937,237.78237031228343,237.62834530877527,237.85222537796156,237.93612359292308,,,,,42058,-0.15402500350816695,,,,,,,-0.0967591416004795,0.22765243530273438,-0.285190020078942,,,,,,,,,,,,,,,
59,4,2,238.94000244140625,42,42059,238.94000244140625,237.73624992370605,238.09014859643125,237.78237031228343,1.1576321291228169,0,0.8959742335523799,0.8498538449750015,1.2037525177001953,238.94000244140625,237.78237031228343,238.6783445458358,238.63222415725843,238.98612282998363,,,,,42059,0.8959742335523799,,,,,,,0.9532400954600673,1.2776516723632811,0.764809216981605,,,,,,,,,,,,,,,
60,4,2,237.91000366210937,42,42060,237.91000366210937,237.47250175476074,238.09014859643125,237.78237031228343,0.12763334982594188,0,0.12972362320081743,-0.1801449343218735,0.4375019073486328,237.91000366210937,237.78237031228343,237.91209393548425,237.60222537796156,238.21987221963207,,,,,42060,0.12972362320081743,,,,,,,0.18698948510850488,0.5114010620117188,-0.0014413933699576331,,,,,,,,,,,,,,,
61,4,2,238.6999969482422,42,42061,238.6999969482422,237.87499809265137,238.09014859643125,237.78237031228343,0.9176266359587544,0,0.5172205714430049,0.609848351810939,0.8249988555908203,238.6999969482422,237.78237031228343,238.29959088372644,238.39221866409437,238.60736916787425,,,,,42061,0.5172205714430049,,,,,,,0.5744864333506923,0.8988980102539061,0.3860555548722299,,,,,,,,,,,,,,,
62,4,2,238.10000610351562,42,42062,238.10000610351562,237.4537525177002,238.09014859643125,237.78237031228343,0.3176357912321919,0,0.3384753016676143,0.009857507084376493,0.6462535858154297,238.10000610351562,237.78237031228343,238.12084561395105,237.7922278193678,238.42862389809886,,,,,42062,0.3384753016676143,,,,,,,0.39574116357530176,0.7201527404785156,0.2073102850968393,,,,,,,,,,,,,,,
63,4,2,239.02999877929687,42,42063,239.02999877929687,237.59249877929687,238.09014859643125,237.78237031228343,1.2476284670134419,0,1.1297217158521846,0.9398501828656265,1.4375,239.02999877929687,237.78237031228343,238.91209202813562,238.72222049514906,239.21987031228343,,,,,42063,1.1297217158521846,,,,,,,1.186987577759872,1.5113991546630858,0.9985566992814097,,,,,,,,,,,,,,,
64,4,2,240.41000366210937,42,42064,240.41000366210937,238.1437473297119,238.09014859643125,237.78237031228343,2.627633349825942,0,1.9584780482496456,2.3198550656781265,2.266256332397461,240.41000366210937,237.78237031228343,239.74084836053308,240.10222537796156,240.0486266446809,,,,,42064,1.9584780482496456,,,,,,,2.015743910157333,2.3401554870605468,1.8273130316788704,,,,,,,,,,,,,,,
65,4,2,239.9600067138672,42,42065,239.9600067138672,237.4112491607666,238.09014859643125,237.78237031228343,2.1776364015837544,0,2.2409792689527706,1.869858117435939,2.548757553100586,239.9600067138672,237.78237031228343,240.0233495812362,239.65222842971937,240.33112786538402,,,,,42065,2.2409792689527706,,,,,,,2.298245130860458,2.6226567077636718,2.1098142523819954,,,,,,,,,,,,,,,
66,4,2,239.44000244140625,42,42066,239.44000244140625,238.07999992370605,238.09014859643125,237.78237031228343,1.6576321291228169,0,1.05222423355238,1.3498538449750015,1.3600025177001953,239.44000244140625,237.78237031228343,238.8345945458358,239.13222415725843,239.14237282998363,,,,,42066,1.05222423355238,,,,,,,1.1094900954600673,1.4339016723632811,0.921059216981605,,,,,,,,,,,,,,,
67,4,2,238.6199951171875,42,42067,238.6199951171875,237.49999809265137,238.09014859643125,237.78237031228343,0.8376248049040669,0,0.8122187403883174,0.5298465207562515,1.1199970245361328,238.6199951171875,237.78237031228343,238.59458905267175,238.31221683303968,238.90236733681957,,,,,42067,0.8122187403883174,,,,,,,0.8694846022960048,1.1938961791992186,0.6810537238175425,,,,,,,,,,,,,,,
68,4,2,238.5500030517578,42,42068,238.5500030517578,237.77625274658203,238.09014859643125,237.78237031228343,0.7676327394743794,0,0.46597202102796587,0.459854455326564,0.7737503051757813,238.5500030517578,237.78237031228343,238.2483423333114,238.24222476761,238.55612061745921,,,,,42068,0.46597202102796587,,,,,,,0.5232378829356533,0.8476494598388672,0.33480700445719086,,,,,,,,,,,,,,,
69,4,2,237.7823703122834,42,42069,237.7823703122834,237.1733899352215,238.09014859643125,237.78237031228343,-0.00000000000002842170943040401,0,0.30120209291408173,-0.3077782841478438,0.6089803770618971,237.7823703122834,237.78237031228343,238.08357240519751,237.4745920281356,238.39135068934533,,,,,42069,0.30120209291408173,,,,,,,0.3584679548217692,0.6828795317249831,0.17003707634330673,,,,,,,,,,,,,,,
70,4,2,237.35000610351562,42,42070,237.35000610351562,238.16000175476074,238.09014859643125,237.78237031228343,-0.4323642087678081,0,-1.1177739353929326,-0.7401424929156235,-0.8099956512451172,237.35000610351562,237.78237031228343,236.6645963768905,237.0422278193678,236.97237466103832,,,,,42070,-1.1177739353929326,,,,,,,-1.0605080734852452,-0.7360964965820314,-1.2489389519637075,,,,,,,,,,,,,,,
71,4,2,235.82000732421875,42,42071,235.82000732421875,237.4950008392334,238.09014859643125,237.78237031228343,-1.9623629880646831,0,-1.9827717991624638,-2.2701412722124985,-1.6749935150146484,235.82000732421875,237.78237031228343,235.79959851312097,235.51222904007093,236.10737679726878,,,,,42071,-1.9827717991624638,,,,,,,-1.9255059372547765,-1.6010943603515626,-2.113936815733239,,,,,,,,,,,,,,,
72,4,2,236.5,42,42072,236.5,237.99374961853027,238.09014859643125,237.78237031228343,-1.2823703122834331,0,-1.8015279026780888,-1.5901485964312485,-1.4937496185302734,236.5,237.78237031228343,235.98084240960534,236.19222171585218,236.28862069375316,,,,,42072,-1.8015279026780888,,,,,,,-1.7442620407704015,-1.4198504638671876,-1.9326929192488638,,,,,,,,,,,,,,,
73,4,2,237.44000244140625,42,42073,237.44000244140625,237.81625175476074,238.09014859643125,237.78237031228343,-0.3423678708771831,0,-0.6840275975023076,-0.6501461550249985,-0.3762493133544922,237.44000244140625,237.78237031228343,237.09834271478113,237.13222415725843,237.40612099892894,,,,,42073,-0.6840275975023076,,,,,,,-0.6267617355946202,-0.3023501586914063,-0.8151926140730826,,,,,,,,,,,,,,,
74,4,2,235.92999267578125,42,42074,235.92999267578125,237.46249771118164,238.09014859643125,237.78237031228343,-1.8523776365021831,0,-1.840283319548206,-2.1601559206499985,-1.5325050354003906,235.92999267578125,237.78237031228343,235.94208699273523,235.62221439163343,236.24986527688304,,,,,42074,-1.840283319548206,,,,,,,-1.7830174576405187,-1.4586058807373048,-1.971448336118981,,,,,,,,,,,,,,,
75,4,2,236.86000061035156,42,42075,236.86000061035156,237.97875213623047,238.09014859643125,237.78237031228343,-0.9223697019318706,0,-1.4265298100267216,-1.230147986079686,-1.1187515258789063,236.86000061035156,237.78237031228343,236.3558405022567,236.55222232620375,236.66361878640453,,,,,42075,-1.4265298100267216,,,,,,,-1.3692639481190343,-1.0448523712158204,-1.5576948265974966,,,,,,,,,,,,,,,
76,4,2,237,42,42076,237,237.85000038146973,238.09014859643125,237.78237031228343,-0.7823703122834331,0,-1.157778665617542,-1.0901485964312485,-0.8500003814697266,237,237.78237031228343,236.6245916466659,236.69222171585218,236.9323699308137,,,,,42076,-1.157778665617542,,,,,,,-1.1005128037098546,-0.7761012268066407,-1.288943682188317,,,,,,,,,,,,,,,
77,4,2,237.1999969482422,42,42077,237.1999969482422,238.25,238.09014859643125,237.78237031228343,-0.5823733640412456,0,-1.3577813359056279,-0.890151648189061,-1.0500030517578125,237.1999969482422,237.78237031228343,236.4245889763778,236.89221866409437,236.73236726052562,,,,,42077,-1.3577813359056279,,,,,,,-1.3005154739979405,-0.9761038970947267,-1.4889463524764028,,,,,,,,,,,,,,,
78,4,2,237,42,42078,237,238.08250045776367,238.09014859643125,237.78237031228343,-0.7823703122834331,0,-1.3902787419114873,-1.0901485964312485,-1.0825004577636719,237,237.78237031228343,236.39209157037195,236.69222171585218,236.69986985451976,,,,,42078,-1.3902787419114873,,,,,,,-1.3330128800038,-1.008601303100586,-1.5214437584822622,,,,,,,,,,,,,,,
79,4,2,236.10000610351562,42,42079,236.10000610351562,237.1425018310547,238.09014859643125,237.78237031228343,-1.6823642087678081,0,-1.3502740116868779,-1.9901424929156235,-1.0424957275390625,236.10000610351562,237.78237031228343,236.43209630059656,235.7922278193678,236.73987458474437,,,,,42079,-1.3502740116868779,,,,,,,-1.2930081497791905,-0.9685965728759767,-1.4814390282576528,,,,,,,,,,,,,,,
80,4,2,236.6199951171875,42,42080,236.6199951171875,238.05749893188477,238.09014859643125,237.78237031228343,-1.1623751950959331,0,-1.745282098845081,-1.4701534792437485,-1.4375038146972656,236.6199951171875,237.78237031228343,236.03708821343835,236.31221683303968,236.34486649758617,,,,,42080,-1.745282098845081,,,,,,,-1.6880162369373937,-1.3636046600341798,-1.876447115415856,,,,,,,,,,,,,,,
81,4,2,237.3000030517578,42,42081,237.3000030517578,237.87625122070312,238.09014859643125,237.78237031228343,-0.4823672605256206,0,-0.8840264530931279,-0.790145544673436,-0.5762481689453125,237.3000030517578,237.78237031228343,236.8983438591903,236.99222476761,237.20612214333812,,,,,42081,-0.8840264530931279,,,,,,,-0.8267605911854405,-0.5023490142822267,-1.0151914696639028,,,,,,,,,,,,,,,
82,4,2,236.1999969482422,42,42082,236.1999969482422,237.49999809265137,238.09014859643125,237.78237031228343,-1.5823733640412456,0,-1.607779428556995,-1.890151648189061,-1.3000011444091797,236.1999969482422,237.78237031228343,236.17459088372644,235.89221866409437,236.48236916787425,,,,,42082,-1.607779428556995,,,,,,,-1.5505135666493077,-1.2261019897460939,-1.73894444512777,,,,,,,,,,,,,,,
83,4,2,237.24000549316406,42,42083,237.24000549316406,237.82250213623047,238.09014859643125,237.78237031228343,-0.5423648191193706,0,-0.8902749272142216,-0.850143103267186,-0.5824966430664063,237.24000549316406,237.78237031228343,236.8920953850692,236.93222720901625,237.19987366921703,,,,,42083,-0.8902749272142216,,,,,,,-0.8330090653065343,-0.5085974884033204,-1.0214399437849966,,,,,,,,,,,,,,,
84,4,2,237.17999267578125,42,42084,237.17999267578125,237.66309135736773,238.09014859643125,237.78237031228343,-0.6023776365021831,0,-0.7908769657342987,-0.9101559206499985,-0.4830986815864833,237.17999267578125,237.78237031228343,236.99149334654913,236.87221439163343,237.29927163069695,,,,,42084,-0.7908769657342987,,,,,,,-0.7336111038266113,-0.4091995269233974,-0.9220419823050736,,,,,,,,,,,,,,,
85,4,2,236.3300018310547,42,42085,236.3300018310547,237.7375030517578,238.09014859643125,237.78237031228343,-1.4523684812287456,0,-1.7152795048509404,-1.760146765376561,-1.407501220703125,236.3300018310547,237.78237031228343,236.0670908074325,236.02222354690687,236.3748690915803,,,,,42085,-1.7152795048509404,,,,,,,-1.658013642943253,-1.3336020660400392,-1.8464445214217153,,,,,,,,,,,,,,,
86,4,2,237.02000427246094,42,42086,237.02000427246094,237.9612522125244,238.09014859643125,237.78237031228343,-0.7623660398224956,0,-1.249026224211292,-1.070144323970311,-0.9412479400634766,237.02000427246094,237.78237031228343,236.53334408807214,236.71222598831312,236.84112237221996,,,,,42086,-1.249026224211292,,,,,,,-1.1917603623036046,-0.8673487854003907,-1.380191240782067,,,,,,,,,,,,,,,
87,4,2,237.25999450683594,42,42087,237.25999450683594,237.7824993133545,238.09014859643125,237.78237031228343,-0.5223758054474956,0,-0.8302830906663701,-0.830154089595311,-0.5225048065185547,237.25999450683594,237.78237031228343,236.95208722161706,236.95221622268812,237.25986550576488,,,,,42087,-0.8302830906663701,,,,,,,-0.7730172287586827,-0.4486056518554688,-0.961448107237145,,,,,,,,,,,,,,,
88,4,2,237.0399932861328,42,42088,237.0399932861328,238.04999923706055,238.09014859643125,237.78237031228343,-0.7423770261506206,0,-1.3177842350755498,-1.050155310298436,-1.0100059509277344,237.0399932861328,237.78237031228343,236.46458607720788,236.732215001985,236.7723643613557,,,,,42088,-1.3177842350755498,,,,,,,-1.2605183731678624,-0.9361067962646485,-1.4489492516463247,,,,,,,,,,,,,,,
89,4,2,236.9600067138672,42,42089,236.9600067138672,237.9699993133545,238.09014859643125,237.78237031228343,-0.8223635984162456,0,-1.31777088363512,-1.130141882564061,-1.0099925994873047,236.9600067138672,237.78237031228343,236.4645994286483,236.65222842971937,236.77237771279613,,,,,42089,-1.31777088363512,,,,,,,-1.2605050217274327,-0.9360934448242189,-1.448935900205895,,,,,,,,,,,,,,,
90,4,2,235.7100067138672,42,42090,235.7100067138672,237.40374946594238,238.09014859643125,237.78237031228343,-2.0723635984162456,0,-2.0015210362230107,-2.380141882564061,-1.6937427520751953,235.7100067138672,237.78237031228343,235.78084927606042,235.40222842971937,236.08862756020824,,,,,42090,-2.0015210362230107,,,,,,,-1.9442551743153234,-1.6198435974121095,-2.132686052793786,,,,,,,,,,,,,,,
91,4,2,235.99000549316406,42,42091,235.99000549316406,237.67125129699707,238.09014859643125,237.78237031228343,-1.7923648191193706,0,-1.9890240879808232,-2.100143103267186,-1.6812458038330078,235.99000549316406,237.78237031228343,235.7933462243026,235.68222720901625,236.10112450845043,,,,,42091,-1.9890240879808232,,,,,,,-1.9317582260731359,-1.607346649169922,-2.1201891045515984,,,,,,,,,,,,,,,
92,4,2,237.1199951171875,42,42092,237.1199951171875,237.9162483215332,238.09014859643125,237.78237031228343,-0.6623751950959331,0,-1.1040314884935185,-0.9701534792437485,-0.7962532043457031,237.1199951171875,237.78237031228343,236.67833882378991,236.81221683303968,236.98611710793773,,,,,42092,-1.1040314884935185,,,,,,,-1.0467656265858312,-0.7223540496826173,-1.2351965050642935,,,,,,,,,,,,,,,
93,4,2,237.1300048828125,42,42093,237.1300048828125,236.86500358581543,238.09014859643125,237.78237031228343,-0.6523654294709331,0,-0.04277698715074507,-0.9601437136187485,0.2650012969970703,237.1300048828125,237.78237031228343,237.7395933251327,236.82222659866468,238.0473716092805,,,,,42093,-0.04277698715074507,,,,,,,0.014488874756942369,0.33890045166015625,-0.17394200372152013,,,,,,,,,,,,,,,
94,4,2,236.9199981689453,42,42094,236.9199981689453,237.7887477874756,238.09014859643125,237.78237031228343,-0.8623721433381206,0,-1.1765279026780888,-1.170150427485936,-0.8687496185302734,236.9199981689453,237.78237031228343,236.60584240960534,236.6122198847975,236.91362069375316,,,,,42094,-1.1765279026780888,,,,,,,-1.1192620407704015,-0.7948504638671876,-1.3076929192488638,,,,,,,,,,,,,,,
95,4,2,236.91000366210937,42,42095,236.91000366210937,237.8300018310547,238.09014859643125,237.78237031228343,-0.8723666501740581,0,-1.2277764530931279,-1.1801449343218735,-0.9199981689453125,236.91000366210937,237.78237031228343,236.5545938591903,236.60222537796156,236.86237214333812,,,,,42095,-1.2277764530931279,,,,,,,-1.1705105911854405,-0.8460990142822267,-1.3589414696639028,,,,,,,,,,,,,,,
96,4,2,237.75,42,42096,237.75,237.75000190734863,238.09014859643125,237.78237031228343,-0.03237031228343312,0,-0.3077801914964482,-0.3401485964312485,-0.0000019073486328125,237.75,237.78237031228343,237.47459012078698,237.44222171585218,237.7823684049348,,,,,42096,-0.3077801914964482,,,,,,,-0.25051432958876074,0.07389724731445313,-0.43894520806722326,,,,,,,,,,,,,,,
97,4,2,236.75,42,42097,236.75,237.61750030517578,238.09014859643125,237.78237031228343,-1.0323703122834331,0,-1.1752785893235966,-1.3401485964312485,-0.8675003051757813,236.75,237.78237031228343,236.60709172295984,236.44222171585218,236.91487000710765,,,,,42097,-1.1752785893235966,,,,,,,-1.1180127274159093,-0.7936011505126954,-1.3064436058943716,,,,,,,,,,,,,,,
98,4,2,237.4199981689453,42,42098,237.4199981689453,238.59249877929687,238.09014859643125,237.78237031228343,-0.3623721433381206,0,-1.4802788944993779,-0.670150427485936,-1.1725006103515625,237.4199981689453,237.78237031228343,236.30209141778406,237.1122198847975,236.60986970193187,,,,,42098,-1.4802788944993779,,,,,,,-1.4230130325916905,-1.0986014556884767,-1.6114439110701528,,,,,,,,,,,,,,,
99,4,2,237.7823703122834,42,42099,237.7823703122834,238.17184227289505,238.09014859643125,237.78237031228343,-0.00000000000002842170943040401,0,-0.6972502447594593,-0.3077782841478438,-0.3894719606116439,237.7823703122834,237.78237031228343,237.08512006752397,237.4745920281356,237.3928983516718,,,,,42099,-0.6972502447594593,,,,,,,-0.639984382851772,-0.315572805948558,-0.8284152613302344,,,,,,,,,,,,,,,
100,4,2,240,42,42100,240,238.0587501525879,238.09014859643125,237.78237031228343,2.217629687716567,0,1.633471563264294,1.9098514035687515,1.9412498474121094,240,237.78237031228343,239.41584187554773,239.69222171585218,239.72362015969554,,,,,42100,1.633471563264294,,,,,,,1.6907374251719813,2.015149002075195,1.502306546693519,,,,,,,,,,,,,,,
